M2_POINT_ID,MEASURE_DATETIME,POINT_NAME,POINT_ADDRESS,POINT_DESC,WATER_PRESSURE,DEVICE_TEMPERATURE,REG_TIME,LATITUDE,LONGITUDE
"1,864",7/1/2024 8:00:00,Ankara DMA 1-1,"Çiğdem, 1575. Cadde 43A, 06530Ankara, Ankara,
Ankara Türkiye",description_1,39.35,20,5/10/2024 4:59,39.88765702,32.79979395
"1,865",7/1/2024 8:00:00,Ankara DMA 1-2,"Çiğdem, 1071 Malazgirt Bulvarı, 06530Ankara, Ankara,
Ankara Türkiye",description_2,35.94,9,5/10/2024 4:59,39.888736,32.799528
"1,866",7/1/2024 8:00:00,Ankara DMA 1-3,"Çiğdem, 1591. Sokak 11, 06530Ankara, Ankara,
Ankara Türkiye",description_3,36.16,14,5/10/2024 4:59,39.88429001,32.79584398
"1,867",7/1/2024 8:00:00,Ankara DMA 1-4,"Çiğdem, 1550/1. Cadde 2C, 06530Ankara, Ankara,
Ankara Türkiye",description_4,47.74,14,5/10/2024 4:59,39.88905796,32.79525397
"1,868",7/1/2024 8:00:00,Ankara DMA 1-5,"Çiğdem, 1589. Sokak 16, 06530Ankara, Ankara,
Ankara Türkiye",description_5,46.71,9,5/10/2024 4:59,39.88536496,32.79749503
"1,864",7/1/2024 8:10:00,Ankara DMA 1-1,"Çiğdem, 1575. Cadde 43A, 06530Ankara, Ankara,
Ankara Türkiye",description_1,32.87,20,5/10/2024 4:59,39.88765702,32.79979395
"1,865",7/1/2024 8:10:00,Ankara DMA 1-2,"Çiğdem, 1071 Malazgirt Bulvarı, 06530Ankara, Ankara,
Ankara Türkiye",description_2,33.39,9,5/10/2024 4:59,39.888736,32.799528
"1,866",7/1/2024 8:10:00,Ankara DMA 1-3,"Çiğdem, 1591. Sokak 11, 06530Ankara, Ankara,
Ankara Türkiye",description_3,44.24,14,5/10/2024 4:59,39.88429001,32.79584398
"1,867",7/1/2024 8:10:00,Ankara DMA 1-4,"Çiğdem, 1550/1. Cadde 2C, 06530Ankara, Ankara,
Ankara Türkiye",description_4,32.74,14,5/10/2024 4:59,39.88905796,32.79525397
"1,868",7/1/2024 8:10:00,Ankara DMA 1-5,"Çiğdem, 1589. Sokak 16, 06530Ankara, Ankara,
Ankara Türkiye",description_5,32.37,9,5/10/2024 4:59,39.88536496,32.79749503
"1,864",7/1/2024 8:20:00,Ankara DMA 1-1,"Çiğdem, 1575. Cadde 43A, 06530Ankara, Ankara,
Ankara Türkiye",description_1,31.97,20,5/10/2024 4:59,39.88765702,32.79979395
"1,865",7/1/2024 8:20:00,Ankara DMA 1-2,"Çiğdem, 1071 Malazgirt Bulvarı, 06530Ankara, Ankara,
Ankara Türkiye",description_2,40.71,9,5/10/2024 4:59,39.888736,32.799528
"1,866",7/1/2024 8:20:00,Ankara DMA 1-3,"Çiğdem, 1591. Sokak 11, 06530Ankara, Ankara,
Ankara Türkiye",description_3,31.15,14,5/10/2024 4:59,39.88429001,32.79584398
"1,867",7/1/2024 8:20:00,Ankara DMA 1-4,"Çiğdem, 1550/1. Cadde 2C, 06530Ankara, Ankara,
Ankara Türkiye",description_4,46.25,14,5/10/2024 4:59,39.88905796,32.79525397
"1,868",7/1/2024 8:20:00,Ankara DMA 1-5,"Çiğdem, 1589. Sokak 16, 06530Ankara, Ankara,
Ankara Türkiye",description_5,32.38,9,5/10/2024 4:59,39.88536496,32.79749503
"1,864",7/1/2024 8:30:00,Ankara DMA 1-1,"Çiğdem, 1575. Cadde 43A, 06530Ankara, Ankara,
Ankara Türkiye",description_1,39.3,20,5/10/2024 4:59,39.88765702,32.79979395
"1,865",7/1/2024 8:30:00,Ankara DMA 1-2,"Çiğdem, 1071 Malazgirt Bulvarı, 06530Ankara, Ankara,
Ankara Türkiye",description_2,35.26,9,5/10/2024 4:59,39.888736,32.799528
"1,866",7/1/2024 8:30:00,Ankara DMA 1-3,"Çiğdem, 1591. Sokak 11, 06530Ankara, Ankara,
Ankara Türkiye",description_3,43.28,14,5/10/2024 4:59,39.88429001,32.79584398
"1,867",7/1/2024 8:30:00,Ankara DMA 1-4,"Çiğdem, 1550/1. Cadde 2C, 06530Ankara, Ankara,
Ankara Türkiye",description_4,46.14,14,5/10/2024 4:59,39.88905796,32.79525397
"1,868",7/1/2024 8:30:00,Ankara DMA 1-5,"Çiğdem, 1589. Sokak 16, 06530Ankara, Ankara,
Ankara Türkiye",description_5,31.21,9,5/10/2024 4:59,39.88536496,32.79749503
"1,864",7/1/2024 8:40:00,Ankara DMA 1-1,"Çiğdem, 1575. Cadde 43A, 06530Ankara, Ankara,
Ankara Türkiye",description_1,35.98,20,5/10/2024 4:59,39.88765702,32.79979395
"1,865",7/1/2024 8:40:00,Ankara DMA 1-2,"Çiğdem, 1071 Malazgirt Bulvarı, 06530Ankara, Ankara,
Ankara Türkiye",description_2,34.89,9,5/10/2024 4:59,39.888736,32.799528
"1,866",7/1/2024 8:40:00,Ankara DMA 1-3,"Çiğdem, 1591. Sokak 11, 06530Ankara, Ankara,
Ankara Türkiye",description_3,37.29,14,5/10/2024 4:59,39.88429001,32.79584398
"1,867",7/1/2024 8:40:00,Ankara DMA 1-4,"Çiğdem, 1550/1. Cadde 2C, 06530Ankara, Ankara,
Ankara Türkiye",description_4,36.76,14,5/10/2024 4:59,39.88905796,32.79525397
"1,868",7/1/2024 8:40:00,Ankara DMA 1-5,"Çiğdem, 1589. Sokak 16, 06530Ankara, Ankara,
Ankara Türkiye",description_5,30.54,9,5/10/2024 4:59,39.88536496,32.79749503
"1,864",7/1/2024 8:50:00,Ankara DMA 1-1,"Çiğdem, 1575. Cadde 43A, 06530Ankara, Ankara,
Ankara Türkiye",description_1,43.29,20,5/10/2024 4:59,39.88765702,32.79979395
"1,865",7/1/2024 8:50:00,Ankara DMA 1-2,"Çiğdem, 1071 Malazgirt Bulvarı, 06530Ankara, Ankara,
Ankara Türkiye",description_2,44.77,9,5/10/2024 4:59,39.888736,32.799528
"1,866",7/1/2024 8:50:00,Ankara DMA 1-3,"Çiğdem, 1591. Sokak 11, 06530Ankara, Ankara,
Ankara Türkiye",description_3,41.61,14,5/10/2024 4:59,39.88429001,32.79584398
"1,867",7/1/2024 8:50:00,Ankara DMA 1-4,"Çiğdem, 1550/1. Cadde 2C, 06530Ankara, Ankara,
Ankara Türkiye",description_4,34.52,14,5/10/2024 4:59,39.88905796,32.79525397
"1,868",7/1/2024 8:50:00,Ankara DMA 1-5,"Çiğdem, 1589. Sokak 16, 06530Ankara, Ankara,
Ankara Türkiye",description_5,31.49,9,5/10/2024 4:59,39.88536496,32.79749503
"1,864",7/1/2024 9:00:00,Ankara DMA 1-1,"Çiğdem, 1575. Cadde 43A, 06530Ankara, Ankara,
Ankara Türkiye",description_1,32.34,20,5/10/2024 4:59,39.88765702,32.79979395
"1,865",7/1/2024 9:00:00,Ankara DMA 1-2,"Çiğdem, 1071 Malazgirt Bulvarı, 06530Ankara, Ankara,
Ankara Türkiye",description_2,35.71,9,5/10/2024 4:59,39.888736,32.799528
"1,866",7/1/2024 9:00:00,Ankara DMA 1-3,"Çiğdem, 1591. Sokak 11, 06530Ankara, Ankara,
Ankara Türkiye",description_3,33.49,14,5/10/2024 4:59,39.88429001,32.79584398
"1,867",7/1/2024 9:00:00,Ankara DMA 1-4,"Çiğdem, 1550/1. Cadde 2C, 06530Ankara, Ankara,
Ankara Türkiye",description_4,46.63,14,5/10/2024 4:59,39.88905796,32.79525397
"1,868",7/1/2024 9:00:00,Ankara DMA 1-5,"Çiğdem, 1589. Sokak 16, 06530Ankara, Ankara,
Ankara Türkiye",description_5,48.46,9,5/10/2024 4:59,39.88536496,32.79749503
"1,864",7/1/2024 9:10:00,Ankara DMA 1-1,"Çiğdem, 1575. Cadde 43A, 06530Ankara, Ankara,
Ankara Türkiye",description_1,48.08,20,5/10/2024 4:59,39.88765702,32.79979395
"1,865",7/1/2024 9:10:00,Ankara DMA 1-2,"Çiğdem, 1071 Malazgirt Bulvarı, 06530Ankara, Ankara,
Ankara Türkiye",description_2,43.07,9,5/10/2024 4:59,39.888736,32.799528
"1,866",7/1/2024 9:10:00,Ankara DMA 1-3,"Çiğdem, 1591. Sokak 11, 06530Ankara, Ankara,
Ankara Türkiye",description_3,49.42,14,5/10/2024 4:59,39.88429001,32.79584398
"1,867",7/1/2024 9:10:00,Ankara DMA 1-4,"Çiğdem, 1550/1. Cadde 2C, 06530Ankara, Ankara,
Ankara Türkiye",description_4,30.37,14,5/10/2024 4:59,39.88905796,32.79525397
"1,868",7/1/2024 9:10:00,Ankara DMA 1-5,"Çiğdem, 1589. Sokak 16, 06530Ankara, Ankara,
Ankara Türkiye",description_5,38.89,9,5/10/2024 4:59,39.88536496,32.79749503
"1,864",7/1/2024 9:20:00,Ankara DMA 1-1,"Çiğdem, 1575. Cadde 43A, 06530Ankara, Ankara,
Ankara Türkiye",description_1,40.17,20,5/10/2024 4:59,39.88765702,32.79979395
"1,865",7/1/2024 9:20:00,Ankara DMA 1-2,"Çiğdem, 1071 Malazgirt Bulvarı, 06530Ankara, Ankara,
Ankara Türkiye",description_2,33.94,9,5/10/2024 4:59,39.888736,32.799528
"1,866",7/1/2024 9:20:00,Ankara DMA 1-3,"Çiğdem, 1591. Sokak 11, 06530Ankara, Ankara,
Ankara Türkiye",description_3,42.01,14,5/10/2024 4:59,39.88429001,32.79584398
"1,867",7/1/2024 9:20:00,Ankara DMA 1-4,"Çiğdem, 1550/1. Cadde 2C, 06530Ankara, Ankara,
Ankara Türkiye",description_4,43.52,14,5/10/2024 4:59,39.88905796,32.79525397
"1,868",7/1/2024 9:20:00,Ankara DMA 1-5,"Çiğdem, 1589. Sokak 16, 06530Ankara, Ankara,
Ankara Türkiye",description_5,33.78,9,5/10/2024 4:59,39.88536496,32.79749503
"1,864",7/1/2024 9:30:00,Ankara DMA 1-1,"Çiğdem, 1575. Cadde 43A, 06530Ankara, Ankara,
Ankara Türkiye",description_1,31.46,20,5/10/2024 4:59,39.88765702,32.79979395
"1,865",7/1/2024 9:30:00,Ankara DMA 1-2,"Çiğdem, 1071 Malazgirt Bulvarı, 06530Ankara, Ankara,
Ankara Türkiye",description_2,49.27,9,5/10/2024 4:59,39.888736,32.799528
"1,866",7/1/2024 9:30:00,Ankara DMA 1-3,"Çiğdem, 1591. Sokak 11, 06530Ankara, Ankara,
Ankara Türkiye",description_3,41.22,14,5/10/2024 4:59,39.88429001,32.79584398
"1,867",7/1/2024 9:30:00,Ankara DMA 1-4,"Çiğdem, 1550/1. Cadde 2C, 06530Ankara, Ankara,
Ankara Türkiye",description_4,44.42,14,5/10/2024 4:59,39.88905796,32.79525397
"1,868",7/1/2024 9:30:00,Ankara DMA 1-5,"Çiğdem, 1589. Sokak 16, 06530Ankara, Ankara,
Ankara Türkiye",description_5,32.97,9,5/10/2024 4:59,39.88536496,32.79749503
"1,864",7/1/2024 9:40:00,Ankara DMA 1-1,"Çiğdem, 1575. Cadde 43A, 06530Ankara, Ankara,
Ankara Türkiye",description_1,48.74,20,5/10/2024 4:59,39.88765702,32.79979395
"1,865",7/1/2024 9:40:00,Ankara DMA 1-2,"Çiğdem, 1071 Malazgirt Bulvarı, 06530Ankara, Ankara,
Ankara Türkiye",description_2,37.2,9,5/10/2024 4:59,39.888736,32.799528
"1,866",7/1/2024 9:40:00,Ankara DMA 1-3,"Çiğdem, 1591. Sokak 11, 06530Ankara, Ankara,
Ankara Türkiye",description_3,45.71,14,5/10/2024 4:59,39.88429001,32.79584398
"1,867",7/1/2024 9:40:00,Ankara DMA 1-4,"Çiğdem, 1550/1. Cadde 2C, 06530Ankara, Ankara,
Ankara Türkiye",description_4,34.03,14,5/10/2024 4:59,39.88905796,32.79525397
"1,868",7/1/2024 9:40:00,Ankara DMA 1-5,"Çiğdem, 1589. Sokak 16, 06530Ankara, Ankara,
Ankara Türkiye",description_5,42.65,9,5/10/2024 4:59,39.88536496,32.79749503
"1,864",7/1/2024 9:50:00,Ankara DMA 1-1,"Çiğdem, 1575. Cadde 43A, 06530Ankara, Ankara,
Ankara Türkiye",description_1,45.52,20,5/10/2024 4:59,39.88765702,32.79979395
"1,865",7/1/2024 9:50:00,Ankara DMA 1-2,"Çiğdem, 1071 Malazgirt Bulvarı, 06530Ankara, Ankara,
Ankara Türkiye",description_2,42.64,9,5/10/2024 4:59,39.888736,32.799528
"1,866",7/1/2024 9:50:00,Ankara DMA 1-3,"Çiğdem, 1591. Sokak 11, 06530Ankara, Ankara,
Ankara Türkiye",description_3,32.12,14,5/10/2024 4:59,39.88429001,32.79584398
"1,867",7/1/2024 9:50:00,Ankara DMA 1-4,"Çiğdem, 1550/1. Cadde 2C, 06530Ankara, Ankara,
Ankara Türkiye",description_4,46.85,14,5/10/2024 4:59,39.88905796,32.79525397
"1,868",7/1/2024 9:50:00,Ankara DMA 1-5,"Çiğdem, 1589. Sokak 16, 06530Ankara, Ankara,
Ankara Türkiye",description_5,38.17,9,5/10/2024 4:59,39.88536496,32.79749503
"1,864",7/1/2024 10:00:00,Ankara DMA 1-1,"Çiğdem, 1575. Cadde 43A, 06530Ankara, Ankara,
Ankara Türkiye",description_1,47.5,20,5/10/2024 4:59,39.88765702,32.79979395
"1,865",7/1/2024 10:00:00,Ankara DMA 1-2,"Çiğdem, 1071 Malazgirt Bulvarı, 06530Ankara, Ankara,
Ankara Türkiye",description_2,32.41,9,5/10/2024 4:59,39.888736,32.799528
"1,866",7/1/2024 10:00:00,Ankara DMA 1-3,"Çiğdem, 1591. Sokak 11, 06530Ankara, Ankara,
Ankara Türkiye",description_3,47.68,14,5/10/2024 4:59,39.88429001,32.79584398
"1,867",7/1/2024 10:00:00,Ankara DMA 1-4,"Çiğdem, 1550/1. Cadde 2C, 06530Ankara, Ankara,
Ankara Türkiye",description_4,40.25,14,5/10/2024 4:59,39.88905796,32.79525397
"1,868",7/1/2024 10:00:00,Ankara DMA 1-5,"Çiğdem, 1589. Sokak 16, 06530Ankara, Ankara,
Ankara Türkiye",description_5,38.44,9,5/10/2024 4:59,39.88536496,32.79749503
"1,864",7/1/2024 10:10:00,Ankara DMA 1-1,"Çiğdem, 1575. Cadde 43A, 06530Ankara, Ankara,
Ankara Türkiye",description_1,33.63,20,5/10/2024 4:59,39.88765702,32.79979395
"1,865",7/1/2024 10:10:00,Ankara DMA 1-2,"Çiğdem, 1071 Malazgirt Bulvarı, 06530Ankara, Ankara,
Ankara Türkiye",description_2,32.9,9,5/10/2024 4:59,39.888736,32.799528
"1,866",7/1/2024 10:10:00,Ankara DMA 1-3,"Çiğdem, 1591. Sokak 11, 06530Ankara, Ankara,
Ankara Türkiye",description_3,33.58,14,5/10/2024 4:59,39.88429001,32.79584398
"1,867",7/1/2024 10:10:00,Ankara DMA 1-4,"Çiğdem, 1550/1. Cadde 2C, 06530Ankara, Ankara,
Ankara Türkiye",description_4,37.05,14,5/10/2024 4:59,39.88905796,32.79525397
"1,868",7/1/2024 10:10:00,Ankara DMA 1-5,"Çiğdem, 1589. Sokak 16, 06530Ankara, Ankara,
Ankara Türkiye",description_5,38.59,9,5/10/2024 4:59,39.88536496,32.79749503
"1,864",7/1/2024 10:20:00,Ankara DMA 1-1,"Çiğdem, 1575. Cadde 43A, 06530Ankara, Ankara,
Ankara Türkiye",description_1,43.35,20,5/10/2024 4:59,39.88765702,32.79979395
"1,865",7/1/2024 10:20:00,Ankara DMA 1-2,"Çiğdem, 1071 Malazgirt Bulvarı, 06530Ankara, Ankara,
Ankara Türkiye",description_2,30.08,9,5/10/2024 4:59,39.888736,32.799528
"1,866",7/1/2024 10:20:00,Ankara DMA 1-3,"Çiğdem, 1591. Sokak 11, 06530Ankara, Ankara,
Ankara Türkiye",description_3,38.91,14,5/10/2024 4:59,39.88429001,32.79584398
"1,867",7/1/2024 10:20:00,Ankara DMA 1-4,"Çiğdem, 1550/1. Cadde 2C, 06530Ankara, Ankara,
Ankara Türkiye",description_4,31.84,14,5/10/2024 4:59,39.88905796,32.79525397
"1,868",7/1/2024 10:20:00,Ankara DMA 1-5,"Çiğdem, 1589. Sokak 16, 06530Ankara, Ankara,
Ankara Türkiye",description_5,44,9,5/10/2024 4:59,39.88536496,32.79749503
"1,864",7/1/2024 10:30:00,Ankara DMA 1-1,"Çiğdem, 1575. Cadde 43A, 06530Ankara, Ankara,
Ankara Türkiye",description_1,42.36,20,5/10/2024 4:59,39.88765702,32.79979395
"1,865",7/1/2024 10:30:00,Ankara DMA 1-2,"Çiğdem, 1071 Malazgirt Bulvarı, 06530Ankara, Ankara,
Ankara Türkiye",description_2,39.77,9,5/10/2024 4:59,39.888736,32.799528
"1,866",7/1/2024 10:30:00,Ankara DMA 1-3,"Çiğdem, 1591. Sokak 11, 06530Ankara, Ankara,
Ankara Türkiye",description_3,37.66,14,5/10/2024 4:59,39.88429001,32.79584398
"1,867",7/1/2024 10:30:00,Ankara DMA 1-4,"Çiğdem, 1550/1. Cadde 2C, 06530Ankara, Ankara,
Ankara Türkiye",description_4,32.01,14,5/10/2024 4:59,39.88905796,32.79525397
"1,868",7/1/2024 10:30:00,Ankara DMA 1-5,"Çiğdem, 1589. Sokak 16, 06530Ankara, Ankara,
Ankara Türkiye",description_5,32.05,9,5/10/2024 4:59,39.88536496,32.79749503
"1,864",7/1/2024 10:40:00,Ankara DMA 1-1,"Çiğdem, 1575. Cadde 43A, 06530Ankara, Ankara,
Ankara Türkiye",description_1,40.06,20,5/10/2024 4:59,39.88765702,32.79979395
"1,865",7/1/2024 10:40:00,Ankara DMA 1-2,"Çiğdem, 1071 Malazgirt Bulvarı, 06530Ankara, Ankara,
Ankara Türkiye",description_2,49.52,9,5/10/2024 4:59,39.888736,32.799528
"1,866",7/1/2024 10:40:00,Ankara DMA 1-3,"Çiğdem, 1591. Sokak 11, 06530Ankara, Ankara,
Ankara Türkiye",description_3,31.39,14,5/10/2024 4:59,39.88429001,32.79584398
"1,867",7/1/2024 10:40:00,Ankara DMA 1-4,"Çiğdem, 1550/1. Cadde 2C, 06530Ankara, Ankara,
Ankara Türkiye",description_4,39.59,14,5/10/2024 4:59,39.88905796,32.79525397
"1,868",7/1/2024 10:40:00,Ankara DMA 1-5,"Çiğdem, 1589. Sokak 16, 06530Ankara, Ankara,
Ankara Türkiye",description_5,46.05,9,5/10/2024 4:59,39.88536496,32.79749503
"1,864",7/1/2024 10:50:00,Ankara DMA 1-1,"Çiğdem, 1575. Cadde 43A, 06530Ankara, Ankara,
Ankara Türkiye",description_1,41.12,20,5/10/2024 4:59,39.88765702,32.79979395
"1,865",7/1/2024 10:50:00,Ankara DMA 1-2,"Çiğdem, 1071 Malazgirt Bulvarı, 06530Ankara, Ankara,
Ankara Türkiye",description_2,32.03,9,5/10/2024 4:59,39.888736,32.799528
"1,866",7/1/2024 10:50:00,Ankara DMA 1-3,"Çiğdem, 1591. Sokak 11, 06530Ankara, Ankara,
Ankara Türkiye",description_3,39.26,14,5/10/2024 4:59,39.88429001,32.79584398
"1,867",7/1/2024 10:50:00,Ankara DMA 1-4,"Çiğdem, 1550/1. Cadde 2C, 06530Ankara, Ankara,
Ankara Türkiye",description_4,48.14,14,5/10/2024 4:59,39.88905796,32.79525397
"1,868",7/1/2024 10:50:00,Ankara DMA 1-5,"Çiğdem, 1589. Sokak 16, 06530Ankara, Ankara,
Ankara Türkiye",description_5,41.21,9,5/10/2024 4:59,39.88536496,32.79749503
"1,864",7/1/2024 11:00:00,Ankara DMA 1-1,"Çiğdem, 1575. Cadde 43A, 06530Ankara, Ankara,
Ankara Türkiye",description_1,43.61,20,5/10/2024 4:59,39.88765702,32.79979395
"1,865",7/1/2024 11:00:00,Ankara DMA 1-2,"Çiğdem, 1071 Malazgirt Bulvarı, 06530Ankara, Ankara,
Ankara Türkiye",description_2,47.98,9,5/10/2024 4:59,39.888736,32.799528
"1,866",7/1/2024 11:00:00,Ankara DMA 1-3,"Çiğdem, 1591. Sokak 11, 06530Ankara, Ankara,
Ankara Türkiye",description_3,30.89,14,5/10/2024 4:59,39.88429001,32.79584398
"1,867",7/1/2024 11:00:00,Ankara DMA 1-4,"Çiğdem, 1550/1. Cadde 2C, 06530Ankara, Ankara,
Ankara Türkiye",description_4,30.12,14,5/10/2024 4:59,39.88905796,32.79525397
"1,868",7/1/2024 11:00:00,Ankara DMA 1-5,"Çiğdem, 1589. Sokak 16, 06530Ankara, Ankara,
Ankara Türkiye",description_5,43.27,9,5/10/2024 4:59,39.88536496,32.79749503
"1,864",7/1/2024 11:10:00,Ankara DMA 1-1,"Çiğdem, 1575. Cadde 43A, 06530Ankara, Ankara,
Ankara Türkiye",description_1,49.57,20,5/10/2024 4:59,39.88765702,32.79979395
"1,865",7/1/2024 11:10:00,Ankara DMA 1-2,"Çiğdem, 1071 Malazgirt Bulvarı, 06530Ankara, Ankara,
Ankara Türkiye",description_2,49.32,9,5/10/2024 4:59,39.888736,32.799528
"1,866",7/1/2024 11:10:00,Ankara DMA 1-3,"Çiğdem, 1591. Sokak 11, 06530Ankara, Ankara,
Ankara Türkiye",description_3,35.53,14,5/10/2024 4:59,39.88429001,32.79584398
"1,867",7/1/2024 11:10:00,Ankara DMA 1-4,"Çiğdem, 1550/1. Cadde 2C, 06530Ankara, Ankara,
Ankara Türkiye",description_4,46.59,14,5/10/2024 4:59,39.88905796,32.79525397
"1,868",7/1/2024 11:10:00,Ankara DMA 1-5,"Çiğdem, 1589. Sokak 16, 06530Ankara, Ankara,
Ankara Türkiye",description_5,36.91,9,5/10/2024 4:59,39.88536496,32.79749503
"1,864",7/1/2024 11:20:00,Ankara DMA 1-1,"Çiğdem, 1575. Cadde 43A, 06530Ankara, Ankara,
Ankara Türkiye",description_1,48.19,20,5/10/2024 4:59,39.88765702,32.79979395
"1,865",7/1/2024 11:20:00,Ankara DMA 1-2,"Çiğdem, 1071 Malazgirt Bulvarı, 06530Ankara, Ankara,
Ankara Türkiye",description_2,33.51,9,5/10/2024 4:59,39.888736,32.799528
"1,866",7/1/2024 11:20:00,Ankara DMA 1-3,"Çiğdem, 1591. Sokak 11, 06530Ankara, Ankara,
Ankara Türkiye",description_3,30.44,14,5/10/2024 4:59,39.88429001,32.79584398
"1,867",7/1/2024 11:20:00,Ankara DMA 1-4,"Çiğdem, 1550/1. Cadde 2C, 06530Ankara, Ankara,
Ankara Türkiye",description_4,49.98,14,5/10/2024 4:59,39.88905796,32.79525397
"1,868",7/1/2024 11:20:00,Ankara DMA 1-5,"Çiğdem, 1589. Sokak 16, 06530Ankara, Ankara,
Ankara Türkiye",description_5,45.72,9,5/10/2024 4:59,39.88536496,32.79749503
"1,864",7/1/2024 11:30:00,Ankara DMA 1-1,"Çiğdem, 1575. Cadde 43A, 06530Ankara, Ankara,
Ankara Türkiye",description_1,38.42,20,5/10/2024 4:59,39.88765702,32.79979395
"1,865",7/1/2024 11:30:00,Ankara DMA 1-2,"Çiğdem, 1071 Malazgirt Bulvarı, 06530Ankara, Ankara,
Ankara Türkiye",description_2,42.35,9,5/10/2024 4:59,39.888736,32.799528
"1,866",7/1/2024 11:30:00,Ankara DMA 1-3,"Çiğdem, 1591. Sokak 11, 06530Ankara, Ankara,
Ankara Türkiye",description_3,38.16,14,5/10/2024 4:59,39.88429001,32.79584398
"1,867",7/1/2024 11:30:00,Ankara DMA 1-4,"Çiğdem, 1550/1. Cadde 2C, 06530Ankara, Ankara,
Ankara Türkiye",description_4,30.13,14,5/10/2024 4:59,39.88905796,32.79525397
"1,868",7/1/2024 11:30:00,Ankara DMA 1-5,"Çiğdem, 1589. Sokak 16, 06530Ankara, Ankara,
Ankara Türkiye",description_5,49.38,9,5/10/2024 4:59,39.88536496,32.79749503
"1,864",7/1/2024 11:40:00,Ankara DMA 1-1,"Çiğdem, 1575. Cadde 43A, 06530Ankara, Ankara,
Ankara Türkiye",description_1,41.91,20,5/10/2024 4:59,39.88765702,32.79979395
"1,865",7/1/2024 11:40:00,Ankara DMA 1-2,"Çiğdem, 1071 Malazgirt Bulvarı, 06530Ankara, Ankara,
Ankara Türkiye",description_2,31.55,9,5/10/2024 4:59,39.888736,32.799528
"1,866",7/1/2024 11:40:00,Ankara DMA 1-3,"Çiğdem, 1591. Sokak 11, 06530Ankara, Ankara,
Ankara Türkiye",description_3,34.8,14,5/10/2024 4:59,39.88429001,32.79584398
"1,867",7/1/2024 11:40:00,Ankara DMA 1-4,"Çiğdem, 1550/1. Cadde 2C, 06530Ankara, Ankara,
Ankara Türkiye",description_4,33.12,14,5/10/2024 4:59,39.88905796,32.79525397
"1,868",7/1/2024 11:40:00,Ankara DMA 1-5,"Çiğdem, 1589. Sokak 16, 06530Ankara, Ankara,
Ankara Türkiye",description_5,48.24,9,5/10/2024 4:59,39.88536496,32.79749503
"1,864",7/1/2024 11:50:00,Ankara DMA 1-1,"Çiğdem, 1575. Cadde 43A, 06530Ankara, Ankara,
Ankara Türkiye",description_1,40.84,20,5/10/2024 4:59,39.88765702,32.79979395
"1,865",7/1/2024 11:50:00,Ankara DMA 1-2,"Çiğdem, 1071 Malazgirt Bulvarı, 06530Ankara, Ankara,
Ankara Türkiye",description_2,36.6,9,5/10/2024 4:59,39.888736,32.799528
"1,866",7/1/2024 11:50:00,Ankara DMA 1-3,"Çiğdem, 1591. Sokak 11, 06530Ankara, Ankara,
Ankara Türkiye",description_3,36.59,14,5/10/2024 4:59,39.88429001,32.79584398
"1,867",7/1/2024 11:50:00,Ankara DMA 1-4,"Çiğdem, 1550/1. Cadde 2C, 06530Ankara, Ankara,
Ankara Türkiye",description_4,35.89,14,5/10/2024 4:59,39.88905796,32.79525397
"1,868",7/1/2024 11:50:00,Ankara DMA 1-5,"Çiğdem, 1589. Sokak 16, 06530Ankara, Ankara,
Ankara Türkiye",description_5,36.58,9,5/10/2024 4:59,39.88536496,32.79749503
"1,864",7/1/2024 12:00:00,Ankara DMA 1-1,"Çiğdem, 1575. Cadde 43A, 06530Ankara, Ankara,
Ankara Türkiye",description_1,43.79,20,5/10/2024 4:59,39.88765702,32.79979395
"1,865",7/1/2024 12:00:00,Ankara DMA 1-2,"Çiğdem, 1071 Malazgirt Bulvarı, 06530Ankara, Ankara,
Ankara Türkiye",description_2,35.45,9,5/10/2024 4:59,39.888736,32.799528
"1,866",7/1/2024 12:00:00,Ankara DMA 1-3,"Çiğdem, 1591. Sokak 11, 06530Ankara, Ankara,
Ankara Türkiye",description_3,47.37,14,5/10/2024 4:59,39.88429001,32.79584398
"1,867",7/1/2024 12:00:00,Ankara DMA 1-4,"Çiğdem, 1550/1. Cadde 2C, 06530Ankara, Ankara,
Ankara Türkiye",description_4,43.07,14,5/10/2024 4:59,39.88905796,32.79525397
"1,868",7/1/2024 12:00:00,Ankara DMA 1-5,"Çiğdem, 1589. Sokak 16, 06530Ankara, Ankara,
Ankara Türkiye",description_5,45.34,9,5/10/2024 4:59,39.88536496,32.79749503
"1,864",7/1/2024 12:10:00,Ankara DMA 1-1,"Çiğdem, 1575. Cadde 43A, 06530Ankara, Ankara,
Ankara Türkiye",description_1,33.8,20,5/10/2024 4:59,39.88765702,32.79979395
"1,865",7/1/2024 12:10:00,Ankara DMA 1-2,"Çiğdem, 1071 Malazgirt Bulvarı, 06530Ankara, Ankara,
Ankara Türkiye",description_2,38.03,9,5/10/2024 4:59,39.888736,32.799528
"1,866",7/1/2024 12:10:00,Ankara DMA 1-3,"Çiğdem, 1591. Sokak 11, 06530Ankara, Ankara,
Ankara Türkiye",description_3,34.44,14,5/10/2024 4:59,39.88429001,32.79584398
"1,867",7/1/2024 12:10:00,Ankara DMA 1-4,"Çiğdem, 1550/1. Cadde 2C, 06530Ankara, Ankara,
Ankara Türkiye",description_4,37.27,14,5/10/2024 4:59,39.88905796,32.79525397
"1,868",7/1/2024 12:10:00,Ankara DMA 1-5,"Çiğdem, 1589. Sokak 16, 06530Ankara, Ankara,
Ankara Türkiye",description_5,43.77,9,5/10/2024 4:59,39.88536496,32.79749503
"1,864",7/1/2024 12:20:00,Ankara DMA 1-1,"Çiğdem, 1575. Cadde 43A, 06530Ankara, Ankara,
Ankara Türkiye",description_1,48.19,20,5/10/2024 4:59,39.88765702,32.79979395
"1,865",7/1/2024 12:20:00,Ankara DMA 1-2,"Çiğdem, 1071 Malazgirt Bulvarı, 06530Ankara, Ankara,
Ankara Türkiye",description_2,37.65,9,5/10/2024 4:59,39.888736,32.799528
"1,866",7/1/2024 12:20:00,Ankara DMA 1-3,"Çiğdem, 1591. Sokak 11, 06530Ankara, Ankara,
Ankara Türkiye",description_3,44.78,14,5/10/2024 4:59,39.88429001,32.79584398
"1,867",7/1/2024 12:20:00,Ankara DMA 1-4,"Çiğdem, 1550/1. Cadde 2C, 06530Ankara, Ankara,
Ankara Türkiye",description_4,42.06,14,5/10/2024 4:59,39.88905796,32.79525397
"1,868",7/1/2024 12:20:00,Ankara DMA 1-5,"Çiğdem, 1589. Sokak 16, 06530Ankara, Ankara,
Ankara Türkiye",description_5,34.15,9,5/10/2024 4:59,39.88536496,32.79749503
"1,864",7/1/2024 12:30:00,Ankara DMA 1-1,"Çiğdem, 1575. Cadde 43A, 06530Ankara, Ankara,
Ankara Türkiye",description_1,38.9,20,5/10/2024 4:59,39.88765702,32.79979395
"1,865",7/1/2024 12:30:00,Ankara DMA 1-2,"Çiğdem, 1071 Malazgirt Bulvarı, 06530Ankara, Ankara,
Ankara Türkiye",description_2,36.9,9,5/10/2024 4:59,39.888736,32.799528
"1,866",7/1/2024 12:30:00,Ankara DMA 1-3,"Çiğdem, 1591. Sokak 11, 06530Ankara, Ankara,
Ankara Türkiye",description_3,35.44,14,5/10/2024 4:59,39.88429001,32.79584398
"1,867",7/1/2024 12:30:00,Ankara DMA 1-4,"Çiğdem, 1550/1. Cadde 2C, 06530Ankara, Ankara,
Ankara Türkiye",description_4,47.91,14,5/10/2024 4:59,39.88905796,32.79525397
"1,868",7/1/2024 12:30:00,Ankara DMA 1-5,"Çiğdem, 1589. Sokak 16, 06530Ankara, Ankara,
Ankara Türkiye",description_5,32.3,9,5/10/2024 4:59,39.88536496,32.79749503
"1,864",7/1/2024 12:40:00,Ankara DMA 1-1,"Çiğdem, 1575. Cadde 43A, 06530Ankara, Ankara,
Ankara Türkiye",description_1,38.36,20,5/10/2024 4:59,39.88765702,32.79979395
"1,865",7/1/2024 12:40:00,Ankara DMA 1-2,"Çiğdem, 1071 Malazgirt Bulvarı, 06530Ankara, Ankara,
Ankara Türkiye",description_2,41.59,9,5/10/2024 4:59,39.888736,32.799528
"1,866",7/1/2024 12:40:00,Ankara DMA 1-3,"Çiğdem, 1591. Sokak 11, 06530Ankara, Ankara,
Ankara Türkiye",description_3,36.2,14,5/10/2024 4:59,39.88429001,32.79584398
"1,867",7/1/2024 12:40:00,Ankara DMA 1-4,"Çiğdem, 1550/1. Cadde 2C, 06530Ankara, Ankara,
Ankara Türkiye",description_4,36.69,14,5/10/2024 4:59,39.88905796,32.79525397
"1,868",7/1/2024 12:40:00,Ankara DMA 1-5,"Çiğdem, 1589. Sokak 16, 06530Ankara, Ankara,
Ankara Türkiye",description_5,43.22,9,5/10/2024 4:59,39.88536496,32.79749503
"1,864",7/1/2024 12:50:00,Ankara DMA 1-1,"Çiğdem, 1575. Cadde 43A, 06530Ankara, Ankara,
Ankara Türkiye",description_1,41.06,20,5/10/2024 4:59,39.88765702,32.79979395
"1,865",7/1/2024 12:50:00,Ankara DMA 1-2,"Çiğdem, 1071 Malazgirt Bulvarı, 06530Ankara, Ankara,
Ankara Türkiye",description_2,32.18,9,5/10/2024 4:59,39.888736,32.799528
"1,866",7/1/2024 12:50:00,Ankara DMA 1-3,"Çiğdem, 1591. Sokak 11, 06530Ankara, Ankara,
Ankara Türkiye",description_3,44.16,14,5/10/2024 4:59,39.88429001,32.79584398
"1,867",7/1/2024 12:50:00,Ankara DMA 1-4,"Çiğdem, 1550/1. Cadde 2C, 06530Ankara, Ankara,
Ankara Türkiye",description_4,37.07,14,5/10/2024 4:59,39.88905796,32.79525397
"1,868",7/1/2024 12:50:00,Ankara DMA 1-5,"Çiğdem, 1589. Sokak 16, 06530Ankara, Ankara,
Ankara Türkiye",description_5,40.21,9,5/10/2024 4:59,39.88536496,32.79749503
"1,864",7/1/2024 13:00:00,Ankara DMA 1-1,"Çiğdem, 1575. Cadde 43A, 06530Ankara, Ankara,
Ankara Türkiye",description_1,36.96,20,5/10/2024 4:59,39.88765702,32.79979395
"1,865",7/1/2024 13:00:00,Ankara DMA 1-2,"Çiğdem, 1071 Malazgirt Bulvarı, 06530Ankara, Ankara,
Ankara Türkiye",description_2,39.79,9,5/10/2024 4:59,39.888736,32.799528
"1,866",7/1/2024 13:00:00,Ankara DMA 1-3,"Çiğdem, 1591. Sokak 11, 06530Ankara, Ankara,
Ankara Türkiye",description_3,44.28,14,5/10/2024 4:59,39.88429001,32.79584398
"1,867",7/1/2024 13:00:00,Ankara DMA 1-4,"Çiğdem, 1550/1. Cadde 2C, 06530Ankara, Ankara,
Ankara Türkiye",description_4,35.04,14,5/10/2024 4:59,39.88905796,32.79525397
"1,868",7/1/2024 13:00:00,Ankara DMA 1-5,"Çiğdem, 1589. Sokak 16, 06530Ankara, Ankara,
Ankara Türkiye",description_5,33.42,9,5/10/2024 4:59,39.88536496,32.79749503
"1,864",7/1/2024 13:10:00,Ankara DMA 1-1,"Çiğdem, 1575. Cadde 43A, 06530Ankara, Ankara,
Ankara Türkiye",description_1,47.94,20,5/10/2024 4:59,39.88765702,32.79979395
"1,865",7/1/2024 13:10:00,Ankara DMA 1-2,"Çiğdem, 1071 Malazgirt Bulvarı, 06530Ankara, Ankara,
Ankara Türkiye",description_2,32.2,9,5/10/2024 4:59,39.888736,32.799528
"1,866",7/1/2024 13:10:00,Ankara DMA 1-3,"Çiğdem, 1591. Sokak 11, 06530Ankara, Ankara,
Ankara Türkiye",description_3,37.13,14,5/10/2024 4:59,39.88429001,32.79584398
"1,867",7/1/2024 13:10:00,Ankara DMA 1-4,"Çiğdem, 1550/1. Cadde 2C, 06530Ankara, Ankara,
Ankara Türkiye",description_4,45,14,5/10/2024 4:59,39.88905796,32.79525397
"1,868",7/1/2024 13:10:00,Ankara DMA 1-5,"Çiğdem, 1589. Sokak 16, 06530Ankara, Ankara,
Ankara Türkiye",description_5,40.84,9,5/10/2024 4:59,39.88536496,32.79749503
"1,864",7/1/2024 13:20:00,Ankara DMA 1-1,"Çiğdem, 1575. Cadde 43A, 06530Ankara, Ankara,
Ankara Türkiye",description_1,35.16,20,5/10/2024 4:59,39.88765702,32.79979395
"1,865",7/1/2024 13:20:00,Ankara DMA 1-2,"Çiğdem, 1071 Malazgirt Bulvarı, 06530Ankara, Ankara,
Ankara Türkiye",description_2,39.65,9,5/10/2024 4:59,39.888736,32.799528
"1,866",7/1/2024 13:20:00,Ankara DMA 1-3,"Çiğdem, 1591. Sokak 11, 06530Ankara, Ankara,
Ankara Türkiye",description_3,43.14,14,5/10/2024 4:59,39.88429001,32.79584398
"1,867",7/1/2024 13:20:00,Ankara DMA 1-4,"Çiğdem, 1550/1. Cadde 2C, 06530Ankara, Ankara,
Ankara Türkiye",description_4,46.5,14,5/10/2024 4:59,39.88905796,32.79525397
"1,868",7/1/2024 13:20:00,Ankara DMA 1-5,"Çiğdem, 1589. Sokak 16, 06530Ankara, Ankara,
Ankara Türkiye",description_5,30.94,9,5/10/2024 4:59,39.88536496,32.79749503
"1,864",7/1/2024 13:30:00,Ankara DMA 1-1,"Çiğdem, 1575. Cadde 43A, 06530Ankara, Ankara,
Ankara Türkiye",description_1,45.39,20,5/10/2024 4:59,39.88765702,32.79979395
"1,865",7/1/2024 13:30:00,Ankara DMA 1-2,"Çiğdem, 1071 Malazgirt Bulvarı, 06530Ankara, Ankara,
Ankara Türkiye",description_2,42.5,9,5/10/2024 4:59,39.888736,32.799528
"1,866",7/1/2024 13:30:00,Ankara DMA 1-3,"Çiğdem, 1591. Sokak 11, 06530Ankara, Ankara,
Ankara Türkiye",description_3,46.77,14,5/10/2024 4:59,39.88429001,32.79584398
"1,867",7/1/2024 13:30:00,Ankara DMA 1-4,"Çiğdem, 1550/1. Cadde 2C, 06530Ankara, Ankara,
Ankara Türkiye",description_4,30.19,14,5/10/2024 4:59,39.88905796,32.79525397
"1,868",7/1/2024 13:30:00,Ankara DMA 1-5,"Çiğdem, 1589. Sokak 16, 06530Ankara, Ankara,
Ankara Türkiye",description_5,40.53,9,5/10/2024 4:59,39.88536496,32.79749503
"1,864",7/1/2024 13:40:00,Ankara DMA 1-1,"Çiğdem, 1575. Cadde 43A, 06530Ankara, Ankara,
Ankara Türkiye",description_1,33.75,20,5/10/2024 4:59,39.88765702,32.79979395
"1,865",7/1/2024 13:40:00,Ankara DMA 1-2,"Çiğdem, 1071 Malazgirt Bulvarı, 06530Ankara, Ankara,
Ankara Türkiye",description_2,32.88,9,5/10/2024 4:59,39.888736,32.799528
"1,866",7/1/2024 13:40:00,Ankara DMA 1-3,"Çiğdem, 1591. Sokak 11, 06530Ankara, Ankara,
Ankara Türkiye",description_3,43.18,14,5/10/2024 4:59,39.88429001,32.79584398
"1,867",7/1/2024 13:40:00,Ankara DMA 1-4,"Çiğdem, 1550/1. Cadde 2C, 06530Ankara, Ankara,
Ankara Türkiye",description_4,43.84,14,5/10/2024 4:59,39.88905796,32.79525397
"1,868",7/1/2024 13:40:00,Ankara DMA 1-5,"Çiğdem, 1589. Sokak 16, 06530Ankara, Ankara,
Ankara Türkiye",description_5,44.82,9,5/10/2024 4:59,39.88536496,32.79749503
"1,864",7/1/2024 13:50:00,Ankara DMA 1-1,"Çiğdem, 1575. Cadde 43A, 06530Ankara, Ankara,
Ankara Türkiye",description_1,47.53,20,5/10/2024 4:59,39.88765702,32.79979395
"1,865",7/1/2024 13:50:00,Ankara DMA 1-2,"Çiğdem, 1071 Malazgirt Bulvarı, 06530Ankara, Ankara,
Ankara Türkiye",description_2,49.04,9,5/10/2024 4:59,39.888736,32.799528
"1,866",7/1/2024 13:50:00,Ankara DMA 1-3,"Çiğdem, 1591. Sokak 11, 06530Ankara, Ankara,
Ankara Türkiye",description_3,32.73,14,5/10/2024 4:59,39.88429001,32.79584398
"1,867",7/1/2024 13:50:00,Ankara DMA 1-4,"Çiğdem, 1550/1. Cadde 2C, 06530Ankara, Ankara,
Ankara Türkiye",description_4,35.41,14,5/10/2024 4:59,39.88905796,32.79525397
"1,868",7/1/2024 13:50:00,Ankara DMA 1-5,"Çiğdem, 1589. Sokak 16, 06530Ankara, Ankara,
Ankara Türkiye",description_5,35.37,9,5/10/2024 4:59,39.88536496,32.79749503
"1,864",7/1/2024 14:00:00,Ankara DMA 1-1,"Çiğdem, 1575. Cadde 43A, 06530Ankara, Ankara,
Ankara Türkiye",description_1,37.33,20,5/10/2024 4:59,39.88765702,32.79979395
"1,865",7/1/2024 14:00:00,Ankara DMA 1-2,"Çiğdem, 1071 Malazgirt Bulvarı, 06530Ankara, Ankara,
Ankara Türkiye",description_2,34.75,9,5/10/2024 4:59,39.888736,32.799528
"1,866",7/1/2024 14:00:00,Ankara DMA 1-3,"Çiğdem, 1591. Sokak 11, 06530Ankara, Ankara,
Ankara Türkiye",description_3,39.79,14,5/10/2024 4:59,39.88429001,32.79584398
"1,867",7/1/2024 14:00:00,Ankara DMA 1-4,"Çiğdem, 1550/1. Cadde 2C, 06530Ankara, Ankara,
Ankara Türkiye",description_4,39.73,14,5/10/2024 4:59,39.88905796,32.79525397
"1,868",7/1/2024 14:00:00,Ankara DMA 1-5,"Çiğdem, 1589. Sokak 16, 06530Ankara, Ankara,
Ankara Türkiye",description_5,40.55,9,5/10/2024 4:59,39.88536496,32.79749503
"1,864",7/1/2024 14:10:00,Ankara DMA 1-1,"Çiğdem, 1575. Cadde 43A, 06530Ankara, Ankara,
Ankara Türkiye",description_1,35.06,20,5/10/2024 4:59,39.88765702,32.79979395
"1,865",7/1/2024 14:10:00,Ankara DMA 1-2,"Çiğdem, 1071 Malazgirt Bulvarı, 06530Ankara, Ankara,
Ankara Türkiye",description_2,41.86,9,5/10/2024 4:59,39.888736,32.799528
"1,866",7/1/2024 14:10:00,Ankara DMA 1-3,"Çiğdem, 1591. Sokak 11, 06530Ankara, Ankara,
Ankara Türkiye",description_3,42.67,14,5/10/2024 4:59,39.88429001,32.79584398
"1,867",7/1/2024 14:10:00,Ankara DMA 1-4,"Çiğdem, 1550/1. Cadde 2C, 06530Ankara, Ankara,
Ankara Türkiye",description_4,44.38,14,5/10/2024 4:59,39.88905796,32.79525397
"1,868",7/1/2024 14:10:00,Ankara DMA 1-5,"Çiğdem, 1589. Sokak 16, 06530Ankara, Ankara,
Ankara Türkiye",description_5,37.27,9,5/10/2024 4:59,39.88536496,32.79749503
"1,864",7/1/2024 14:20:00,Ankara DMA 1-1,"Çiğdem, 1575. Cadde 43A, 06530Ankara, Ankara,
Ankara Türkiye",description_1,30.24,20,5/10/2024 4:59,39.88765702,32.79979395
"1,865",7/1/2024 14:20:00,Ankara DMA 1-2,"Çiğdem, 1071 Malazgirt Bulvarı, 06530Ankara, Ankara,
Ankara Türkiye",description_2,41.57,9,5/10/2024 4:59,39.888736,32.799528
"1,866",7/1/2024 14:20:00,Ankara DMA 1-3,"Çiğdem, 1591. Sokak 11, 06530Ankara, Ankara,
Ankara Türkiye",description_3,43.04,14,5/10/2024 4:59,39.88429001,32.79584398
"1,867",7/1/2024 14:20:00,Ankara DMA 1-4,"Çiğdem, 1550/1. Cadde 2C, 06530Ankara, Ankara,
Ankara Türkiye",description_4,44.55,14,5/10/2024 4:59,39.88905796,32.79525397
"1,868",7/1/2024 14:20:00,Ankara DMA 1-5,"Çiğdem, 1589. Sokak 16, 06530Ankara, Ankara,
Ankara Türkiye",description_5,46.8,9,5/10/2024 4:59,39.88536496,32.79749503
"1,864",7/1/2024 14:30:00,Ankara DMA 1-1,"Çiğdem, 1575. Cadde 43A, 06530Ankara, Ankara,
Ankara Türkiye",description_1,37.64,20,5/10/2024 4:59,39.88765702,32.79979395
"1,865",7/1/2024 14:30:00,Ankara DMA 1-2,"Çiğdem, 1071 Malazgirt Bulvarı, 06530Ankara, Ankara,
Ankara Türkiye",description_2,34.53,9,5/10/2024 4:59,39.888736,32.799528
"1,866",7/1/2024 14:30:00,Ankara DMA 1-3,"Çiğdem, 1591. Sokak 11, 06530Ankara, Ankara,
Ankara Türkiye",description_3,45.84,14,5/10/2024 4:59,39.88429001,32.79584398
"1,867",7/1/2024 14:30:00,Ankara DMA 1-4,"Çiğdem, 1550/1. Cadde 2C, 06530Ankara, Ankara,
Ankara Türkiye",description_4,41.78,14,5/10/2024 4:59,39.88905796,32.79525397
"1,868",7/1/2024 14:30:00,Ankara DMA 1-5,"Çiğdem, 1589. Sokak 16, 06530Ankara, Ankara,
Ankara Türkiye",description_5,38.74,9,5/10/2024 4:59,39.88536496,32.79749503
"1,864",7/1/2024 14:40:00,Ankara DMA 1-1,"Çiğdem, 1575. Cadde 43A, 06530Ankara, Ankara,
Ankara Türkiye",description_1,34.09,20,5/10/2024 4:59,39.88765702,32.79979395
"1,865",7/1/2024 14:40:00,Ankara DMA 1-2,"Çiğdem, 1071 Malazgirt Bulvarı, 06530Ankara, Ankara,
Ankara Türkiye",description_2,45.65,9,5/10/2024 4:59,39.888736,32.799528
"1,866",7/1/2024 14:40:00,Ankara DMA 1-3,"Çiğdem, 1591. Sokak 11, 06530Ankara, Ankara,
Ankara Türkiye",description_3,36.77,14,5/10/2024 4:59,39.88429001,32.79584398
"1,867",7/1/2024 14:40:00,Ankara DMA 1-4,"Çiğdem, 1550/1. Cadde 2C, 06530Ankara, Ankara,
Ankara Türkiye",description_4,46.06,14,5/10/2024 4:59,39.88905796,32.79525397
"1,868",7/1/2024 14:40:00,Ankara DMA 1-5,"Çiğdem, 1589. Sokak 16, 06530Ankara, Ankara,
Ankara Türkiye",description_5,46.68,9,5/10/2024 4:59,39.88536496,32.79749503
"1,864",7/1/2024 14:50:00,Ankara DMA 1-1,"Çiğdem, 1575. Cadde 43A, 06530Ankara, Ankara,
Ankara Türkiye",description_1,31.2,20,5/10/2024 4:59,39.88765702,32.79979395
"1,865",7/1/2024 14:50:00,Ankara DMA 1-2,"Çiğdem, 1071 Malazgirt Bulvarı, 06530Ankara, Ankara,
Ankara Türkiye",description_2,30.67,9,5/10/2024 4:59,39.888736,32.799528
"1,866",7/1/2024 14:50:00,Ankara DMA 1-3,"Çiğdem, 1591. Sokak 11, 06530Ankara, Ankara,
Ankara Türkiye",description_3,32.04,14,5/10/2024 4:59,39.88429001,32.79584398
"1,867",7/1/2024 14:50:00,Ankara DMA 1-4,"Çiğdem, 1550/1. Cadde 2C, 06530Ankara, Ankara,
Ankara Türkiye",description_4,31.01,14,5/10/2024 4:59,39.88905796,32.79525397
"1,868",7/1/2024 14:50:00,Ankara DMA 1-5,"Çiğdem, 1589. Sokak 16, 06530Ankara, Ankara,
Ankara Türkiye",description_5,36.26,9,5/10/2024 4:59,39.88536496,32.79749503
"1,864",7/1/2024 15:00:00,Ankara DMA 1-1,"Çiğdem, 1575. Cadde 43A, 06530Ankara, Ankara,
Ankara Türkiye",description_1,43.91,20,5/10/2024 4:59,39.88765702,32.79979395
"1,865",7/1/2024 15:00:00,Ankara DMA 1-2,"Çiğdem, 1071 Malazgirt Bulvarı, 06530Ankara, Ankara,
Ankara Türkiye",description_2,49.82,9,5/10/2024 4:59,39.888736,32.799528
"1,866",7/1/2024 15:00:00,Ankara DMA 1-3,"Çiğdem, 1591. Sokak 11, 06530Ankara, Ankara,
Ankara Türkiye",description_3,49.79,14,5/10/2024 4:59,39.88429001,32.79584398
"1,867",7/1/2024 15:00:00,Ankara DMA 1-4,"Çiğdem, 1550/1. Cadde 2C, 06530Ankara, Ankara,
Ankara Türkiye",description_4,30.6,14,5/10/2024 4:59,39.88905796,32.79525397
"1,868",7/1/2024 15:00:00,Ankara DMA 1-5,"Çiğdem, 1589. Sokak 16, 06530Ankara, Ankara,
Ankara Türkiye",description_5,49.25,9,5/10/2024 4:59,39.88536496,32.79749503
"1,864",7/1/2024 15:10:00,Ankara DMA 1-1,"Çiğdem, 1575. Cadde 43A, 06530Ankara, Ankara,
Ankara Türkiye",description_1,37.44,20,5/10/2024 4:59,39.88765702,32.79979395
"1,865",7/1/2024 15:10:00,Ankara DMA 1-2,"Çiğdem, 1071 Malazgirt Bulvarı, 06530Ankara, Ankara,
Ankara Türkiye",description_2,41.07,9,5/10/2024 4:59,39.888736,32.799528
"1,866",7/1/2024 15:10:00,Ankara DMA 1-3,"Çiğdem, 1591. Sokak 11, 06530Ankara, Ankara,
Ankara Türkiye",description_3,32.25,14,5/10/2024 4:59,39.88429001,32.79584398
"1,867",7/1/2024 15:10:00,Ankara DMA 1-4,"Çiğdem, 1550/1. Cadde 2C, 06530Ankara, Ankara,
Ankara Türkiye",description_4,39.17,14,5/10/2024 4:59,39.88905796,32.79525397
"1,868",7/1/2024 15:10:00,Ankara DMA 1-5,"Çiğdem, 1589. Sokak 16, 06530Ankara, Ankara,
Ankara Türkiye",description_5,39.21,9,5/10/2024 4:59,39.88536496,32.79749503
"1,864",7/1/2024 15:20:00,Ankara DMA 1-1,"Çiğdem, 1575. Cadde 43A, 06530Ankara, Ankara,
Ankara Türkiye",description_1,30,20,5/10/2024 4:59,39.88765702,32.79979395
"1,865",7/1/2024 15:20:00,Ankara DMA 1-2,"Çiğdem, 1071 Malazgirt Bulvarı, 06530Ankara, Ankara,
Ankara Türkiye",description_2,48.81,9,5/10/2024 4:59,39.888736,32.799528
"1,866",7/1/2024 15:20:00,Ankara DMA 1-3,"Çiğdem, 1591. Sokak 11, 06530Ankara, Ankara,
Ankara Türkiye",description_3,47.72,14,5/10/2024 4:59,39.88429001,32.79584398
"1,867",7/1/2024 15:20:00,Ankara DMA 1-4,"Çiğdem, 1550/1. Cadde 2C, 06530Ankara, Ankara,
Ankara Türkiye",description_4,45.89,14,5/10/2024 4:59,39.88905796,32.79525397
"1,868",7/1/2024 15:20:00,Ankara DMA 1-5,"Çiğdem, 1589. Sokak 16, 06530Ankara, Ankara,
Ankara Türkiye",description_5,34.47,9,5/10/2024 4:59,39.88536496,32.79749503
"1,864",7/1/2024 15:30:00,Ankara DMA 1-1,"Çiğdem, 1575. Cadde 43A, 06530Ankara, Ankara,
Ankara Türkiye",description_1,43.4,20,5/10/2024 4:59,39.88765702,32.79979395
"1,865",7/1/2024 15:30:00,Ankara DMA 1-2,"Çiğdem, 1071 Malazgirt Bulvarı, 06530Ankara, Ankara,
Ankara Türkiye",description_2,49.62,9,5/10/2024 4:59,39.888736,32.799528
"1,866",7/1/2024 15:30:00,Ankara DMA 1-3,"Çiğdem, 1591. Sokak 11, 06530Ankara, Ankara,
Ankara Türkiye",description_3,39.45,14,5/10/2024 4:59,39.88429001,32.79584398
"1,867",7/1/2024 15:30:00,Ankara DMA 1-4,"Çiğdem, 1550/1. Cadde 2C, 06530Ankara, Ankara,
Ankara Türkiye",description_4,36.38,14,5/10/2024 4:59,39.88905796,32.79525397
"1,868",7/1/2024 15:30:00,Ankara DMA 1-5,"Çiğdem, 1589. Sokak 16, 06530Ankara, Ankara,
Ankara Türkiye",description_5,35.56,9,5/10/2024 4:59,39.88536496,32.79749503
"1,864",7/1/2024 15:40:00,Ankara DMA 1-1,"Çiğdem, 1575. Cadde 43A, 06530Ankara, Ankara,
Ankara Türkiye",description_1,30.51,20,5/10/2024 4:59,39.88765702,32.79979395
"1,865",7/1/2024 15:40:00,Ankara DMA 1-2,"Çiğdem, 1071 Malazgirt Bulvarı, 06530Ankara, Ankara,
Ankara Türkiye",description_2,34.36,9,5/10/2024 4:59,39.888736,32.799528
"1,866",7/1/2024 15:40:00,Ankara DMA 1-3,"Çiğdem, 1591. Sokak 11, 06530Ankara, Ankara,
Ankara Türkiye",description_3,39.07,14,5/10/2024 4:59,39.88429001,32.79584398
"1,867",7/1/2024 15:40:00,Ankara DMA 1-4,"Çiğdem, 1550/1. Cadde 2C, 06530Ankara, Ankara,
Ankara Türkiye",description_4,35.01,14,5/10/2024 4:59,39.88905796,32.79525397
"1,868",7/1/2024 15:40:00,Ankara DMA 1-5,"Çiğdem, 1589. Sokak 16, 06530Ankara, Ankara,
Ankara Türkiye",description_5,45.14,9,5/10/2024 4:59,39.88536496,32.79749503
"1,864",7/1/2024 15:50:00,Ankara DMA 1-1,"Çiğdem, 1575. Cadde 43A, 06530Ankara, Ankara,
Ankara Türkiye",description_1,41.59,20,5/10/2024 4:59,39.88765702,32.79979395
"1,865",7/1/2024 15:50:00,Ankara DMA 1-2,"Çiğdem, 1071 Malazgirt Bulvarı, 06530Ankara, Ankara,
Ankara Türkiye",description_2,39.03,9,5/10/2024 4:59,39.888736,32.799528
"1,866",7/1/2024 15:50:00,Ankara DMA 1-3,"Çiğdem, 1591. Sokak 11, 06530Ankara, Ankara,
Ankara Türkiye",description_3,43.77,14,5/10/2024 4:59,39.88429001,32.79584398
"1,867",7/1/2024 15:50:00,Ankara DMA 1-4,"Çiğdem, 1550/1. Cadde 2C, 06530Ankara, Ankara,
Ankara Türkiye",description_4,47.49,14,5/10/2024 4:59,39.88905796,32.79525397
"1,868",7/1/2024 15:50:00,Ankara DMA 1-5,"Çiğdem, 1589. Sokak 16, 06530Ankara, Ankara,
Ankara Türkiye",description_5,49.88,9,5/10/2024 4:59,39.88536496,32.79749503
"1,864",7/1/2024 16:00:00,Ankara DMA 1-1,"Çiğdem, 1575. Cadde 43A, 06530Ankara, Ankara,
Ankara Türkiye",description_1,32.8,20,5/10/2024 4:59,39.88765702,32.79979395
"1,865",7/1/2024 16:00:00,Ankara DMA 1-2,"Çiğdem, 1071 Malazgirt Bulvarı, 06530Ankara, Ankara,
Ankara Türkiye",description_2,33.91,9,5/10/2024 4:59,39.888736,32.799528
"1,866",7/1/2024 16:00:00,Ankara DMA 1-3,"Çiğdem, 1591. Sokak 11, 06530Ankara, Ankara,
Ankara Türkiye",description_3,37.62,14,5/10/2024 4:59,39.88429001,32.79584398
"1,867",7/1/2024 16:00:00,Ankara DMA 1-4,"Çiğdem, 1550/1. Cadde 2C, 06530Ankara, Ankara,
Ankara Türkiye",description_4,38.97,14,5/10/2024 4:59,39.88905796,32.79525397
"1,868",7/1/2024 16:00:00,Ankara DMA 1-5,"Çiğdem, 1589. Sokak 16, 06530Ankara, Ankara,
Ankara Türkiye",description_5,36.38,9,5/10/2024 4:59,39.88536496,32.79749503
"1,864",7/1/2024 16:10:00,Ankara DMA 1-1,"Çiğdem, 1575. Cadde 43A, 06530Ankara, Ankara,
Ankara Türkiye",description_1,44.01,20,5/10/2024 4:59,39.88765702,32.79979395
"1,865",7/1/2024 16:10:00,Ankara DMA 1-2,"Çiğdem, 1071 Malazgirt Bulvarı, 06530Ankara, Ankara,
Ankara Türkiye",description_2,30.55,9,5/10/2024 4:59,39.888736,32.799528
"1,866",7/1/2024 16:10:00,Ankara DMA 1-3,"Çiğdem, 1591. Sokak 11, 06530Ankara, Ankara,
Ankara Türkiye",description_3,31.71,14,5/10/2024 4:59,39.88429001,32.79584398
"1,867",7/1/2024 16:10:00,Ankara DMA 1-4,"Çiğdem, 1550/1. Cadde 2C, 06530Ankara, Ankara,
Ankara Türkiye",description_4,38.56,14,5/10/2024 4:59,39.88905796,32.79525397
"1,868",7/1/2024 16:10:00,Ankara DMA 1-5,"Çiğdem, 1589. Sokak 16, 06530Ankara, Ankara,
Ankara Türkiye",description_5,34.09,9,5/10/2024 4:59,39.88536496,32.79749503
"1,864",7/1/2024 16:20:00,Ankara DMA 1-1,"Çiğdem, 1575. Cadde 43A, 06530Ankara, Ankara,
Ankara Türkiye",description_1,46.01,20,5/10/2024 4:59,39.88765702,32.79979395
"1,865",7/1/2024 16:20:00,Ankara DMA 1-2,"Çiğdem, 1071 Malazgirt Bulvarı, 06530Ankara, Ankara,
Ankara Türkiye",description_2,46.09,9,5/10/2024 4:59,39.888736,32.799528
"1,866",7/1/2024 16:20:00,Ankara DMA 1-3,"Çiğdem, 1591. Sokak 11, 06530Ankara, Ankara,
Ankara Türkiye",description_3,33.95,14,5/10/2024 4:59,39.88429001,32.79584398
"1,867",7/1/2024 16:20:00,Ankara DMA 1-4,"Çiğdem, 1550/1. Cadde 2C, 06530Ankara, Ankara,
Ankara Türkiye",description_4,35.06,14,5/10/2024 4:59,39.88905796,32.79525397
"1,868",7/1/2024 16:20:00,Ankara DMA 1-5,"Çiğdem, 1589. Sokak 16, 06530Ankara, Ankara,
Ankara Türkiye",description_5,47.33,9,5/10/2024 4:59,39.88536496,32.79749503
"1,864",7/1/2024 16:30:00,Ankara DMA 1-1,"Çiğdem, 1575. Cadde 43A, 06530Ankara, Ankara,
Ankara Türkiye",description_1,30.22,20,5/10/2024 4:59,39.88765702,32.79979395
"1,865",7/1/2024 16:30:00,Ankara DMA 1-2,"Çiğdem, 1071 Malazgirt Bulvarı, 06530Ankara, Ankara,
Ankara Türkiye",description_2,39.12,9,5/10/2024 4:59,39.888736,32.799528
"1,866",7/1/2024 16:30:00,Ankara DMA 1-3,"Çiğdem, 1591. Sokak 11, 06530Ankara, Ankara,
Ankara Türkiye",description_3,40.32,14,5/10/2024 4:59,39.88429001,32.79584398
"1,867",7/1/2024 16:30:00,Ankara DMA 1-4,"Çiğdem, 1550/1. Cadde 2C, 06530Ankara, Ankara,
Ankara Türkiye",description_4,33.71,14,5/10/2024 4:59,39.88905796,32.79525397
"1,868",7/1/2024 16:30:00,Ankara DMA 1-5,"Çiğdem, 1589. Sokak 16, 06530Ankara, Ankara,
Ankara Türkiye",description_5,44.54,9,5/10/2024 4:59,39.88536496,32.79749503
"1,864",7/1/2024 16:40:00,Ankara DMA 1-1,"Çiğdem, 1575. Cadde 43A, 06530Ankara, Ankara,
Ankara Türkiye",description_1,36.24,20,5/10/2024 4:59,39.88765702,32.79979395
"1,865",7/1/2024 16:40:00,Ankara DMA 1-2,"Çiğdem, 1071 Malazgirt Bulvarı, 06530Ankara, Ankara,
Ankara Türkiye",description_2,39.81,9,5/10/2024 4:59,39.888736,32.799528
"1,866",7/1/2024 16:40:00,Ankara DMA 1-3,"Çiğdem, 1591. Sokak 11, 06530Ankara, Ankara,
Ankara Türkiye",description_3,39.42,14,5/10/2024 4:59,39.88429001,32.79584398
"1,867",7/1/2024 16:40:00,Ankara DMA 1-4,"Çiğdem, 1550/1. Cadde 2C, 06530Ankara, Ankara,
Ankara Türkiye",description_4,33.88,14,5/10/2024 4:59,39.88905796,32.79525397
"1,868",7/1/2024 16:40:00,Ankara DMA 1-5,"Çiğdem, 1589. Sokak 16, 06530Ankara, Ankara,
Ankara Türkiye",description_5,34.53,9,5/10/2024 4:59,39.88536496,32.79749503
"1,864",7/1/2024 16:50:00,Ankara DMA 1-1,"Çiğdem, 1575. Cadde 43A, 06530Ankara, Ankara,
Ankara Türkiye",description_1,42.83,20,5/10/2024 4:59,39.88765702,32.79979395
"1,865",7/1/2024 16:50:00,Ankara DMA 1-2,"Çiğdem, 1071 Malazgirt Bulvarı, 06530Ankara, Ankara,
Ankara Türkiye",description_2,42.9,9,5/10/2024 4:59,39.888736,32.799528
"1,866",7/1/2024 16:50:00,Ankara DMA 1-3,"Çiğdem, 1591. Sokak 11, 06530Ankara, Ankara,
Ankara Türkiye",description_3,43.9,14,5/10/2024 4:59,39.88429001,32.79584398
"1,867",7/1/2024 16:50:00,Ankara DMA 1-4,"Çiğdem, 1550/1. Cadde 2C, 06530Ankara, Ankara,
Ankara Türkiye",description_4,32.59,14,5/10/2024 4:59,39.88905796,32.79525397
"1,868",7/1/2024 16:50:00,Ankara DMA 1-5,"Çiğdem, 1589. Sokak 16, 06530Ankara, Ankara,
Ankara Türkiye",description_5,33.67,9,5/10/2024 4:59,39.88536496,32.79749503
"1,864",7/1/2024 17:00:00,Ankara DMA 1-1,"Çiğdem, 1575. Cadde 43A, 06530Ankara, Ankara,
Ankara Türkiye",description_1,39.63,20,5/10/2024 4:59,39.88765702,32.79979395
"1,865",7/1/2024 17:00:00,Ankara DMA 1-2,"Çiğdem, 1071 Malazgirt Bulvarı, 06530Ankara, Ankara,
Ankara Türkiye",description_2,49.32,9,5/10/2024 4:59,39.888736,32.799528
"1,866",7/1/2024 17:00:00,Ankara DMA 1-3,"Çiğdem, 1591. Sokak 11, 06530Ankara, Ankara,
Ankara Türkiye",description_3,34.25,14,5/10/2024 4:59,39.88429001,32.79584398
"1,867",7/1/2024 17:00:00,Ankara DMA 1-4,"Çiğdem, 1550/1. Cadde 2C, 06530Ankara, Ankara,
Ankara Türkiye",description_4,31.72,14,5/10/2024 4:59,39.88905796,32.79525397
"1,868",7/1/2024 17:00:00,Ankara DMA 1-5,"Çiğdem, 1589. Sokak 16, 06530Ankara, Ankara,
Ankara Türkiye",description_5,37.57,9,5/10/2024 4:59,39.88536496,32.79749503
"1,864",7/1/2024 17:10:00,Ankara DMA 1-1,"Çiğdem, 1575. Cadde 43A, 06530Ankara, Ankara,
Ankara Türkiye",description_1,32.28,20,5/10/2024 4:59,39.88765702,32.79979395
"1,865",7/1/2024 17:10:00,Ankara DMA 1-2,"Çiğdem, 1071 Malazgirt Bulvarı, 06530Ankara, Ankara,
Ankara Türkiye",description_2,48.38,9,5/10/2024 4:59,39.888736,32.799528
"1,866",7/1/2024 17:10:00,Ankara DMA 1-3,"Çiğdem, 1591. Sokak 11, 06530Ankara, Ankara,
Ankara Türkiye",description_3,34.68,14,5/10/2024 4:59,39.88429001,32.79584398
"1,867",7/1/2024 17:10:00,Ankara DMA 1-4,"Çiğdem, 1550/1. Cadde 2C, 06530Ankara, Ankara,
Ankara Türkiye",description_4,43.19,14,5/10/2024 4:59,39.88905796,32.79525397
"1,868",7/1/2024 17:10:00,Ankara DMA 1-5,"Çiğdem, 1589. Sokak 16, 06530Ankara, Ankara,
Ankara Türkiye",description_5,47.85,9,5/10/2024 4:59,39.88536496,32.79749503
"1,864",7/1/2024 17:20:00,Ankara DMA 1-1,"Çiğdem, 1575. Cadde 43A, 06530Ankara, Ankara,
Ankara Türkiye",description_1,37.08,20,5/10/2024 4:59,39.88765702,32.79979395
"1,865",7/1/2024 17:20:00,Ankara DMA 1-2,"Çiğdem, 1071 Malazgirt Bulvarı, 06530Ankara, Ankara,
Ankara Türkiye",description_2,47.9,9,5/10/2024 4:59,39.888736,32.799528
"1,866",7/1/2024 17:20:00,Ankara DMA 1-3,"Çiğdem, 1591. Sokak 11, 06530Ankara, Ankara,
Ankara Türkiye",description_3,40.46,14,5/10/2024 4:59,39.88429001,32.79584398
"1,867",7/1/2024 17:20:00,Ankara DMA 1-4,"Çiğdem, 1550/1. Cadde 2C, 06530Ankara, Ankara,
Ankara Türkiye",description_4,32.61,14,5/10/2024 4:59,39.88905796,32.79525397
"1,868",7/1/2024 17:20:00,Ankara DMA 1-5,"Çiğdem, 1589. Sokak 16, 06530Ankara, Ankara,
Ankara Türkiye",description_5,40.48,9,5/10/2024 4:59,39.88536496,32.79749503
"1,864",7/1/2024 17:30:00,Ankara DMA 1-1,"Çiğdem, 1575. Cadde 43A, 06530Ankara, Ankara,
Ankara Türkiye",description_1,43.82,20,5/10/2024 4:59,39.88765702,32.79979395
"1,865",7/1/2024 17:30:00,Ankara DMA 1-2,"Çiğdem, 1071 Malazgirt Bulvarı, 06530Ankara, Ankara,
Ankara Türkiye",description_2,38.97,9,5/10/2024 4:59,39.888736,32.799528
"1,866",7/1/2024 17:30:00,Ankara DMA 1-3,"Çiğdem, 1591. Sokak 11, 06530Ankara, Ankara,
Ankara Türkiye",description_3,36.41,14,5/10/2024 4:59,39.88429001,32.79584398
"1,867",7/1/2024 17:30:00,Ankara DMA 1-4,"Çiğdem, 1550/1. Cadde 2C, 06530Ankara, Ankara,
Ankara Türkiye",description_4,34.73,14,5/10/2024 4:59,39.88905796,32.79525397
"1,868",7/1/2024 17:30:00,Ankara DMA 1-5,"Çiğdem, 1589. Sokak 16, 06530Ankara, Ankara,
Ankara Türkiye",description_5,47.4,9,5/10/2024 4:59,39.88536496,32.79749503
"1,864",7/1/2024 17:40:00,Ankara DMA 1-1,"Çiğdem, 1575. Cadde 43A, 06530Ankara, Ankara,
Ankara Türkiye",description_1,48.69,20,5/10/2024 4:59,39.88765702,32.79979395
"1,865",7/1/2024 17:40:00,Ankara DMA 1-2,"Çiğdem, 1071 Malazgirt Bulvarı, 06530Ankara, Ankara,
Ankara Türkiye",description_2,45.93,9,5/10/2024 4:59,39.888736,32.799528
"1,866",7/1/2024 17:40:00,Ankara DMA 1-3,"Çiğdem, 1591. Sokak 11, 06530Ankara, Ankara,
Ankara Türkiye",description_3,45.78,14,5/10/2024 4:59,39.88429001,32.79584398
"1,867",7/1/2024 17:40:00,Ankara DMA 1-4,"Çiğdem, 1550/1. Cadde 2C, 06530Ankara, Ankara,
Ankara Türkiye",description_4,34.15,14,5/10/2024 4:59,39.88905796,32.79525397
"1,868",7/1/2024 17:40:00,Ankara DMA 1-5,"Çiğdem, 1589. Sokak 16, 06530Ankara, Ankara,
Ankara Türkiye",description_5,48.16,9,5/10/2024 4:59,39.88536496,32.79749503
"1,864",7/1/2024 17:50:00,Ankara DMA 1-1,"Çiğdem, 1575. Cadde 43A, 06530Ankara, Ankara,
Ankara Türkiye",description_1,48.26,20,5/10/2024 4:59,39.88765702,32.79979395
"1,865",7/1/2024 17:50:00,Ankara DMA 1-2,"Çiğdem, 1071 Malazgirt Bulvarı, 06530Ankara, Ankara,
Ankara Türkiye",description_2,46.96,9,5/10/2024 4:59,39.888736,32.799528
"1,866",7/1/2024 17:50:00,Ankara DMA 1-3,"Çiğdem, 1591. Sokak 11, 06530Ankara, Ankara,
Ankara Türkiye",description_3,46.11,14,5/10/2024 4:59,39.88429001,32.79584398
"1,867",7/1/2024 17:50:00,Ankara DMA 1-4,"Çiğdem, 1550/1. Cadde 2C, 06530Ankara, Ankara,
Ankara Türkiye",description_4,30.98,14,5/10/2024 4:59,39.88905796,32.79525397
"1,868",7/1/2024 17:50:00,Ankara DMA 1-5,"Çiğdem, 1589. Sokak 16, 06530Ankara, Ankara,
Ankara Türkiye",description_5,37.74,9,5/10/2024 4:59,39.88536496,32.79749503
"1,864",7/1/2024 18:00:00,Ankara DMA 1-1,"Çiğdem, 1575. Cadde 43A, 06530Ankara, Ankara,
Ankara Türkiye",description_1,36.35,20,5/10/2024 4:59,39.88765702,32.79979395
"1,865",7/1/2024 18:00:00,Ankara DMA 1-2,"Çiğdem, 1071 Malazgirt Bulvarı, 06530Ankara, Ankara,
Ankara Türkiye",description_2,43.87,9,5/10/2024 4:59,39.888736,32.799528
"1,866",7/1/2024 18:00:00,Ankara DMA 1-3,"Çiğdem, 1591. Sokak 11, 06530Ankara, Ankara,
Ankara Türkiye",description_3,48.74,14,5/10/2024 4:59,39.88429001,32.79584398
"1,867",7/1/2024 18:00:00,Ankara DMA 1-4,"Çiğdem, 1550/1. Cadde 2C, 06530Ankara, Ankara,
Ankara Türkiye",description_4,37.41,14,5/10/2024 4:59,39.88905796,32.79525397
"1,868",7/1/2024 18:00:00,Ankara DMA 1-5,"Çiğdem, 1589. Sokak 16, 06530Ankara, Ankara,
Ankara Türkiye",description_5,42.1,9,5/10/2024 4:59,39.88536496,32.79749503
"1,864",7/1/2024 18:10:00,Ankara DMA 1-1,"Çiğdem, 1575. Cadde 43A, 06530Ankara, Ankara,
Ankara Türkiye",description_1,31.14,20,5/10/2024 4:59,39.88765702,32.79979395
"1,865",7/1/2024 18:10:00,Ankara DMA 1-2,"Çiğdem, 1071 Malazgirt Bulvarı, 06530Ankara, Ankara,
Ankara Türkiye",description_2,48.29,9,5/10/2024 4:59,39.888736,32.799528
"1,866",7/1/2024 18:10:00,Ankara DMA 1-3,"Çiğdem, 1591. Sokak 11, 06530Ankara, Ankara,
Ankara Türkiye",description_3,33.55,14,5/10/2024 4:59,39.88429001,32.79584398
"1,867",7/1/2024 18:10:00,Ankara DMA 1-4,"Çiğdem, 1550/1. Cadde 2C, 06530Ankara, Ankara,
Ankara Türkiye",description_4,42.35,14,5/10/2024 4:59,39.88905796,32.79525397
"1,868",7/1/2024 18:10:00,Ankara DMA 1-5,"Çiğdem, 1589. Sokak 16, 06530Ankara, Ankara,
Ankara Türkiye",description_5,44.66,9,5/10/2024 4:59,39.88536496,32.79749503
"1,864",7/1/2024 18:20:00,Ankara DMA 1-1,"Çiğdem, 1575. Cadde 43A, 06530Ankara, Ankara,
Ankara Türkiye",description_1,33.72,20,5/10/2024 4:59,39.88765702,32.79979395
"1,865",7/1/2024 18:20:00,Ankara DMA 1-2,"Çiğdem, 1071 Malazgirt Bulvarı, 06530Ankara, Ankara,
Ankara Türkiye",description_2,36.96,9,5/10/2024 4:59,39.888736,32.799528
"1,866",7/1/2024 18:20:00,Ankara DMA 1-3,"Çiğdem, 1591. Sokak 11, 06530Ankara, Ankara,
Ankara Türkiye",description_3,34.18,14,5/10/2024 4:59,39.88429001,32.79584398
"1,867",7/1/2024 18:20:00,Ankara DMA 1-4,"Çiğdem, 1550/1. Cadde 2C, 06530Ankara, Ankara,
Ankara Türkiye",description_4,35.76,14,5/10/2024 4:59,39.88905796,32.79525397
"1,868",7/1/2024 18:20:00,Ankara DMA 1-5,"Çiğdem, 1589. Sokak 16, 06530Ankara, Ankara,
Ankara Türkiye",description_5,31.04,9,5/10/2024 4:59,39.88536496,32.79749503
"1,864",7/1/2024 18:30:00,Ankara DMA 1-1,"Çiğdem, 1575. Cadde 43A, 06530Ankara, Ankara,
Ankara Türkiye",description_1,32.29,20,5/10/2024 4:59,39.88765702,32.79979395
"1,865",7/1/2024 18:30:00,Ankara DMA 1-2,"Çiğdem, 1071 Malazgirt Bulvarı, 06530Ankara, Ankara,
Ankara Türkiye",description_2,35.8,9,5/10/2024 4:59,39.888736,32.799528
"1,866",7/1/2024 18:30:00,Ankara DMA 1-3,"Çiğdem, 1591. Sokak 11, 06530Ankara, Ankara,
Ankara Türkiye",description_3,33.34,14,5/10/2024 4:59,39.88429001,32.79584398
"1,867",7/1/2024 18:30:00,Ankara DMA 1-4,"Çiğdem, 1550/1. Cadde 2C, 06530Ankara, Ankara,
Ankara Türkiye",description_4,36.6,14,5/10/2024 4:59,39.88905796,32.79525397
"1,868",7/1/2024 18:30:00,Ankara DMA 1-5,"Çiğdem, 1589. Sokak 16, 06530Ankara, Ankara,
Ankara Türkiye",description_5,36.37,9,5/10/2024 4:59,39.88536496,32.79749503
"1,864",7/1/2024 18:40:00,Ankara DMA 1-1,"Çiğdem, 1575. Cadde 43A, 06530Ankara, Ankara,
Ankara Türkiye",description_1,30.61,20,5/10/2024 4:59,39.88765702,32.79979395
"1,865",7/1/2024 18:40:00,Ankara DMA 1-2,"Çiğdem, 1071 Malazgirt Bulvarı, 06530Ankara, Ankara,
Ankara Türkiye",description_2,44.38,9,5/10/2024 4:59,39.888736,32.799528
"1,866",7/1/2024 18:40:00,Ankara DMA 1-3,"Çiğdem, 1591. Sokak 11, 06530Ankara, Ankara,
Ankara Türkiye",description_3,44.88,14,5/10/2024 4:59,39.88429001,32.79584398
"1,867",7/1/2024 18:40:00,Ankara DMA 1-4,"Çiğdem, 1550/1. Cadde 2C, 06530Ankara, Ankara,
Ankara Türkiye",description_4,44.72,14,5/10/2024 4:59,39.88905796,32.79525397
"1,868",7/1/2024 18:40:00,Ankara DMA 1-5,"Çiğdem, 1589. Sokak 16, 06530Ankara, Ankara,
Ankara Türkiye",description_5,35.71,9,5/10/2024 4:59,39.88536496,32.79749503
"1,864",7/1/2024 18:50:00,Ankara DMA 1-1,"Çiğdem, 1575. Cadde 43A, 06530Ankara, Ankara,
Ankara Türkiye",description_1,33.74,20,5/10/2024 4:59,39.88765702,32.79979395
"1,865",7/1/2024 18:50:00,Ankara DMA 1-2,"Çiğdem, 1071 Malazgirt Bulvarı, 06530Ankara, Ankara,
Ankara Türkiye",description_2,46.57,9,5/10/2024 4:59,39.888736,32.799528
"1,866",7/1/2024 18:50:00,Ankara DMA 1-3,"Çiğdem, 1591. Sokak 11, 06530Ankara, Ankara,
Ankara Türkiye",description_3,48.87,14,5/10/2024 4:59,39.88429001,32.79584398
"1,867",7/1/2024 18:50:00,Ankara DMA 1-4,"Çiğdem, 1550/1. Cadde 2C, 06530Ankara, Ankara,
Ankara Türkiye",description_4,40.49,14,5/10/2024 4:59,39.88905796,32.79525397
"1,868",7/1/2024 18:50:00,Ankara DMA 1-5,"Çiğdem, 1589. Sokak 16, 06530Ankara, Ankara,
Ankara Türkiye",description_5,45.01,9,5/10/2024 4:59,39.88536496,32.79749503
"1,864",7/1/2024 19:00:00,Ankara DMA 1-1,"Çiğdem, 1575. Cadde 43A, 06530Ankara, Ankara,
Ankara Türkiye",description_1,41.57,20,5/10/2024 4:59,39.88765702,32.79979395
"1,865",7/1/2024 19:00:00,Ankara DMA 1-2,"Çiğdem, 1071 Malazgirt Bulvarı, 06530Ankara, Ankara,
Ankara Türkiye",description_2,43.68,9,5/10/2024 4:59,39.888736,32.799528
"1,866",7/1/2024 19:00:00,Ankara DMA 1-3,"Çiğdem, 1591. Sokak 11, 06530Ankara, Ankara,
Ankara Türkiye",description_3,40.35,14,5/10/2024 4:59,39.88429001,32.79584398
"1,867",7/1/2024 19:00:00,Ankara DMA 1-4,"Çiğdem, 1550/1. Cadde 2C, 06530Ankara, Ankara,
Ankara Türkiye",description_4,33.83,14,5/10/2024 4:59,39.88905796,32.79525397
"1,868",7/1/2024 19:00:00,Ankara DMA 1-5,"Çiğdem, 1589. Sokak 16, 06530Ankara, Ankara,
Ankara Türkiye",description_5,45.83,9,5/10/2024 4:59,39.88536496,32.79749503
"1,864",7/1/2024 19:10:00,Ankara DMA 1-1,"Çiğdem, 1575. Cadde 43A, 06530Ankara, Ankara,
Ankara Türkiye",description_1,43.47,20,5/10/2024 4:59,39.88765702,32.79979395
"1,865",7/1/2024 19:10:00,Ankara DMA 1-2,"Çiğdem, 1071 Malazgirt Bulvarı, 06530Ankara, Ankara,
Ankara Türkiye",description_2,46.78,9,5/10/2024 4:59,39.888736,32.799528
"1,866",7/1/2024 19:10:00,Ankara DMA 1-3,"Çiğdem, 1591. Sokak 11, 06530Ankara, Ankara,
Ankara Türkiye",description_3,34.07,14,5/10/2024 4:59,39.88429001,32.79584398
"1,867",7/1/2024 19:10:00,Ankara DMA 1-4,"Çiğdem, 1550/1. Cadde 2C, 06530Ankara, Ankara,
Ankara Türkiye",description_4,44.61,14,5/10/2024 4:59,39.88905796,32.79525397
"1,868",7/1/2024 19:10:00,Ankara DMA 1-5,"Çiğdem, 1589. Sokak 16, 06530Ankara, Ankara,
Ankara Türkiye",description_5,34.5,9,5/10/2024 4:59,39.88536496,32.79749503
"1,864",7/1/2024 19:20:00,Ankara DMA 1-1,"Çiğdem, 1575. Cadde 43A, 06530Ankara, Ankara,
Ankara Türkiye",description_1,41.41,20,5/10/2024 4:59,39.88765702,32.79979395
"1,865",7/1/2024 19:20:00,Ankara DMA 1-2,"Çiğdem, 1071 Malazgirt Bulvarı, 06530Ankara, Ankara,
Ankara Türkiye",description_2,49.59,9,5/10/2024 4:59,39.888736,32.799528
"1,866",7/1/2024 19:20:00,Ankara DMA 1-3,"Çiğdem, 1591. Sokak 11, 06530Ankara, Ankara,
Ankara Türkiye",description_3,47.15,14,5/10/2024 4:59,39.88429001,32.79584398
"1,867",7/1/2024 19:20:00,Ankara DMA 1-4,"Çiğdem, 1550/1. Cadde 2C, 06530Ankara, Ankara,
Ankara Türkiye",description_4,37.69,14,5/10/2024 4:59,39.88905796,32.79525397
"1,868",7/1/2024 19:20:00,Ankara DMA 1-5,"Çiğdem, 1589. Sokak 16, 06530Ankara, Ankara,
Ankara Türkiye",description_5,48.16,9,5/10/2024 4:59,39.88536496,32.79749503
"1,864",7/1/2024 19:30:00,Ankara DMA 1-1,"Çiğdem, 1575. Cadde 43A, 06530Ankara, Ankara,
Ankara Türkiye",description_1,36.99,20,5/10/2024 4:59,39.88765702,32.79979395
"1,865",7/1/2024 19:30:00,Ankara DMA 1-2,"Çiğdem, 1071 Malazgirt Bulvarı, 06530Ankara, Ankara,
Ankara Türkiye",description_2,43.33,9,5/10/2024 4:59,39.888736,32.799528
"1,866",7/1/2024 19:30:00,Ankara DMA 1-3,"Çiğdem, 1591. Sokak 11, 06530Ankara, Ankara,
Ankara Türkiye",description_3,37.21,14,5/10/2024 4:59,39.88429001,32.79584398
"1,867",7/1/2024 19:30:00,Ankara DMA 1-4,"Çiğdem, 1550/1. Cadde 2C, 06530Ankara, Ankara,
Ankara Türkiye",description_4,47.34,14,5/10/2024 4:59,39.88905796,32.79525397
"1,868",7/1/2024 19:30:00,Ankara DMA 1-5,"Çiğdem, 1589. Sokak 16, 06530Ankara, Ankara,
Ankara Türkiye",description_5,38.96,9,5/10/2024 4:59,39.88536496,32.79749503
"1,864",7/1/2024 19:40:00,Ankara DMA 1-1,"Çiğdem, 1575. Cadde 43A, 06530Ankara, Ankara,
Ankara Türkiye",description_1,47.67,20,5/10/2024 4:59,39.88765702,32.79979395
"1,865",7/1/2024 19:40:00,Ankara DMA 1-2,"Çiğdem, 1071 Malazgirt Bulvarı, 06530Ankara, Ankara,
Ankara Türkiye",description_2,46.75,9,5/10/2024 4:59,39.888736,32.799528
"1,866",7/1/2024 19:40:00,Ankara DMA 1-3,"Çiğdem, 1591. Sokak 11, 06530Ankara, Ankara,
Ankara Türkiye",description_3,33.16,14,5/10/2024 4:59,39.88429001,32.79584398
"1,867",7/1/2024 19:40:00,Ankara DMA 1-4,"Çiğdem, 1550/1. Cadde 2C, 06530Ankara, Ankara,
Ankara Türkiye",description_4,41.43,14,5/10/2024 4:59,39.88905796,32.79525397
"1,868",7/1/2024 19:40:00,Ankara DMA 1-5,"Çiğdem, 1589. Sokak 16, 06530Ankara, Ankara,
Ankara Türkiye",description_5,41.52,9,5/10/2024 4:59,39.88536496,32.79749503
"1,864",7/1/2024 19:50:00,Ankara DMA 1-1,"Çiğdem, 1575. Cadde 43A, 06530Ankara, Ankara,
Ankara Türkiye",description_1,33.66,20,5/10/2024 4:59,39.88765702,32.79979395
"1,865",7/1/2024 19:50:00,Ankara DMA 1-2,"Çiğdem, 1071 Malazgirt Bulvarı, 06530Ankara, Ankara,
Ankara Türkiye",description_2,46.08,9,5/10/2024 4:59,39.888736,32.799528
"1,866",7/1/2024 19:50:00,Ankara DMA 1-3,"Çiğdem, 1591. Sokak 11, 06530Ankara, Ankara,
Ankara Türkiye",description_3,46.44,14,5/10/2024 4:59,39.88429001,32.79584398
"1,867",7/1/2024 19:50:00,Ankara DMA 1-4,"Çiğdem, 1550/1. Cadde 2C, 06530Ankara, Ankara,
Ankara Türkiye",description_4,32.9,14,5/10/2024 4:59,39.88905796,32.79525397
"1,868",7/1/2024 19:50:00,Ankara DMA 1-5,"Çiğdem, 1589. Sokak 16, 06530Ankara, Ankara,
Ankara Türkiye",description_5,43.45,9,5/10/2024 4:59,39.88536496,32.79749503
"1,864",7/1/2024 20:00:00,Ankara DMA 1-1,"Çiğdem, 1575. Cadde 43A, 06530Ankara, Ankara,
Ankara Türkiye",description_1,39.27,20,5/10/2024 4:59,39.88765702,32.79979395
"1,865",7/1/2024 20:00:00,Ankara DMA 1-2,"Çiğdem, 1071 Malazgirt Bulvarı, 06530Ankara, Ankara,
Ankara Türkiye",description_2,34.38,9,5/10/2024 4:59,39.888736,32.799528
"1,866",7/1/2024 20:00:00,Ankara DMA 1-3,"Çiğdem, 1591. Sokak 11, 06530Ankara, Ankara,
Ankara Türkiye",description_3,48.85,14,5/10/2024 4:59,39.88429001,32.79584398
"1,867",7/1/2024 20:00:00,Ankara DMA 1-4,"Çiğdem, 1550/1. Cadde 2C, 06530Ankara, Ankara,
Ankara Türkiye",description_4,40.83,14,5/10/2024 4:59,39.88905796,32.79525397
"1,868",7/1/2024 20:00:00,Ankara DMA 1-5,"Çiğdem, 1589. Sokak 16, 06530Ankara, Ankara,
Ankara Türkiye",description_5,44.93,9,5/10/2024 4:59,39.88536496,32.79749503
"1,864",7/1/2024 20:10:00,Ankara DMA 1-1,"Çiğdem, 1575. Cadde 43A, 06530Ankara, Ankara,
Ankara Türkiye",description_1,47.52,20,5/10/2024 4:59,39.88765702,32.79979395
"1,865",7/1/2024 20:10:00,Ankara DMA 1-2,"Çiğdem, 1071 Malazgirt Bulvarı, 06530Ankara, Ankara,
Ankara Türkiye",description_2,38.83,9,5/10/2024 4:59,39.888736,32.799528
"1,866",7/1/2024 20:10:00,Ankara DMA 1-3,"Çiğdem, 1591. Sokak 11, 06530Ankara, Ankara,
Ankara Türkiye",description_3,31.62,14,5/10/2024 4:59,39.88429001,32.79584398
"1,867",7/1/2024 20:10:00,Ankara DMA 1-4,"Çiğdem, 1550/1. Cadde 2C, 06530Ankara, Ankara,
Ankara Türkiye",description_4,45.24,14,5/10/2024 4:59,39.88905796,32.79525397
"1,868",7/1/2024 20:10:00,Ankara DMA 1-5,"Çiğdem, 1589. Sokak 16, 06530Ankara, Ankara,
Ankara Türkiye",description_5,32.13,9,5/10/2024 4:59,39.88536496,32.79749503
"1,864",7/1/2024 20:20:00,Ankara DMA 1-1,"Çiğdem, 1575. Cadde 43A, 06530Ankara, Ankara,
Ankara Türkiye",description_1,31.93,20,5/10/2024 4:59,39.88765702,32.79979395
"1,865",7/1/2024 20:20:00,Ankara DMA 1-2,"Çiğdem, 1071 Malazgirt Bulvarı, 06530Ankara, Ankara,
Ankara Türkiye",description_2,38.93,9,5/10/2024 4:59,39.888736,32.799528
"1,866",7/1/2024 20:20:00,Ankara DMA 1-3,"Çiğdem, 1591. Sokak 11, 06530Ankara, Ankara,
Ankara Türkiye",description_3,38.53,14,5/10/2024 4:59,39.88429001,32.79584398
"1,867",7/1/2024 20:20:00,Ankara DMA 1-4,"Çiğdem, 1550/1. Cadde 2C, 06530Ankara, Ankara,
Ankara Türkiye",description_4,48.05,14,5/10/2024 4:59,39.88905796,32.79525397
"1,868",7/1/2024 20:20:00,Ankara DMA 1-5,"Çiğdem, 1589. Sokak 16, 06530Ankara, Ankara,
Ankara Türkiye",description_5,40.42,9,5/10/2024 4:59,39.88536496,32.79749503
"1,864",7/1/2024 20:30:00,Ankara DMA 1-1,"Çiğdem, 1575. Cadde 43A, 06530Ankara, Ankara,
Ankara Türkiye",description_1,45.57,20,5/10/2024 4:59,39.88765702,32.79979395
"1,865",7/1/2024 20:30:00,Ankara DMA 1-2,"Çiğdem, 1071 Malazgirt Bulvarı, 06530Ankara, Ankara,
Ankara Türkiye",description_2,30,9,5/10/2024 4:59,39.888736,32.799528
"1,866",7/1/2024 20:30:00,Ankara DMA 1-3,"Çiğdem, 1591. Sokak 11, 06530Ankara, Ankara,
Ankara Türkiye",description_3,35.77,14,5/10/2024 4:59,39.88429001,32.79584398
"1,867",7/1/2024 20:30:00,Ankara DMA 1-4,"Çiğdem, 1550/1. Cadde 2C, 06530Ankara, Ankara,
Ankara Türkiye",description_4,41.33,14,5/10/2024 4:59,39.88905796,32.79525397
"1,868",7/1/2024 20:30:00,Ankara DMA 1-5,"Çiğdem, 1589. Sokak 16, 06530Ankara, Ankara,
Ankara Türkiye",description_5,42.54,9,5/10/2024 4:59,39.88536496,32.79749503
"1,864",7/1/2024 20:40:00,Ankara DMA 1-1,"Çiğdem, 1575. Cadde 43A, 06530Ankara, Ankara,
Ankara Türkiye",description_1,34.16,20,5/10/2024 4:59,39.88765702,32.79979395
"1,865",7/1/2024 20:40:00,Ankara DMA 1-2,"Çiğdem, 1071 Malazgirt Bulvarı, 06530Ankara, Ankara,
Ankara Türkiye",description_2,36.69,9,5/10/2024 4:59,39.888736,32.799528
"1,866",7/1/2024 20:40:00,Ankara DMA 1-3,"Çiğdem, 1591. Sokak 11, 06530Ankara, Ankara,
Ankara Türkiye",description_3,40.22,14,5/10/2024 4:59,39.88429001,32.79584398
"1,867",7/1/2024 20:40:00,Ankara DMA 1-4,"Çiğdem, 1550/1. Cadde 2C, 06530Ankara, Ankara,
Ankara Türkiye",description_4,46.26,14,5/10/2024 4:59,39.88905796,32.79525397
"1,868",7/1/2024 20:40:00,Ankara DMA 1-5,"Çiğdem, 1589. Sokak 16, 06530Ankara, Ankara,
Ankara Türkiye",description_5,33.48,9,5/10/2024 4:59,39.88536496,32.79749503
"1,864",7/1/2024 20:50:00,Ankara DMA 1-1,"Çiğdem, 1575. Cadde 43A, 06530Ankara, Ankara,
Ankara Türkiye",description_1,49.37,20,5/10/2024 4:59,39.88765702,32.79979395
"1,865",7/1/2024 20:50:00,Ankara DMA 1-2,"Çiğdem, 1071 Malazgirt Bulvarı, 06530Ankara, Ankara,
Ankara Türkiye",description_2,43.91,9,5/10/2024 4:59,39.888736,32.799528
"1,866",7/1/2024 20:50:00,Ankara DMA 1-3,"Çiğdem, 1591. Sokak 11, 06530Ankara, Ankara,
Ankara Türkiye",description_3,35.12,14,5/10/2024 4:59,39.88429001,32.79584398
"1,867",7/1/2024 20:50:00,Ankara DMA 1-4,"Çiğdem, 1550/1. Cadde 2C, 06530Ankara, Ankara,
Ankara Türkiye",description_4,47.9,14,5/10/2024 4:59,39.88905796,32.79525397
"1,868",7/1/2024 20:50:00,Ankara DMA 1-5,"Çiğdem, 1589. Sokak 16, 06530Ankara, Ankara,
Ankara Türkiye",description_5,42.18,9,5/10/2024 4:59,39.88536496,32.79749503
"1,864",7/1/2024 21:00:00,Ankara DMA 1-1,"Çiğdem, 1575. Cadde 43A, 06530Ankara, Ankara,
Ankara Türkiye",description_1,49.49,20,5/10/2024 4:59,39.88765702,32.79979395
"1,865",7/1/2024 21:00:00,Ankara DMA 1-2,"Çiğdem, 1071 Malazgirt Bulvarı, 06530Ankara, Ankara,
Ankara Türkiye",description_2,43.24,9,5/10/2024 4:59,39.888736,32.799528
"1,866",7/1/2024 21:00:00,Ankara DMA 1-3,"Çiğdem, 1591. Sokak 11, 06530Ankara, Ankara,
Ankara Türkiye",description_3,30.97,14,5/10/2024 4:59,39.88429001,32.79584398
"1,867",7/1/2024 21:00:00,Ankara DMA 1-4,"Çiğdem, 1550/1. Cadde 2C, 06530Ankara, Ankara,
Ankara Türkiye",description_4,31.7,14,5/10/2024 4:59,39.88905796,32.79525397
"1,868",7/1/2024 21:00:00,Ankara DMA 1-5,"Çiğdem, 1589. Sokak 16, 06530Ankara, Ankara,
Ankara Türkiye",description_5,43.39,9,5/10/2024 4:59,39.88536496,32.79749503
"1,864",7/1/2024 21:10:00,Ankara DMA 1-1,"Çiğdem, 1575. Cadde 43A, 06530Ankara, Ankara,
Ankara Türkiye",description_1,33.56,20,5/10/2024 4:59,39.88765702,32.79979395
"1,865",7/1/2024 21:10:00,Ankara DMA 1-2,"Çiğdem, 1071 Malazgirt Bulvarı, 06530Ankara, Ankara,
Ankara Türkiye",description_2,35.73,9,5/10/2024 4:59,39.888736,32.799528
"1,866",7/1/2024 21:10:00,Ankara DMA 1-3,"Çiğdem, 1591. Sokak 11, 06530Ankara, Ankara,
Ankara Türkiye",description_3,42.86,14,5/10/2024 4:59,39.88429001,32.79584398
"1,867",7/1/2024 21:10:00,Ankara DMA 1-4,"Çiğdem, 1550/1. Cadde 2C, 06530Ankara, Ankara,
Ankara Türkiye",description_4,42.28,14,5/10/2024 4:59,39.88905796,32.79525397
"1,868",7/1/2024 21:10:00,Ankara DMA 1-5,"Çiğdem, 1589. Sokak 16, 06530Ankara, Ankara,
Ankara Türkiye",description_5,44.9,9,5/10/2024 4:59,39.88536496,32.79749503
"1,864",7/1/2024 21:20:00,Ankara DMA 1-1,"Çiğdem, 1575. Cadde 43A, 06530Ankara, Ankara,
Ankara Türkiye",description_1,47.37,20,5/10/2024 4:59,39.88765702,32.79979395
"1,865",7/1/2024 21:20:00,Ankara DMA 1-2,"Çiğdem, 1071 Malazgirt Bulvarı, 06530Ankara, Ankara,
Ankara Türkiye",description_2,39.16,9,5/10/2024 4:59,39.888736,32.799528
"1,866",7/1/2024 21:20:00,Ankara DMA 1-3,"Çiğdem, 1591. Sokak 11, 06530Ankara, Ankara,
Ankara Türkiye",description_3,46.02,14,5/10/2024 4:59,39.88429001,32.79584398
"1,867",7/1/2024 21:20:00,Ankara DMA 1-4,"Çiğdem, 1550/1. Cadde 2C, 06530Ankara, Ankara,
Ankara Türkiye",description_4,45.95,14,5/10/2024 4:59,39.88905796,32.79525397
"1,868",7/1/2024 21:20:00,Ankara DMA 1-5,"Çiğdem, 1589. Sokak 16, 06530Ankara, Ankara,
Ankara Türkiye",description_5,33.37,9,5/10/2024 4:59,39.88536496,32.79749503
"1,864",7/1/2024 21:30:00,Ankara DMA 1-1,"Çiğdem, 1575. Cadde 43A, 06530Ankara, Ankara,
Ankara Türkiye",description_1,43.18,20,5/10/2024 4:59,39.88765702,32.79979395
"1,865",7/1/2024 21:30:00,Ankara DMA 1-2,"Çiğdem, 1071 Malazgirt Bulvarı, 06530Ankara, Ankara,
Ankara Türkiye",description_2,46.23,9,5/10/2024 4:59,39.888736,32.799528
"1,866",7/1/2024 21:30:00,Ankara DMA 1-3,"Çiğdem, 1591. Sokak 11, 06530Ankara, Ankara,
Ankara Türkiye",description_3,32.3,14,5/10/2024 4:59,39.88429001,32.79584398
"1,867",7/1/2024 21:30:00,Ankara DMA 1-4,"Çiğdem, 1550/1. Cadde 2C, 06530Ankara, Ankara,
Ankara Türkiye",description_4,39.88,14,5/10/2024 4:59,39.88905796,32.79525397
"1,868",7/1/2024 21:30:00,Ankara DMA 1-5,"Çiğdem, 1589. Sokak 16, 06530Ankara, Ankara,
Ankara Türkiye",description_5,47.8,9,5/10/2024 4:59,39.88536496,32.79749503
"1,864",7/1/2024 21:40:00,Ankara DMA 1-1,"Çiğdem, 1575. Cadde 43A, 06530Ankara, Ankara,
Ankara Türkiye",description_1,33.28,20,5/10/2024 4:59,39.88765702,32.79979395
"1,865",7/1/2024 21:40:00,Ankara DMA 1-2,"Çiğdem, 1071 Malazgirt Bulvarı, 06530Ankara, Ankara,
Ankara Türkiye",description_2,33.61,9,5/10/2024 4:59,39.888736,32.799528
"1,866",7/1/2024 21:40:00,Ankara DMA 1-3,"Çiğdem, 1591. Sokak 11, 06530Ankara, Ankara,
Ankara Türkiye",description_3,45.22,14,5/10/2024 4:59,39.88429001,32.79584398
"1,867",7/1/2024 21:40:00,Ankara DMA 1-4,"Çiğdem, 1550/1. Cadde 2C, 06530Ankara, Ankara,
Ankara Türkiye",description_4,37.87,14,5/10/2024 4:59,39.88905796,32.79525397
"1,868",7/1/2024 21:40:00,Ankara DMA 1-5,"Çiğdem, 1589. Sokak 16, 06530Ankara, Ankara,
Ankara Türkiye",description_5,38.52,9,5/10/2024 4:59,39.88536496,32.79749503
"1,864",7/1/2024 21:50:00,Ankara DMA 1-1,"Çiğdem, 1575. Cadde 43A, 06530Ankara, Ankara,
Ankara Türkiye",description_1,42.33,20,5/10/2024 4:59,39.88765702,32.79979395
"1,865",7/1/2024 21:50:00,Ankara DMA 1-2,"Çiğdem, 1071 Malazgirt Bulvarı, 06530Ankara, Ankara,
Ankara Türkiye",description_2,39.19,9,5/10/2024 4:59,39.888736,32.799528
"1,866",7/1/2024 21:50:00,Ankara DMA 1-3,"Çiğdem, 1591. Sokak 11, 06530Ankara, Ankara,
Ankara Türkiye",description_3,40.36,14,5/10/2024 4:59,39.88429001,32.79584398
"1,867",7/1/2024 21:50:00,Ankara DMA 1-4,"Çiğdem, 1550/1. Cadde 2C, 06530Ankara, Ankara,
Ankara Türkiye",description_4,30.88,14,5/10/2024 4:59,39.88905796,32.79525397
"1,868",7/1/2024 21:50:00,Ankara DMA 1-5,"Çiğdem, 1589. Sokak 16, 06530Ankara, Ankara,
Ankara Türkiye",description_5,47.72,9,5/10/2024 4:59,39.88536496,32.79749503
"1,864",7/1/2024 22:00:00,Ankara DMA 1-1,"Çiğdem, 1575. Cadde 43A, 06530Ankara, Ankara,
Ankara Türkiye",description_1,37.87,20,5/10/2024 4:59,39.88765702,32.79979395
"1,865",7/1/2024 22:00:00,Ankara DMA 1-2,"Çiğdem, 1071 Malazgirt Bulvarı, 06530Ankara, Ankara,
Ankara Türkiye",description_2,43.64,9,5/10/2024 4:59,39.888736,32.799528
"1,866",7/1/2024 22:00:00,Ankara DMA 1-3,"Çiğdem, 1591. Sokak 11, 06530Ankara, Ankara,
Ankara Türkiye",description_3,32.15,14,5/10/2024 4:59,39.88429001,32.79584398
"1,867",7/1/2024 22:00:00,Ankara DMA 1-4,"Çiğdem, 1550/1. Cadde 2C, 06530Ankara, Ankara,
Ankara Türkiye",description_4,30.36,14,5/10/2024 4:59,39.88905796,32.79525397
"1,868",7/1/2024 22:00:00,Ankara DMA 1-5,"Çiğdem, 1589. Sokak 16, 06530Ankara, Ankara,
Ankara Türkiye",description_5,49.49,9,5/10/2024 4:59,39.88536496,32.79749503
"1,864",7/1/2024 22:10:00,Ankara DMA 1-1,"Çiğdem, 1575. Cadde 43A, 06530Ankara, Ankara,
Ankara Türkiye",description_1,47.88,20,5/10/2024 4:59,39.88765702,32.79979395
"1,865",7/1/2024 22:10:00,Ankara DMA 1-2,"Çiğdem, 1071 Malazgirt Bulvarı, 06530Ankara, Ankara,
Ankara Türkiye",description_2,48.08,9,5/10/2024 4:59,39.888736,32.799528
"1,866",7/1/2024 22:10:00,Ankara DMA 1-3,"Çiğdem, 1591. Sokak 11, 06530Ankara, Ankara,
Ankara Türkiye",description_3,34.81,14,5/10/2024 4:59,39.88429001,32.79584398
"1,867",7/1/2024 22:10:00,Ankara DMA 1-4,"Çiğdem, 1550/1. Cadde 2C, 06530Ankara, Ankara,
Ankara Türkiye",description_4,49.15,14,5/10/2024 4:59,39.88905796,32.79525397
"1,868",7/1/2024 22:10:00,Ankara DMA 1-5,"Çiğdem, 1589. Sokak 16, 06530Ankara, Ankara,
Ankara Türkiye",description_5,46.76,9,5/10/2024 4:59,39.88536496,32.79749503
"1,864",7/1/2024 22:20:00,Ankara DMA 1-1,"Çiğdem, 1575. Cadde 43A, 06530Ankara, Ankara,
Ankara Türkiye",description_1,37.17,20,5/10/2024 4:59,39.88765702,32.79979395
"1,865",7/1/2024 22:20:00,Ankara DMA 1-2,"Çiğdem, 1071 Malazgirt Bulvarı, 06530Ankara, Ankara,
Ankara Türkiye",description_2,33.28,9,5/10/2024 4:59,39.888736,32.799528
"1,866",7/1/2024 22:20:00,Ankara DMA 1-3,"Çiğdem, 1591. Sokak 11, 06530Ankara, Ankara,
Ankara Türkiye",description_3,44.35,14,5/10/2024 4:59,39.88429001,32.79584398
"1,867",7/1/2024 22:20:00,Ankara DMA 1-4,"Çiğdem, 1550/1. Cadde 2C, 06530Ankara, Ankara,
Ankara Türkiye",description_4,39.24,14,5/10/2024 4:59,39.88905796,32.79525397
"1,868",7/1/2024 22:20:00,Ankara DMA 1-5,"Çiğdem, 1589. Sokak 16, 06530Ankara, Ankara,
Ankara Türkiye",description_5,42.77,9,5/10/2024 4:59,39.88536496,32.79749503
"1,864",7/1/2024 22:30:00,Ankara DMA 1-1,"Çiğdem, 1575. Cadde 43A, 06530Ankara, Ankara,
Ankara Türkiye",description_1,37.62,20,5/10/2024 4:59,39.88765702,32.79979395
"1,865",7/1/2024 22:30:00,Ankara DMA 1-2,"Çiğdem, 1071 Malazgirt Bulvarı, 06530Ankara, Ankara,
Ankara Türkiye",description_2,49.19,9,5/10/2024 4:59,39.888736,32.799528
"1,866",7/1/2024 22:30:00,Ankara DMA 1-3,"Çiğdem, 1591. Sokak 11, 06530Ankara, Ankara,
Ankara Türkiye",description_3,39.28,14,5/10/2024 4:59,39.88429001,32.79584398
"1,867",7/1/2024 22:30:00,Ankara DMA 1-4,"Çiğdem, 1550/1. Cadde 2C, 06530Ankara, Ankara,
Ankara Türkiye",description_4,42.8,14,5/10/2024 4:59,39.88905796,32.79525397
"1,868",7/1/2024 22:30:00,Ankara DMA 1-5,"Çiğdem, 1589. Sokak 16, 06530Ankara, Ankara,
Ankara Türkiye",description_5,39.73,9,5/10/2024 4:59,39.88536496,32.79749503
"1,864",7/1/2024 22:40:00,Ankara DMA 1-1,"Çiğdem, 1575. Cadde 43A, 06530Ankara, Ankara,
Ankara Türkiye",description_1,49.65,20,5/10/2024 4:59,39.88765702,32.79979395
"1,865",7/1/2024 22:40:00,Ankara DMA 1-2,"Çiğdem, 1071 Malazgirt Bulvarı, 06530Ankara, Ankara,
Ankara Türkiye",description_2,41.93,9,5/10/2024 4:59,39.888736,32.799528
"1,866",7/1/2024 22:40:00,Ankara DMA 1-3,"Çiğdem, 1591. Sokak 11, 06530Ankara, Ankara,
Ankara Türkiye",description_3,47.07,14,5/10/2024 4:59,39.88429001,32.79584398
"1,867",7/1/2024 22:40:00,Ankara DMA 1-4,"Çiğdem, 1550/1. Cadde 2C, 06530Ankara, Ankara,
Ankara Türkiye",description_4,34.73,14,5/10/2024 4:59,39.88905796,32.79525397
"1,868",7/1/2024 22:40:00,Ankara DMA 1-5,"Çiğdem, 1589. Sokak 16, 06530Ankara, Ankara,
Ankara Türkiye",description_5,42.05,9,5/10/2024 4:59,39.88536496,32.79749503
"1,864",7/1/2024 22:50:00,Ankara DMA 1-1,"Çiğdem, 1575. Cadde 43A, 06530Ankara, Ankara,
Ankara Türkiye",description_1,39.34,20,5/10/2024 4:59,39.88765702,32.79979395
"1,865",7/1/2024 22:50:00,Ankara DMA 1-2,"Çiğdem, 1071 Malazgirt Bulvarı, 06530Ankara, Ankara,
Ankara Türkiye",description_2,49.11,9,5/10/2024 4:59,39.888736,32.799528
"1,866",7/1/2024 22:50:00,Ankara DMA 1-3,"Çiğdem, 1591. Sokak 11, 06530Ankara, Ankara,
Ankara Türkiye",description_3,38.52,14,5/10/2024 4:59,39.88429001,32.79584398
"1,867",7/1/2024 22:50:00,Ankara DMA 1-4,"Çiğdem, 1550/1. Cadde 2C, 06530Ankara, Ankara,
Ankara Türkiye",description_4,39.54,14,5/10/2024 4:59,39.88905796,32.79525397
"1,868",7/1/2024 22:50:00,Ankara DMA 1-5,"Çiğdem, 1589. Sokak 16, 06530Ankara, Ankara,
Ankara Türkiye",description_5,41.93,9,5/10/2024 4:59,39.88536496,32.79749503
"1,864",7/1/2024 23:00:00,Ankara DMA 1-1,"Çiğdem, 1575. Cadde 43A, 06530Ankara, Ankara,
Ankara Türkiye",description_1,49.21,20,5/10/2024 4:59,39.88765702,32.79979395
"1,865",7/1/2024 23:00:00,Ankara DMA 1-2,"Çiğdem, 1071 Malazgirt Bulvarı, 06530Ankara, Ankara,
Ankara Türkiye",description_2,37.7,9,5/10/2024 4:59,39.888736,32.799528
"1,866",7/1/2024 23:00:00,Ankara DMA 1-3,"Çiğdem, 1591. Sokak 11, 06530Ankara, Ankara,
Ankara Türkiye",description_3,38.95,14,5/10/2024 4:59,39.88429001,32.79584398
"1,867",7/1/2024 23:00:00,Ankara DMA 1-4,"Çiğdem, 1550/1. Cadde 2C, 06530Ankara, Ankara,
Ankara Türkiye",description_4,46.84,14,5/10/2024 4:59,39.88905796,32.79525397
"1,868",7/1/2024 23:00:00,Ankara DMA 1-5,"Çiğdem, 1589. Sokak 16, 06530Ankara, Ankara,
Ankara Türkiye",description_5,45.19,9,5/10/2024 4:59,39.88536496,32.79749503
"1,864",7/1/2024 23:10:00,Ankara DMA 1-1,"Çiğdem, 1575. Cadde 43A, 06530Ankara, Ankara,
Ankara Türkiye",description_1,49.06,20,5/10/2024 4:59,39.88765702,32.79979395
"1,865",7/1/2024 23:10:00,Ankara DMA 1-2,"Çiğdem, 1071 Malazgirt Bulvarı, 06530Ankara, Ankara,
Ankara Türkiye",description_2,48.94,9,5/10/2024 4:59,39.888736,32.799528
"1,866",7/1/2024 23:10:00,Ankara DMA 1-3,"Çiğdem, 1591. Sokak 11, 06530Ankara, Ankara,
Ankara Türkiye",description_3,45.93,14,5/10/2024 4:59,39.88429001,32.79584398
"1,867",7/1/2024 23:10:00,Ankara DMA 1-4,"Çiğdem, 1550/1. Cadde 2C, 06530Ankara, Ankara,
Ankara Türkiye",description_4,35.48,14,5/10/2024 4:59,39.88905796,32.79525397
"1,868",7/1/2024 23:10:00,Ankara DMA 1-5,"Çiğdem, 1589. Sokak 16, 06530Ankara, Ankara,
Ankara Türkiye",description_5,34.98,9,5/10/2024 4:59,39.88536496,32.79749503
"1,864",7/1/2024 23:20:00,Ankara DMA 1-1,"Çiğdem, 1575. Cadde 43A, 06530Ankara, Ankara,
Ankara Türkiye",description_1,31.52,20,5/10/2024 4:59,39.88765702,32.79979395
"1,865",7/1/2024 23:20:00,Ankara DMA 1-2,"Çiğdem, 1071 Malazgirt Bulvarı, 06530Ankara, Ankara,
Ankara Türkiye",description_2,48.24,9,5/10/2024 4:59,39.888736,32.799528
"1,866",7/1/2024 23:20:00,Ankara DMA 1-3,"Çiğdem, 1591. Sokak 11, 06530Ankara, Ankara,
Ankara Türkiye",description_3,42.52,14,5/10/2024 4:59,39.88429001,32.79584398
"1,867",7/1/2024 23:20:00,Ankara DMA 1-4,"Çiğdem, 1550/1. Cadde 2C, 06530Ankara, Ankara,
Ankara Türkiye",description_4,44.44,14,5/10/2024 4:59,39.88905796,32.79525397
"1,868",7/1/2024 23:20:00,Ankara DMA 1-5,"Çiğdem, 1589. Sokak 16, 06530Ankara, Ankara,
Ankara Türkiye",description_5,42.87,9,5/10/2024 4:59,39.88536496,32.79749503
"1,864",7/1/2024 23:30:00,Ankara DMA 1-1,"Çiğdem, 1575. Cadde 43A, 06530Ankara, Ankara,
Ankara Türkiye",description_1,41.43,20,5/10/2024 4:59,39.88765702,32.79979395
"1,865",7/1/2024 23:30:00,Ankara DMA 1-2,"Çiğdem, 1071 Malazgirt Bulvarı, 06530Ankara, Ankara,
Ankara Türkiye",description_2,35.74,9,5/10/2024 4:59,39.888736,32.799528
"1,866",7/1/2024 23:30:00,Ankara DMA 1-3,"Çiğdem, 1591. Sokak 11, 06530Ankara, Ankara,
Ankara Türkiye",description_3,43.96,14,5/10/2024 4:59,39.88429001,32.79584398
"1,867",7/1/2024 23:30:00,Ankara DMA 1-4,"Çiğdem, 1550/1. Cadde 2C, 06530Ankara, Ankara,
Ankara Türkiye",description_4,41.3,14,5/10/2024 4:59,39.88905796,32.79525397
"1,868",7/1/2024 23:30:00,Ankara DMA 1-5,"Çiğdem, 1589. Sokak 16, 06530Ankara, Ankara,
Ankara Türkiye",description_5,43.86,9,5/10/2024 4:59,39.88536496,32.79749503
"1,864",7/1/2024 23:40:00,Ankara DMA 1-1,"Çiğdem, 1575. Cadde 43A, 06530Ankara, Ankara,
Ankara Türkiye",description_1,39.6,20,5/10/2024 4:59,39.88765702,32.79979395
"1,865",7/1/2024 23:40:00,Ankara DMA 1-2,"Çiğdem, 1071 Malazgirt Bulvarı, 06530Ankara, Ankara,
Ankara Türkiye",description_2,34.6,9,5/10/2024 4:59,39.888736,32.799528
"1,866",7/1/2024 23:40:00,Ankara DMA 1-3,"Çiğdem, 1591. Sokak 11, 06530Ankara, Ankara,
Ankara Türkiye",description_3,46.17,14,5/10/2024 4:59,39.88429001,32.79584398
"1,867",7/1/2024 23:40:00,Ankara DMA 1-4,"Çiğdem, 1550/1. Cadde 2C, 06530Ankara, Ankara,
Ankara Türkiye",description_4,47.01,14,5/10/2024 4:59,39.88905796,32.79525397
"1,868",7/1/2024 23:40:00,Ankara DMA 1-5,"Çiğdem, 1589. Sokak 16, 06530Ankara, Ankara,
Ankara Türkiye",description_5,30.6,9,5/10/2024 4:59,39.88536496,32.79749503
"1,864",7/1/2024 23:50:00,Ankara DMA 1-1,"Çiğdem, 1575. Cadde 43A, 06530Ankara, Ankara,
Ankara Türkiye",description_1,45.18,20,5/10/2024 4:59,39.88765702,32.79979395
"1,865",7/1/2024 23:50:00,Ankara DMA 1-2,"Çiğdem, 1071 Malazgirt Bulvarı, 06530Ankara, Ankara,
Ankara Türkiye",description_2,30.3,9,5/10/2024 4:59,39.888736,32.799528
"1,866",7/1/2024 23:50:00,Ankara DMA 1-3,"Çiğdem, 1591. Sokak 11, 06530Ankara, Ankara,
Ankara Türkiye",description_3,33.5,14,5/10/2024 4:59,39.88429001,32.79584398
"1,867",7/1/2024 23:50:00,Ankara DMA 1-4,"Çiğdem, 1550/1. Cadde 2C, 06530Ankara, Ankara,
Ankara Türkiye",description_4,33.47,14,5/10/2024 4:59,39.88905796,32.79525397
"1,868",7/1/2024 23:50:00,Ankara DMA 1-5,"Çiğdem, 1589. Sokak 16, 06530Ankara, Ankara,
Ankara Türkiye",description_5,30.45,9,5/10/2024 4:59,39.88536496,32.79749503
"1,864",7/2/2024 0:00:00,Ankara DMA 1-1,"Çiğdem, 1575. Cadde 43A, 06530Ankara, Ankara,
Ankara Türkiye",description_1,36.33,20,5/10/2024 4:59,39.88765702,32.79979395
"1,865",7/2/2024 0:00:00,Ankara DMA 1-2,"Çiğdem, 1071 Malazgirt Bulvarı, 06530Ankara, Ankara,
Ankara Türkiye",description_2,35.39,9,5/10/2024 4:59,39.888736,32.799528
"1,866",7/2/2024 0:00:00,Ankara DMA 1-3,"Çiğdem, 1591. Sokak 11, 06530Ankara, Ankara,
Ankara Türkiye",description_3,37.2,14,5/10/2024 4:59,39.88429001,32.79584398
"1,867",7/2/2024 0:00:00,Ankara DMA 1-4,"Çiğdem, 1550/1. Cadde 2C, 06530Ankara, Ankara,
Ankara Türkiye",description_4,49.34,14,5/10/2024 4:59,39.88905796,32.79525397
"1,868",7/2/2024 0:00:00,Ankara DMA 1-5,"Çiğdem, 1589. Sokak 16, 06530Ankara, Ankara,
Ankara Türkiye",description_5,30.7,9,5/10/2024 4:59,39.88536496,32.79749503
"1,864",7/2/2024 0:10:00,Ankara DMA 1-1,"Çiğdem, 1575. Cadde 43A, 06530Ankara, Ankara,
Ankara Türkiye",description_1,43.38,20,5/10/2024 4:59,39.88765702,32.79979395
"1,865",7/2/2024 0:10:00,Ankara DMA 1-2,"Çiğdem, 1071 Malazgirt Bulvarı, 06530Ankara, Ankara,
Ankara Türkiye",description_2,42.34,9,5/10/2024 4:59,39.888736,32.799528
"1,866",7/2/2024 0:10:00,Ankara DMA 1-3,"Çiğdem, 1591. Sokak 11, 06530Ankara, Ankara,
Ankara Türkiye",description_3,34.76,14,5/10/2024 4:59,39.88429001,32.79584398
"1,867",7/2/2024 0:10:00,Ankara DMA 1-4,"Çiğdem, 1550/1. Cadde 2C, 06530Ankara, Ankara,
Ankara Türkiye",description_4,43.02,14,5/10/2024 4:59,39.88905796,32.79525397
"1,868",7/2/2024 0:10:00,Ankara DMA 1-5,"Çiğdem, 1589. Sokak 16, 06530Ankara, Ankara,
Ankara Türkiye",description_5,44.9,9,5/10/2024 4:59,39.88536496,32.79749503
"1,864",7/2/2024 0:20:00,Ankara DMA 1-1,"Çiğdem, 1575. Cadde 43A, 06530Ankara, Ankara,
Ankara Türkiye",description_1,46.53,20,5/10/2024 4:59,39.88765702,32.79979395
"1,865",7/2/2024 0:20:00,Ankara DMA 1-2,"Çiğdem, 1071 Malazgirt Bulvarı, 06530Ankara, Ankara,
Ankara Türkiye",description_2,32.68,9,5/10/2024 4:59,39.888736,32.799528
"1,866",7/2/2024 0:20:00,Ankara DMA 1-3,"Çiğdem, 1591. Sokak 11, 06530Ankara, Ankara,
Ankara Türkiye",description_3,47.21,14,5/10/2024 4:59,39.88429001,32.79584398
"1,867",7/2/2024 0:20:00,Ankara DMA 1-4,"Çiğdem, 1550/1. Cadde 2C, 06530Ankara, Ankara,
Ankara Türkiye",description_4,36.12,14,5/10/2024 4:59,39.88905796,32.79525397
"1,868",7/2/2024 0:20:00,Ankara DMA 1-5,"Çiğdem, 1589. Sokak 16, 06530Ankara, Ankara,
Ankara Türkiye",description_5,34.72,9,5/10/2024 4:59,39.88536496,32.79749503
"1,864",7/2/2024 0:30:00,Ankara DMA 1-1,"Çiğdem, 1575. Cadde 43A, 06530Ankara, Ankara,
Ankara Türkiye",description_1,31.1,20,5/10/2024 4:59,39.88765702,32.79979395
"1,865",7/2/2024 0:30:00,Ankara DMA 1-2,"Çiğdem, 1071 Malazgirt Bulvarı, 06530Ankara, Ankara,
Ankara Türkiye",description_2,42.68,9,5/10/2024 4:59,39.888736,32.799528
"1,866",7/2/2024 0:30:00,Ankara DMA 1-3,"Çiğdem, 1591. Sokak 11, 06530Ankara, Ankara,
Ankara Türkiye",description_3,38.82,14,5/10/2024 4:59,39.88429001,32.79584398
"1,867",7/2/2024 0:30:00,Ankara DMA 1-4,"Çiğdem, 1550/1. Cadde 2C, 06530Ankara, Ankara,
Ankara Türkiye",description_4,31.09,14,5/10/2024 4:59,39.88905796,32.79525397
"1,868",7/2/2024 0:30:00,Ankara DMA 1-5,"Çiğdem, 1589. Sokak 16, 06530Ankara, Ankara,
Ankara Türkiye",description_5,49.46,9,5/10/2024 4:59,39.88536496,32.79749503
"1,864",7/2/2024 0:40:00,Ankara DMA 1-1,"Çiğdem, 1575. Cadde 43A, 06530Ankara, Ankara,
Ankara Türkiye",description_1,30.87,20,5/10/2024 4:59,39.88765702,32.79979395
"1,865",7/2/2024 0:40:00,Ankara DMA 1-2,"Çiğdem, 1071 Malazgirt Bulvarı, 06530Ankara, Ankara,
Ankara Türkiye",description_2,32.07,9,5/10/2024 4:59,39.888736,32.799528
"1,866",7/2/2024 0:40:00,Ankara DMA 1-3,"Çiğdem, 1591. Sokak 11, 06530Ankara, Ankara,
Ankara Türkiye",description_3,40.52,14,5/10/2024 4:59,39.88429001,32.79584398
"1,867",7/2/2024 0:40:00,Ankara DMA 1-4,"Çiğdem, 1550/1. Cadde 2C, 06530Ankara, Ankara,
Ankara Türkiye",description_4,39.63,14,5/10/2024 4:59,39.88905796,32.79525397
"1,868",7/2/2024 0:40:00,Ankara DMA 1-5,"Çiğdem, 1589. Sokak 16, 06530Ankara, Ankara,
Ankara Türkiye",description_5,49.71,9,5/10/2024 4:59,39.88536496,32.79749503
"1,864",7/2/2024 0:50:00,Ankara DMA 1-1,"Çiğdem, 1575. Cadde 43A, 06530Ankara, Ankara,
Ankara Türkiye",description_1,36.74,20,5/10/2024 4:59,39.88765702,32.79979395
"1,865",7/2/2024 0:50:00,Ankara DMA 1-2,"Çiğdem, 1071 Malazgirt Bulvarı, 06530Ankara, Ankara,
Ankara Türkiye",description_2,48.79,9,5/10/2024 4:59,39.888736,32.799528
"1,866",7/2/2024 0:50:00,Ankara DMA 1-3,"Çiğdem, 1591. Sokak 11, 06530Ankara, Ankara,
Ankara Türkiye",description_3,49.05,14,5/10/2024 4:59,39.88429001,32.79584398
"1,867",7/2/2024 0:50:00,Ankara DMA 1-4,"Çiğdem, 1550/1. Cadde 2C, 06530Ankara, Ankara,
Ankara Türkiye",description_4,37.51,14,5/10/2024 4:59,39.88905796,32.79525397
"1,868",7/2/2024 0:50:00,Ankara DMA 1-5,"Çiğdem, 1589. Sokak 16, 06530Ankara, Ankara,
Ankara Türkiye",description_5,31.11,9,5/10/2024 4:59,39.88536496,32.79749503
"1,864",7/2/2024 1:00:00,Ankara DMA 1-1,"Çiğdem, 1575. Cadde 43A, 06530Ankara, Ankara,
Ankara Türkiye",description_1,45.05,20,5/10/2024 4:59,39.88765702,32.79979395
"1,865",7/2/2024 1:00:00,Ankara DMA 1-2,"Çiğdem, 1071 Malazgirt Bulvarı, 06530Ankara, Ankara,
Ankara Türkiye",description_2,33.13,9,5/10/2024 4:59,39.888736,32.799528
"1,866",7/2/2024 1:00:00,Ankara DMA 1-3,"Çiğdem, 1591. Sokak 11, 06530Ankara, Ankara,
Ankara Türkiye",description_3,38.79,14,5/10/2024 4:59,39.88429001,32.79584398
"1,867",7/2/2024 1:00:00,Ankara DMA 1-4,"Çiğdem, 1550/1. Cadde 2C, 06530Ankara, Ankara,
Ankara Türkiye",description_4,48.94,14,5/10/2024 4:59,39.88905796,32.79525397
"1,868",7/2/2024 1:00:00,Ankara DMA 1-5,"Çiğdem, 1589. Sokak 16, 06530Ankara, Ankara,
Ankara Türkiye",description_5,41.21,9,5/10/2024 4:59,39.88536496,32.79749503
"1,864",7/2/2024 1:10:00,Ankara DMA 1-1,"Çiğdem, 1575. Cadde 43A, 06530Ankara, Ankara,
Ankara Türkiye",description_1,49.54,20,5/10/2024 4:59,39.88765702,32.79979395
"1,865",7/2/2024 1:10:00,Ankara DMA 1-2,"Çiğdem, 1071 Malazgirt Bulvarı, 06530Ankara, Ankara,
Ankara Türkiye",description_2,46.43,9,5/10/2024 4:59,39.888736,32.799528
"1,866",7/2/2024 1:10:00,Ankara DMA 1-3,"Çiğdem, 1591. Sokak 11, 06530Ankara, Ankara,
Ankara Türkiye",description_3,36.88,14,5/10/2024 4:59,39.88429001,32.79584398
"1,867",7/2/2024 1:10:00,Ankara DMA 1-4,"Çiğdem, 1550/1. Cadde 2C, 06530Ankara, Ankara,
Ankara Türkiye",description_4,49.89,14,5/10/2024 4:59,39.88905796,32.79525397
"1,868",7/2/2024 1:10:00,Ankara DMA 1-5,"Çiğdem, 1589. Sokak 16, 06530Ankara, Ankara,
Ankara Türkiye",description_5,44.99,9,5/10/2024 4:59,39.88536496,32.79749503
"1,864",7/2/2024 1:20:00,Ankara DMA 1-1,"Çiğdem, 1575. Cadde 43A, 06530Ankara, Ankara,
Ankara Türkiye",description_1,42.99,20,5/10/2024 4:59,39.88765702,32.79979395
"1,865",7/2/2024 1:20:00,Ankara DMA 1-2,"Çiğdem, 1071 Malazgirt Bulvarı, 06530Ankara, Ankara,
Ankara Türkiye",description_2,49.84,9,5/10/2024 4:59,39.888736,32.799528
"1,866",7/2/2024 1:20:00,Ankara DMA 1-3,"Çiğdem, 1591. Sokak 11, 06530Ankara, Ankara,
Ankara Türkiye",description_3,32.28,14,5/10/2024 4:59,39.88429001,32.79584398
"1,867",7/2/2024 1:20:00,Ankara DMA 1-4,"Çiğdem, 1550/1. Cadde 2C, 06530Ankara, Ankara,
Ankara Türkiye",description_4,45.28,14,5/10/2024 4:59,39.88905796,32.79525397
"1,868",7/2/2024 1:20:00,Ankara DMA 1-5,"Çiğdem, 1589. Sokak 16, 06530Ankara, Ankara,
Ankara Türkiye",description_5,45.06,9,5/10/2024 4:59,39.88536496,32.79749503
"1,864",7/2/2024 1:30:00,Ankara DMA 1-1,"Çiğdem, 1575. Cadde 43A, 06530Ankara, Ankara,
Ankara Türkiye",description_1,33.18,20,5/10/2024 4:59,39.88765702,32.79979395
"1,865",7/2/2024 1:30:00,Ankara DMA 1-2,"Çiğdem, 1071 Malazgirt Bulvarı, 06530Ankara, Ankara,
Ankara Türkiye",description_2,42.76,9,5/10/2024 4:59,39.888736,32.799528
"1,866",7/2/2024 1:30:00,Ankara DMA 1-3,"Çiğdem, 1591. Sokak 11, 06530Ankara, Ankara,
Ankara Türkiye",description_3,37.48,14,5/10/2024 4:59,39.88429001,32.79584398
"1,867",7/2/2024 1:30:00,Ankara DMA 1-4,"Çiğdem, 1550/1. Cadde 2C, 06530Ankara, Ankara,
Ankara Türkiye",description_4,42.54,14,5/10/2024 4:59,39.88905796,32.79525397
"1,868",7/2/2024 1:30:00,Ankara DMA 1-5,"Çiğdem, 1589. Sokak 16, 06530Ankara, Ankara,
Ankara Türkiye",description_5,46.26,9,5/10/2024 4:59,39.88536496,32.79749503
"1,864",7/2/2024 1:40:00,Ankara DMA 1-1,"Çiğdem, 1575. Cadde 43A, 06530Ankara, Ankara,
Ankara Türkiye",description_1,48.83,20,5/10/2024 4:59,39.88765702,32.79979395
"1,865",7/2/2024 1:40:00,Ankara DMA 1-2,"Çiğdem, 1071 Malazgirt Bulvarı, 06530Ankara, Ankara,
Ankara Türkiye",description_2,34.94,9,5/10/2024 4:59,39.888736,32.799528
"1,866",7/2/2024 1:40:00,Ankara DMA 1-3,"Çiğdem, 1591. Sokak 11, 06530Ankara, Ankara,
Ankara Türkiye",description_3,49.98,14,5/10/2024 4:59,39.88429001,32.79584398
"1,867",7/2/2024 1:40:00,Ankara DMA 1-4,"Çiğdem, 1550/1. Cadde 2C, 06530Ankara, Ankara,
Ankara Türkiye",description_4,39.3,14,5/10/2024 4:59,39.88905796,32.79525397
"1,868",7/2/2024 1:40:00,Ankara DMA 1-5,"Çiğdem, 1589. Sokak 16, 06530Ankara, Ankara,
Ankara Türkiye",description_5,40.73,9,5/10/2024 4:59,39.88536496,32.79749503
"1,864",7/2/2024 1:50:00,Ankara DMA 1-1,"Çiğdem, 1575. Cadde 43A, 06530Ankara, Ankara,
Ankara Türkiye",description_1,38.7,20,5/10/2024 4:59,39.88765702,32.79979395
"1,865",7/2/2024 1:50:00,Ankara DMA 1-2,"Çiğdem, 1071 Malazgirt Bulvarı, 06530Ankara, Ankara,
Ankara Türkiye",description_2,36.72,9,5/10/2024 4:59,39.888736,32.799528
"1,866",7/2/2024 1:50:00,Ankara DMA 1-3,"Çiğdem, 1591. Sokak 11, 06530Ankara, Ankara,
Ankara Türkiye",description_3,31.45,14,5/10/2024 4:59,39.88429001,32.79584398
"1,867",7/2/2024 1:50:00,Ankara DMA 1-4,"Çiğdem, 1550/1. Cadde 2C, 06530Ankara, Ankara,
Ankara Türkiye",description_4,32.74,14,5/10/2024 4:59,39.88905796,32.79525397
"1,868",7/2/2024 1:50:00,Ankara DMA 1-5,"Çiğdem, 1589. Sokak 16, 06530Ankara, Ankara,
Ankara Türkiye",description_5,32.63,9,5/10/2024 4:59,39.88536496,32.79749503
"1,864",7/2/2024 2:00:00,Ankara DMA 1-1,"Çiğdem, 1575. Cadde 43A, 06530Ankara, Ankara,
Ankara Türkiye",description_1,41.81,20,5/10/2024 4:59,39.88765702,32.79979395
"1,865",7/2/2024 2:00:00,Ankara DMA 1-2,"Çiğdem, 1071 Malazgirt Bulvarı, 06530Ankara, Ankara,
Ankara Türkiye",description_2,34.8,9,5/10/2024 4:59,39.888736,32.799528
"1,866",7/2/2024 2:00:00,Ankara DMA 1-3,"Çiğdem, 1591. Sokak 11, 06530Ankara, Ankara,
Ankara Türkiye",description_3,43.67,14,5/10/2024 4:59,39.88429001,32.79584398
"1,867",7/2/2024 2:00:00,Ankara DMA 1-4,"Çiğdem, 1550/1. Cadde 2C, 06530Ankara, Ankara,
Ankara Türkiye",description_4,42.25,14,5/10/2024 4:59,39.88905796,32.79525397
"1,868",7/2/2024 2:00:00,Ankara DMA 1-5,"Çiğdem, 1589. Sokak 16, 06530Ankara, Ankara,
Ankara Türkiye",description_5,40.38,9,5/10/2024 4:59,39.88536496,32.79749503
"1,864",7/2/2024 2:10:00,Ankara DMA 1-1,"Çiğdem, 1575. Cadde 43A, 06530Ankara, Ankara,
Ankara Türkiye",description_1,47.25,20,5/10/2024 4:59,39.88765702,32.79979395
"1,865",7/2/2024 2:10:00,Ankara DMA 1-2,"Çiğdem, 1071 Malazgirt Bulvarı, 06530Ankara, Ankara,
Ankara Türkiye",description_2,35.4,9,5/10/2024 4:59,39.888736,32.799528
"1,866",7/2/2024 2:10:00,Ankara DMA 1-3,"Çiğdem, 1591. Sokak 11, 06530Ankara, Ankara,
Ankara Türkiye",description_3,43.36,14,5/10/2024 4:59,39.88429001,32.79584398
"1,867",7/2/2024 2:10:00,Ankara DMA 1-4,"Çiğdem, 1550/1. Cadde 2C, 06530Ankara, Ankara,
Ankara Türkiye",description_4,36.57,14,5/10/2024 4:59,39.88905796,32.79525397
"1,868",7/2/2024 2:10:00,Ankara DMA 1-5,"Çiğdem, 1589. Sokak 16, 06530Ankara, Ankara,
Ankara Türkiye",description_5,41.91,9,5/10/2024 4:59,39.88536496,32.79749503
"1,864",7/2/2024 2:20:00,Ankara DMA 1-1,"Çiğdem, 1575. Cadde 43A, 06530Ankara, Ankara,
Ankara Türkiye",description_1,39.45,20,5/10/2024 4:59,39.88765702,32.79979395
"1,865",7/2/2024 2:20:00,Ankara DMA 1-2,"Çiğdem, 1071 Malazgirt Bulvarı, 06530Ankara, Ankara,
Ankara Türkiye",description_2,44.28,9,5/10/2024 4:59,39.888736,32.799528
"1,866",7/2/2024 2:20:00,Ankara DMA 1-3,"Çiğdem, 1591. Sokak 11, 06530Ankara, Ankara,
Ankara Türkiye",description_3,32.67,14,5/10/2024 4:59,39.88429001,32.79584398
"1,867",7/2/2024 2:20:00,Ankara DMA 1-4,"Çiğdem, 1550/1. Cadde 2C, 06530Ankara, Ankara,
Ankara Türkiye",description_4,47.41,14,5/10/2024 4:59,39.88905796,32.79525397
"1,868",7/2/2024 2:20:00,Ankara DMA 1-5,"Çiğdem, 1589. Sokak 16, 06530Ankara, Ankara,
Ankara Türkiye",description_5,49.19,9,5/10/2024 4:59,39.88536496,32.79749503
"1,864",7/2/2024 2:30:00,Ankara DMA 1-1,"Çiğdem, 1575. Cadde 43A, 06530Ankara, Ankara,
Ankara Türkiye",description_1,33.42,20,5/10/2024 4:59,39.88765702,32.79979395
"1,865",7/2/2024 2:30:00,Ankara DMA 1-2,"Çiğdem, 1071 Malazgirt Bulvarı, 06530Ankara, Ankara,
Ankara Türkiye",description_2,41.6,9,5/10/2024 4:59,39.888736,32.799528
"1,866",7/2/2024 2:30:00,Ankara DMA 1-3,"Çiğdem, 1591. Sokak 11, 06530Ankara, Ankara,
Ankara Türkiye",description_3,49.09,14,5/10/2024 4:59,39.88429001,32.79584398
"1,867",7/2/2024 2:30:00,Ankara DMA 1-4,"Çiğdem, 1550/1. Cadde 2C, 06530Ankara, Ankara,
Ankara Türkiye",description_4,41.47,14,5/10/2024 4:59,39.88905796,32.79525397
"1,868",7/2/2024 2:30:00,Ankara DMA 1-5,"Çiğdem, 1589. Sokak 16, 06530Ankara, Ankara,
Ankara Türkiye",description_5,33.61,9,5/10/2024 4:59,39.88536496,32.79749503
"1,864",7/2/2024 2:40:00,Ankara DMA 1-1,"Çiğdem, 1575. Cadde 43A, 06530Ankara, Ankara,
Ankara Türkiye",description_1,34.98,20,5/10/2024 4:59,39.88765702,32.79979395
"1,865",7/2/2024 2:40:00,Ankara DMA 1-2,"Çiğdem, 1071 Malazgirt Bulvarı, 06530Ankara, Ankara,
Ankara Türkiye",description_2,41.43,9,5/10/2024 4:59,39.888736,32.799528
"1,866",7/2/2024 2:40:00,Ankara DMA 1-3,"Çiğdem, 1591. Sokak 11, 06530Ankara, Ankara,
Ankara Türkiye",description_3,31.1,14,5/10/2024 4:59,39.88429001,32.79584398
"1,867",7/2/2024 2:40:00,Ankara DMA 1-4,"Çiğdem, 1550/1. Cadde 2C, 06530Ankara, Ankara,
Ankara Türkiye",description_4,39.4,14,5/10/2024 4:59,39.88905796,32.79525397
"1,868",7/2/2024 2:40:00,Ankara DMA 1-5,"Çiğdem, 1589. Sokak 16, 06530Ankara, Ankara,
Ankara Türkiye",description_5,47.48,9,5/10/2024 4:59,39.88536496,32.79749503
"1,864",7/2/2024 2:50:00,Ankara DMA 1-1,"Çiğdem, 1575. Cadde 43A, 06530Ankara, Ankara,
Ankara Türkiye",description_1,43.84,20,5/10/2024 4:59,39.88765702,32.79979395
"1,865",7/2/2024 2:50:00,Ankara DMA 1-2,"Çiğdem, 1071 Malazgirt Bulvarı, 06530Ankara, Ankara,
Ankara Türkiye",description_2,44.86,9,5/10/2024 4:59,39.888736,32.799528
"1,866",7/2/2024 2:50:00,Ankara DMA 1-3,"Çiğdem, 1591. Sokak 11, 06530Ankara, Ankara,
Ankara Türkiye",description_3,42.37,14,5/10/2024 4:59,39.88429001,32.79584398
"1,867",7/2/2024 2:50:00,Ankara DMA 1-4,"Çiğdem, 1550/1. Cadde 2C, 06530Ankara, Ankara,
Ankara Türkiye",description_4,48.36,14,5/10/2024 4:59,39.88905796,32.79525397
"1,868",7/2/2024 2:50:00,Ankara DMA 1-5,"Çiğdem, 1589. Sokak 16, 06530Ankara, Ankara,
Ankara Türkiye",description_5,30.31,9,5/10/2024 4:59,39.88536496,32.79749503
"1,864",7/2/2024 3:00:00,Ankara DMA 1-1,"Çiğdem, 1575. Cadde 43A, 06530Ankara, Ankara,
Ankara Türkiye",description_1,46.01,20,5/10/2024 4:59,39.88765702,32.79979395
"1,865",7/2/2024 3:00:00,Ankara DMA 1-2,"Çiğdem, 1071 Malazgirt Bulvarı, 06530Ankara, Ankara,
Ankara Türkiye",description_2,45.14,9,5/10/2024 4:59,39.888736,32.799528
"1,866",7/2/2024 3:00:00,Ankara DMA 1-3,"Çiğdem, 1591. Sokak 11, 06530Ankara, Ankara,
Ankara Türkiye",description_3,31.28,14,5/10/2024 4:59,39.88429001,32.79584398
"1,867",7/2/2024 3:00:00,Ankara DMA 1-4,"Çiğdem, 1550/1. Cadde 2C, 06530Ankara, Ankara,
Ankara Türkiye",description_4,46.49,14,5/10/2024 4:59,39.88905796,32.79525397
"1,868",7/2/2024 3:00:00,Ankara DMA 1-5,"Çiğdem, 1589. Sokak 16, 06530Ankara, Ankara,
Ankara Türkiye",description_5,38.24,9,5/10/2024 4:59,39.88536496,32.79749503
"1,864",7/2/2024 3:10:00,Ankara DMA 1-1,"Çiğdem, 1575. Cadde 43A, 06530Ankara, Ankara,
Ankara Türkiye",description_1,47.14,20,5/10/2024 4:59,39.88765702,32.79979395
"1,865",7/2/2024 3:10:00,Ankara DMA 1-2,"Çiğdem, 1071 Malazgirt Bulvarı, 06530Ankara, Ankara,
Ankara Türkiye",description_2,49.19,9,5/10/2024 4:59,39.888736,32.799528
"1,866",7/2/2024 3:10:00,Ankara DMA 1-3,"Çiğdem, 1591. Sokak 11, 06530Ankara, Ankara,
Ankara Türkiye",description_3,38.79,14,5/10/2024 4:59,39.88429001,32.79584398
"1,867",7/2/2024 3:10:00,Ankara DMA 1-4,"Çiğdem, 1550/1. Cadde 2C, 06530Ankara, Ankara,
Ankara Türkiye",description_4,40.85,14,5/10/2024 4:59,39.88905796,32.79525397
"1,868",7/2/2024 3:10:00,Ankara DMA 1-5,"Çiğdem, 1589. Sokak 16, 06530Ankara, Ankara,
Ankara Türkiye",description_5,41.39,9,5/10/2024 4:59,39.88536496,32.79749503
"1,864",7/2/2024 3:20:00,Ankara DMA 1-1,"Çiğdem, 1575. Cadde 43A, 06530Ankara, Ankara,
Ankara Türkiye",description_1,36.83,20,5/10/2024 4:59,39.88765702,32.79979395
"1,865",7/2/2024 3:20:00,Ankara DMA 1-2,"Çiğdem, 1071 Malazgirt Bulvarı, 06530Ankara, Ankara,
Ankara Türkiye",description_2,46.15,9,5/10/2024 4:59,39.888736,32.799528
"1,866",7/2/2024 3:20:00,Ankara DMA 1-3,"Çiğdem, 1591. Sokak 11, 06530Ankara, Ankara,
Ankara Türkiye",description_3,33.7,14,5/10/2024 4:59,39.88429001,32.79584398
"1,867",7/2/2024 3:20:00,Ankara DMA 1-4,"Çiğdem, 1550/1. Cadde 2C, 06530Ankara, Ankara,
Ankara Türkiye",description_4,32.97,14,5/10/2024 4:59,39.88905796,32.79525397
"1,868",7/2/2024 3:20:00,Ankara DMA 1-5,"Çiğdem, 1589. Sokak 16, 06530Ankara, Ankara,
Ankara Türkiye",description_5,30.27,9,5/10/2024 4:59,39.88536496,32.79749503
"1,864",7/2/2024 3:30:00,Ankara DMA 1-1,"Çiğdem, 1575. Cadde 43A, 06530Ankara, Ankara,
Ankara Türkiye",description_1,38.43,20,5/10/2024 4:59,39.88765702,32.79979395
"1,865",7/2/2024 3:30:00,Ankara DMA 1-2,"Çiğdem, 1071 Malazgirt Bulvarı, 06530Ankara, Ankara,
Ankara Türkiye",description_2,30.67,9,5/10/2024 4:59,39.888736,32.799528
"1,866",7/2/2024 3:30:00,Ankara DMA 1-3,"Çiğdem, 1591. Sokak 11, 06530Ankara, Ankara,
Ankara Türkiye",description_3,36.83,14,5/10/2024 4:59,39.88429001,32.79584398
"1,867",7/2/2024 3:30:00,Ankara DMA 1-4,"Çiğdem, 1550/1. Cadde 2C, 06530Ankara, Ankara,
Ankara Türkiye",description_4,43.38,14,5/10/2024 4:59,39.88905796,32.79525397
"1,868",7/2/2024 3:30:00,Ankara DMA 1-5,"Çiğdem, 1589. Sokak 16, 06530Ankara, Ankara,
Ankara Türkiye",description_5,36.49,9,5/10/2024 4:59,39.88536496,32.79749503
"1,864",7/2/2024 3:40:00,Ankara DMA 1-1,"Çiğdem, 1575. Cadde 43A, 06530Ankara, Ankara,
Ankara Türkiye",description_1,37.38,20,5/10/2024 4:59,39.88765702,32.79979395
"1,865",7/2/2024 3:40:00,Ankara DMA 1-2,"Çiğdem, 1071 Malazgirt Bulvarı, 06530Ankara, Ankara,
Ankara Türkiye",description_2,35.12,9,5/10/2024 4:59,39.888736,32.799528
"1,866",7/2/2024 3:40:00,Ankara DMA 1-3,"Çiğdem, 1591. Sokak 11, 06530Ankara, Ankara,
Ankara Türkiye",description_3,42.51,14,5/10/2024 4:59,39.88429001,32.79584398
"1,867",7/2/2024 3:40:00,Ankara DMA 1-4,"Çiğdem, 1550/1. Cadde 2C, 06530Ankara, Ankara,
Ankara Türkiye",description_4,43.42,14,5/10/2024 4:59,39.88905796,32.79525397
"1,868",7/2/2024 3:40:00,Ankara DMA 1-5,"Çiğdem, 1589. Sokak 16, 06530Ankara, Ankara,
Ankara Türkiye",description_5,47.17,9,5/10/2024 4:59,39.88536496,32.79749503
"1,864",7/2/2024 3:50:00,Ankara DMA 1-1,"Çiğdem, 1575. Cadde 43A, 06530Ankara, Ankara,
Ankara Türkiye",description_1,38.35,20,5/10/2024 4:59,39.88765702,32.79979395
"1,865",7/2/2024 3:50:00,Ankara DMA 1-2,"Çiğdem, 1071 Malazgirt Bulvarı, 06530Ankara, Ankara,
Ankara Türkiye",description_2,43.69,9,5/10/2024 4:59,39.888736,32.799528
"1,866",7/2/2024 3:50:00,Ankara DMA 1-3,"Çiğdem, 1591. Sokak 11, 06530Ankara, Ankara,
Ankara Türkiye",description_3,39.89,14,5/10/2024 4:59,39.88429001,32.79584398
"1,867",7/2/2024 3:50:00,Ankara DMA 1-4,"Çiğdem, 1550/1. Cadde 2C, 06530Ankara, Ankara,
Ankara Türkiye",description_4,48.09,14,5/10/2024 4:59,39.88905796,32.79525397
"1,868",7/2/2024 3:50:00,Ankara DMA 1-5,"Çiğdem, 1589. Sokak 16, 06530Ankara, Ankara,
Ankara Türkiye",description_5,30.43,9,5/10/2024 4:59,39.88536496,32.79749503
"1,864",7/2/2024 4:00:00,Ankara DMA 1-1,"Çiğdem, 1575. Cadde 43A, 06530Ankara, Ankara,
Ankara Türkiye",description_1,37.49,20,5/10/2024 4:59,39.88765702,32.79979395
"1,865",7/2/2024 4:00:00,Ankara DMA 1-2,"Çiğdem, 1071 Malazgirt Bulvarı, 06530Ankara, Ankara,
Ankara Türkiye",description_2,33.69,9,5/10/2024 4:59,39.888736,32.799528
"1,866",7/2/2024 4:00:00,Ankara DMA 1-3,"Çiğdem, 1591. Sokak 11, 06530Ankara, Ankara,
Ankara Türkiye",description_3,35.7,14,5/10/2024 4:59,39.88429001,32.79584398
"1,867",7/2/2024 4:00:00,Ankara DMA 1-4,"Çiğdem, 1550/1. Cadde 2C, 06530Ankara, Ankara,
Ankara Türkiye",description_4,30.14,14,5/10/2024 4:59,39.88905796,32.79525397
"1,868",7/2/2024 4:00:00,Ankara DMA 1-5,"Çiğdem, 1589. Sokak 16, 06530Ankara, Ankara,
Ankara Türkiye",description_5,37.96,9,5/10/2024 4:59,39.88536496,32.79749503
"1,864",7/2/2024 4:10:00,Ankara DMA 1-1,"Çiğdem, 1575. Cadde 43A, 06530Ankara, Ankara,
Ankara Türkiye",description_1,39.77,20,5/10/2024 4:59,39.88765702,32.79979395
"1,865",7/2/2024 4:10:00,Ankara DMA 1-2,"Çiğdem, 1071 Malazgirt Bulvarı, 06530Ankara, Ankara,
Ankara Türkiye",description_2,40.07,9,5/10/2024 4:59,39.888736,32.799528
"1,866",7/2/2024 4:10:00,Ankara DMA 1-3,"Çiğdem, 1591. Sokak 11, 06530Ankara, Ankara,
Ankara Türkiye",description_3,49.5,14,5/10/2024 4:59,39.88429001,32.79584398
"1,867",7/2/2024 4:10:00,Ankara DMA 1-4,"Çiğdem, 1550/1. Cadde 2C, 06530Ankara, Ankara,
Ankara Türkiye",description_4,32.59,14,5/10/2024 4:59,39.88905796,32.79525397
"1,868",7/2/2024 4:10:00,Ankara DMA 1-5,"Çiğdem, 1589. Sokak 16, 06530Ankara, Ankara,
Ankara Türkiye",description_5,48.53,9,5/10/2024 4:59,39.88536496,32.79749503
"1,864",7/2/2024 4:20:00,Ankara DMA 1-1,"Çiğdem, 1575. Cadde 43A, 06530Ankara, Ankara,
Ankara Türkiye",description_1,39.27,20,5/10/2024 4:59,39.88765702,32.79979395
"1,865",7/2/2024 4:20:00,Ankara DMA 1-2,"Çiğdem, 1071 Malazgirt Bulvarı, 06530Ankara, Ankara,
Ankara Türkiye",description_2,33.57,9,5/10/2024 4:59,39.888736,32.799528
"1,866",7/2/2024 4:20:00,Ankara DMA 1-3,"Çiğdem, 1591. Sokak 11, 06530Ankara, Ankara,
Ankara Türkiye",description_3,46.27,14,5/10/2024 4:59,39.88429001,32.79584398
"1,867",7/2/2024 4:20:00,Ankara DMA 1-4,"Çiğdem, 1550/1. Cadde 2C, 06530Ankara, Ankara,
Ankara Türkiye",description_4,36.28,14,5/10/2024 4:59,39.88905796,32.79525397
"1,868",7/2/2024 4:20:00,Ankara DMA 1-5,"Çiğdem, 1589. Sokak 16, 06530Ankara, Ankara,
Ankara Türkiye",description_5,35.62,9,5/10/2024 4:59,39.88536496,32.79749503
"1,864",7/2/2024 4:30:00,Ankara DMA 1-1,"Çiğdem, 1575. Cadde 43A, 06530Ankara, Ankara,
Ankara Türkiye",description_1,30.91,20,5/10/2024 4:59,39.88765702,32.79979395
"1,865",7/2/2024 4:30:00,Ankara DMA 1-2,"Çiğdem, 1071 Malazgirt Bulvarı, 06530Ankara, Ankara,
Ankara Türkiye",description_2,37.1,9,5/10/2024 4:59,39.888736,32.799528
"1,866",7/2/2024 4:30:00,Ankara DMA 1-3,"Çiğdem, 1591. Sokak 11, 06530Ankara, Ankara,
Ankara Türkiye",description_3,37.93,14,5/10/2024 4:59,39.88429001,32.79584398
"1,867",7/2/2024 4:30:00,Ankara DMA 1-4,"Çiğdem, 1550/1. Cadde 2C, 06530Ankara, Ankara,
Ankara Türkiye",description_4,38.57,14,5/10/2024 4:59,39.88905796,32.79525397
"1,868",7/2/2024 4:30:00,Ankara DMA 1-5,"Çiğdem, 1589. Sokak 16, 06530Ankara, Ankara,
Ankara Türkiye",description_5,47.52,9,5/10/2024 4:59,39.88536496,32.79749503
"1,864",7/2/2024 4:40:00,Ankara DMA 1-1,"Çiğdem, 1575. Cadde 43A, 06530Ankara, Ankara,
Ankara Türkiye",description_1,33.86,20,5/10/2024 4:59,39.88765702,32.79979395
"1,865",7/2/2024 4:40:00,Ankara DMA 1-2,"Çiğdem, 1071 Malazgirt Bulvarı, 06530Ankara, Ankara,
Ankara Türkiye",description_2,32.01,9,5/10/2024 4:59,39.888736,32.799528
"1,866",7/2/2024 4:40:00,Ankara DMA 1-3,"Çiğdem, 1591. Sokak 11, 06530Ankara, Ankara,
Ankara Türkiye",description_3,39.17,14,5/10/2024 4:59,39.88429001,32.79584398
"1,867",7/2/2024 4:40:00,Ankara DMA 1-4,"Çiğdem, 1550/1. Cadde 2C, 06530Ankara, Ankara,
Ankara Türkiye",description_4,40.53,14,5/10/2024 4:59,39.88905796,32.79525397
"1,868",7/2/2024 4:40:00,Ankara DMA 1-5,"Çiğdem, 1589. Sokak 16, 06530Ankara, Ankara,
Ankara Türkiye",description_5,34.65,9,5/10/2024 4:59,39.88536496,32.79749503
"1,864",7/2/2024 4:50:00,Ankara DMA 1-1,"Çiğdem, 1575. Cadde 43A, 06530Ankara, Ankara,
Ankara Türkiye",description_1,42.55,20,5/10/2024 4:59,39.88765702,32.79979395
"1,865",7/2/2024 4:50:00,Ankara DMA 1-2,"Çiğdem, 1071 Malazgirt Bulvarı, 06530Ankara, Ankara,
Ankara Türkiye",description_2,43,9,5/10/2024 4:59,39.888736,32.799528
"1,866",7/2/2024 4:50:00,Ankara DMA 1-3,"Çiğdem, 1591. Sokak 11, 06530Ankara, Ankara,
Ankara Türkiye",description_3,34.03,14,5/10/2024 4:59,39.88429001,32.79584398
"1,867",7/2/2024 4:50:00,Ankara DMA 1-4,"Çiğdem, 1550/1. Cadde 2C, 06530Ankara, Ankara,
Ankara Türkiye",description_4,47.85,14,5/10/2024 4:59,39.88905796,32.79525397
"1,868",7/2/2024 4:50:00,Ankara DMA 1-5,"Çiğdem, 1589. Sokak 16, 06530Ankara, Ankara,
Ankara Türkiye",description_5,37.92,9,5/10/2024 4:59,39.88536496,32.79749503
"1,864",7/2/2024 5:00:00,Ankara DMA 1-1,"Çiğdem, 1575. Cadde 43A, 06530Ankara, Ankara,
Ankara Türkiye",description_1,37.67,20,5/10/2024 4:59,39.88765702,32.79979395
"1,865",7/2/2024 5:00:00,Ankara DMA 1-2,"Çiğdem, 1071 Malazgirt Bulvarı, 06530Ankara, Ankara,
Ankara Türkiye",description_2,36.3,9,5/10/2024 4:59,39.888736,32.799528
"1,866",7/2/2024 5:00:00,Ankara DMA 1-3,"Çiğdem, 1591. Sokak 11, 06530Ankara, Ankara,
Ankara Türkiye",description_3,41.94,14,5/10/2024 4:59,39.88429001,32.79584398
"1,867",7/2/2024 5:00:00,Ankara DMA 1-4,"Çiğdem, 1550/1. Cadde 2C, 06530Ankara, Ankara,
Ankara Türkiye",description_4,41.03,14,5/10/2024 4:59,39.88905796,32.79525397
"1,868",7/2/2024 5:00:00,Ankara DMA 1-5,"Çiğdem, 1589. Sokak 16, 06530Ankara, Ankara,
Ankara Türkiye",description_5,38.02,9,5/10/2024 4:59,39.88536496,32.79749503
"1,864",7/2/2024 5:10:00,Ankara DMA 1-1,"Çiğdem, 1575. Cadde 43A, 06530Ankara, Ankara,
Ankara Türkiye",description_1,40.07,20,5/10/2024 4:59,39.88765702,32.79979395
"1,865",7/2/2024 5:10:00,Ankara DMA 1-2,"Çiğdem, 1071 Malazgirt Bulvarı, 06530Ankara, Ankara,
Ankara Türkiye",description_2,46.1,9,5/10/2024 4:59,39.888736,32.799528
"1,866",7/2/2024 5:10:00,Ankara DMA 1-3,"Çiğdem, 1591. Sokak 11, 06530Ankara, Ankara,
Ankara Türkiye",description_3,34.44,14,5/10/2024 4:59,39.88429001,32.79584398
"1,867",7/2/2024 5:10:00,Ankara DMA 1-4,"Çiğdem, 1550/1. Cadde 2C, 06530Ankara, Ankara,
Ankara Türkiye",description_4,41.73,14,5/10/2024 4:59,39.88905796,32.79525397
"1,868",7/2/2024 5:10:00,Ankara DMA 1-5,"Çiğdem, 1589. Sokak 16, 06530Ankara, Ankara,
Ankara Türkiye",description_5,46.6,9,5/10/2024 4:59,39.88536496,32.79749503
"1,864",7/2/2024 5:20:00,Ankara DMA 1-1,"Çiğdem, 1575. Cadde 43A, 06530Ankara, Ankara,
Ankara Türkiye",description_1,44.91,20,5/10/2024 4:59,39.88765702,32.79979395
"1,865",7/2/2024 5:20:00,Ankara DMA 1-2,"Çiğdem, 1071 Malazgirt Bulvarı, 06530Ankara, Ankara,
Ankara Türkiye",description_2,33.29,9,5/10/2024 4:59,39.888736,32.799528
"1,866",7/2/2024 5:20:00,Ankara DMA 1-3,"Çiğdem, 1591. Sokak 11, 06530Ankara, Ankara,
Ankara Türkiye",description_3,38.02,14,5/10/2024 4:59,39.88429001,32.79584398
"1,867",7/2/2024 5:20:00,Ankara DMA 1-4,"Çiğdem, 1550/1. Cadde 2C, 06530Ankara, Ankara,
Ankara Türkiye",description_4,46.96,14,5/10/2024 4:59,39.88905796,32.79525397
"1,868",7/2/2024 5:20:00,Ankara DMA 1-5,"Çiğdem, 1589. Sokak 16, 06530Ankara, Ankara,
Ankara Türkiye",description_5,30.18,9,5/10/2024 4:59,39.88536496,32.79749503
"1,864",7/2/2024 5:30:00,Ankara DMA 1-1,"Çiğdem, 1575. Cadde 43A, 06530Ankara, Ankara,
Ankara Türkiye",description_1,31.47,20,5/10/2024 4:59,39.88765702,32.79979395
"1,865",7/2/2024 5:30:00,Ankara DMA 1-2,"Çiğdem, 1071 Malazgirt Bulvarı, 06530Ankara, Ankara,
Ankara Türkiye",description_2,49.29,9,5/10/2024 4:59,39.888736,32.799528
"1,866",7/2/2024 5:30:00,Ankara DMA 1-3,"Çiğdem, 1591. Sokak 11, 06530Ankara, Ankara,
Ankara Türkiye",description_3,46.45,14,5/10/2024 4:59,39.88429001,32.79584398
"1,867",7/2/2024 5:30:00,Ankara DMA 1-4,"Çiğdem, 1550/1. Cadde 2C, 06530Ankara, Ankara,
Ankara Türkiye",description_4,36.84,14,5/10/2024 4:59,39.88905796,32.79525397
"1,868",7/2/2024 5:30:00,Ankara DMA 1-5,"Çiğdem, 1589. Sokak 16, 06530Ankara, Ankara,
Ankara Türkiye",description_5,32.44,9,5/10/2024 4:59,39.88536496,32.79749503
"1,864",7/2/2024 5:40:00,Ankara DMA 1-1,"Çiğdem, 1575. Cadde 43A, 06530Ankara, Ankara,
Ankara Türkiye",description_1,35.45,20,5/10/2024 4:59,39.88765702,32.79979395
"1,865",7/2/2024 5:40:00,Ankara DMA 1-2,"Çiğdem, 1071 Malazgirt Bulvarı, 06530Ankara, Ankara,
Ankara Türkiye",description_2,36.15,9,5/10/2024 4:59,39.888736,32.799528
"1,866",7/2/2024 5:40:00,Ankara DMA 1-3,"Çiğdem, 1591. Sokak 11, 06530Ankara, Ankara,
Ankara Türkiye",description_3,48.68,14,5/10/2024 4:59,39.88429001,32.79584398
"1,867",7/2/2024 5:40:00,Ankara DMA 1-4,"Çiğdem, 1550/1. Cadde 2C, 06530Ankara, Ankara,
Ankara Türkiye",description_4,32.92,14,5/10/2024 4:59,39.88905796,32.79525397
"1,868",7/2/2024 5:40:00,Ankara DMA 1-5,"Çiğdem, 1589. Sokak 16, 06530Ankara, Ankara,
Ankara Türkiye",description_5,49.57,9,5/10/2024 4:59,39.88536496,32.79749503
"1,864",7/2/2024 5:50:00,Ankara DMA 1-1,"Çiğdem, 1575. Cadde 43A, 06530Ankara, Ankara,
Ankara Türkiye",description_1,35.49,20,5/10/2024 4:59,39.88765702,32.79979395
"1,865",7/2/2024 5:50:00,Ankara DMA 1-2,"Çiğdem, 1071 Malazgirt Bulvarı, 06530Ankara, Ankara,
Ankara Türkiye",description_2,31.31,9,5/10/2024 4:59,39.888736,32.799528
"1,866",7/2/2024 5:50:00,Ankara DMA 1-3,"Çiğdem, 1591. Sokak 11, 06530Ankara, Ankara,
Ankara Türkiye",description_3,41.31,14,5/10/2024 4:59,39.88429001,32.79584398
"1,867",7/2/2024 5:50:00,Ankara DMA 1-4,"Çiğdem, 1550/1. Cadde 2C, 06530Ankara, Ankara,
Ankara Türkiye",description_4,35.24,14,5/10/2024 4:59,39.88905796,32.79525397
"1,868",7/2/2024 5:50:00,Ankara DMA 1-5,"Çiğdem, 1589. Sokak 16, 06530Ankara, Ankara,
Ankara Türkiye",description_5,36.37,9,5/10/2024 4:59,39.88536496,32.79749503
"1,864",7/2/2024 6:00:00,Ankara DMA 1-1,"Çiğdem, 1575. Cadde 43A, 06530Ankara, Ankara,
Ankara Türkiye",description_1,43.9,20,5/10/2024 4:59,39.88765702,32.79979395
"1,865",7/2/2024 6:00:00,Ankara DMA 1-2,"Çiğdem, 1071 Malazgirt Bulvarı, 06530Ankara, Ankara,
Ankara Türkiye",description_2,45.81,9,5/10/2024 4:59,39.888736,32.799528
"1,866",7/2/2024 6:00:00,Ankara DMA 1-3,"Çiğdem, 1591. Sokak 11, 06530Ankara, Ankara,
Ankara Türkiye",description_3,38.23,14,5/10/2024 4:59,39.88429001,32.79584398
"1,867",7/2/2024 6:00:00,Ankara DMA 1-4,"Çiğdem, 1550/1. Cadde 2C, 06530Ankara, Ankara,
Ankara Türkiye",description_4,31.47,14,5/10/2024 4:59,39.88905796,32.79525397
"1,868",7/2/2024 6:00:00,Ankara DMA 1-5,"Çiğdem, 1589. Sokak 16, 06530Ankara, Ankara,
Ankara Türkiye",description_5,33.98,9,5/10/2024 4:59,39.88536496,32.79749503
"1,864",7/2/2024 6:10:00,Ankara DMA 1-1,"Çiğdem, 1575. Cadde 43A, 06530Ankara, Ankara,
Ankara Türkiye",description_1,47.71,20,5/10/2024 4:59,39.88765702,32.79979395
"1,865",7/2/2024 6:10:00,Ankara DMA 1-2,"Çiğdem, 1071 Malazgirt Bulvarı, 06530Ankara, Ankara,
Ankara Türkiye",description_2,49.76,9,5/10/2024 4:59,39.888736,32.799528
"1,866",7/2/2024 6:10:00,Ankara DMA 1-3,"Çiğdem, 1591. Sokak 11, 06530Ankara, Ankara,
Ankara Türkiye",description_3,46.41,14,5/10/2024 4:59,39.88429001,32.79584398
"1,867",7/2/2024 6:10:00,Ankara DMA 1-4,"Çiğdem, 1550/1. Cadde 2C, 06530Ankara, Ankara,
Ankara Türkiye",description_4,42.51,14,5/10/2024 4:59,39.88905796,32.79525397
"1,868",7/2/2024 6:10:00,Ankara DMA 1-5,"Çiğdem, 1589. Sokak 16, 06530Ankara, Ankara,
Ankara Türkiye",description_5,47.9,9,5/10/2024 4:59,39.88536496,32.79749503
"1,864",7/2/2024 6:20:00,Ankara DMA 1-1,"Çiğdem, 1575. Cadde 43A, 06530Ankara, Ankara,
Ankara Türkiye",description_1,42.25,20,5/10/2024 4:59,39.88765702,32.79979395
"1,865",7/2/2024 6:20:00,Ankara DMA 1-2,"Çiğdem, 1071 Malazgirt Bulvarı, 06530Ankara, Ankara,
Ankara Türkiye",description_2,40.9,9,5/10/2024 4:59,39.888736,32.799528
"1,866",7/2/2024 6:20:00,Ankara DMA 1-3,"Çiğdem, 1591. Sokak 11, 06530Ankara, Ankara,
Ankara Türkiye",description_3,34.75,14,5/10/2024 4:59,39.88429001,32.79584398
"1,867",7/2/2024 6:20:00,Ankara DMA 1-4,"Çiğdem, 1550/1. Cadde 2C, 06530Ankara, Ankara,
Ankara Türkiye",description_4,43.75,14,5/10/2024 4:59,39.88905796,32.79525397
"1,868",7/2/2024 6:20:00,Ankara DMA 1-5,"Çiğdem, 1589. Sokak 16, 06530Ankara, Ankara,
Ankara Türkiye",description_5,49,9,5/10/2024 4:59,39.88536496,32.79749503
"1,864",7/2/2024 6:30:00,Ankara DMA 1-1,"Çiğdem, 1575. Cadde 43A, 06530Ankara, Ankara,
Ankara Türkiye",description_1,49.25,20,5/10/2024 4:59,39.88765702,32.79979395
"1,865",7/2/2024 6:30:00,Ankara DMA 1-2,"Çiğdem, 1071 Malazgirt Bulvarı, 06530Ankara, Ankara,
Ankara Türkiye",description_2,33.03,9,5/10/2024 4:59,39.888736,32.799528
"1,866",7/2/2024 6:30:00,Ankara DMA 1-3,"Çiğdem, 1591. Sokak 11, 06530Ankara, Ankara,
Ankara Türkiye",description_3,45.48,14,5/10/2024 4:59,39.88429001,32.79584398
"1,867",7/2/2024 6:30:00,Ankara DMA 1-4,"Çiğdem, 1550/1. Cadde 2C, 06530Ankara, Ankara,
Ankara Türkiye",description_4,39.47,14,5/10/2024 4:59,39.88905796,32.79525397
"1,868",7/2/2024 6:30:00,Ankara DMA 1-5,"Çiğdem, 1589. Sokak 16, 06530Ankara, Ankara,
Ankara Türkiye",description_5,35.3,9,5/10/2024 4:59,39.88536496,32.79749503
"1,864",7/2/2024 6:40:00,Ankara DMA 1-1,"Çiğdem, 1575. Cadde 43A, 06530Ankara, Ankara,
Ankara Türkiye",description_1,36.23,20,5/10/2024 4:59,39.88765702,32.79979395
"1,865",7/2/2024 6:40:00,Ankara DMA 1-2,"Çiğdem, 1071 Malazgirt Bulvarı, 06530Ankara, Ankara,
Ankara Türkiye",description_2,32.34,9,5/10/2024 4:59,39.888736,32.799528
"1,866",7/2/2024 6:40:00,Ankara DMA 1-3,"Çiğdem, 1591. Sokak 11, 06530Ankara, Ankara,
Ankara Türkiye",description_3,30.76,14,5/10/2024 4:59,39.88429001,32.79584398
"1,867",7/2/2024 6:40:00,Ankara DMA 1-4,"Çiğdem, 1550/1. Cadde 2C, 06530Ankara, Ankara,
Ankara Türkiye",description_4,34.79,14,5/10/2024 4:59,39.88905796,32.79525397
"1,868",7/2/2024 6:40:00,Ankara DMA 1-5,"Çiğdem, 1589. Sokak 16, 06530Ankara, Ankara,
Ankara Türkiye",description_5,45.18,9,5/10/2024 4:59,39.88536496,32.79749503
"1,864",7/2/2024 6:50:00,Ankara DMA 1-1,"Çiğdem, 1575. Cadde 43A, 06530Ankara, Ankara,
Ankara Türkiye",description_1,38.42,20,5/10/2024 4:59,39.88765702,32.79979395
"1,865",7/2/2024 6:50:00,Ankara DMA 1-2,"Çiğdem, 1071 Malazgirt Bulvarı, 06530Ankara, Ankara,
Ankara Türkiye",description_2,47.7,9,5/10/2024 4:59,39.888736,32.799528
"1,866",7/2/2024 6:50:00,Ankara DMA 1-3,"Çiğdem, 1591. Sokak 11, 06530Ankara, Ankara,
Ankara Türkiye",description_3,46.72,14,5/10/2024 4:59,39.88429001,32.79584398
"1,867",7/2/2024 6:50:00,Ankara DMA 1-4,"Çiğdem, 1550/1. Cadde 2C, 06530Ankara, Ankara,
Ankara Türkiye",description_4,46.18,14,5/10/2024 4:59,39.88905796,32.79525397
"1,868",7/2/2024 6:50:00,Ankara DMA 1-5,"Çiğdem, 1589. Sokak 16, 06530Ankara, Ankara,
Ankara Türkiye",description_5,41.79,9,5/10/2024 4:59,39.88536496,32.79749503
"1,864",7/2/2024 7:00:00,Ankara DMA 1-1,"Çiğdem, 1575. Cadde 43A, 06530Ankara, Ankara,
Ankara Türkiye",description_1,49.75,20,5/10/2024 4:59,39.88765702,32.79979395
"1,865",7/2/2024 7:00:00,Ankara DMA 1-2,"Çiğdem, 1071 Malazgirt Bulvarı, 06530Ankara, Ankara,
Ankara Türkiye",description_2,37.32,9,5/10/2024 4:59,39.888736,32.799528
"1,866",7/2/2024 7:00:00,Ankara DMA 1-3,"Çiğdem, 1591. Sokak 11, 06530Ankara, Ankara,
Ankara Türkiye",description_3,33.19,14,5/10/2024 4:59,39.88429001,32.79584398
"1,867",7/2/2024 7:00:00,Ankara DMA 1-4,"Çiğdem, 1550/1. Cadde 2C, 06530Ankara, Ankara,
Ankara Türkiye",description_4,36.77,14,5/10/2024 4:59,39.88905796,32.79525397
"1,868",7/2/2024 7:00:00,Ankara DMA 1-5,"Çiğdem, 1589. Sokak 16, 06530Ankara, Ankara,
Ankara Türkiye",description_5,43.65,9,5/10/2024 4:59,39.88536496,32.79749503
"1,864",7/2/2024 7:10:00,Ankara DMA 1-1,"Çiğdem, 1575. Cadde 43A, 06530Ankara, Ankara,
Ankara Türkiye",description_1,38.55,20,5/10/2024 4:59,39.88765702,32.79979395
"1,865",7/2/2024 7:10:00,Ankara DMA 1-2,"Çiğdem, 1071 Malazgirt Bulvarı, 06530Ankara, Ankara,
Ankara Türkiye",description_2,42.19,9,5/10/2024 4:59,39.888736,32.799528
"1,866",7/2/2024 7:10:00,Ankara DMA 1-3,"Çiğdem, 1591. Sokak 11, 06530Ankara, Ankara,
Ankara Türkiye",description_3,37.1,14,5/10/2024 4:59,39.88429001,32.79584398
"1,867",7/2/2024 7:10:00,Ankara DMA 1-4,"Çiğdem, 1550/1. Cadde 2C, 06530Ankara, Ankara,
Ankara Türkiye",description_4,39.66,14,5/10/2024 4:59,39.88905796,32.79525397
"1,868",7/2/2024 7:10:00,Ankara DMA 1-5,"Çiğdem, 1589. Sokak 16, 06530Ankara, Ankara,
Ankara Türkiye",description_5,30.47,9,5/10/2024 4:59,39.88536496,32.79749503
"1,864",7/2/2024 7:20:00,Ankara DMA 1-1,"Çiğdem, 1575. Cadde 43A, 06530Ankara, Ankara,
Ankara Türkiye",description_1,42.92,20,5/10/2024 4:59,39.88765702,32.79979395
"1,865",7/2/2024 7:20:00,Ankara DMA 1-2,"Çiğdem, 1071 Malazgirt Bulvarı, 06530Ankara, Ankara,
Ankara Türkiye",description_2,49.5,9,5/10/2024 4:59,39.888736,32.799528
"1,866",7/2/2024 7:20:00,Ankara DMA 1-3,"Çiğdem, 1591. Sokak 11, 06530Ankara, Ankara,
Ankara Türkiye",description_3,41.01,14,5/10/2024 4:59,39.88429001,32.79584398
"1,867",7/2/2024 7:20:00,Ankara DMA 1-4,"Çiğdem, 1550/1. Cadde 2C, 06530Ankara, Ankara,
Ankara Türkiye",description_4,43.41,14,5/10/2024 4:59,39.88905796,32.79525397
"1,868",7/2/2024 7:20:00,Ankara DMA 1-5,"Çiğdem, 1589. Sokak 16, 06530Ankara, Ankara,
Ankara Türkiye",description_5,46.32,9,5/10/2024 4:59,39.88536496,32.79749503
"1,864",7/2/2024 7:30:00,Ankara DMA 1-1,"Çiğdem, 1575. Cadde 43A, 06530Ankara, Ankara,
Ankara Türkiye",description_1,35.76,20,5/10/2024 4:59,39.88765702,32.79979395
"1,865",7/2/2024 7:30:00,Ankara DMA 1-2,"Çiğdem, 1071 Malazgirt Bulvarı, 06530Ankara, Ankara,
Ankara Türkiye",description_2,38.76,9,5/10/2024 4:59,39.888736,32.799528
"1,866",7/2/2024 7:30:00,Ankara DMA 1-3,"Çiğdem, 1591. Sokak 11, 06530Ankara, Ankara,
Ankara Türkiye",description_3,44.92,14,5/10/2024 4:59,39.88429001,32.79584398
"1,867",7/2/2024 7:30:00,Ankara DMA 1-4,"Çiğdem, 1550/1. Cadde 2C, 06530Ankara, Ankara,
Ankara Türkiye",description_4,39.98,14,5/10/2024 4:59,39.88905796,32.79525397
"1,868",7/2/2024 7:30:00,Ankara DMA 1-5,"Çiğdem, 1589. Sokak 16, 06530Ankara, Ankara,
Ankara Türkiye",description_5,43.89,9,5/10/2024 4:59,39.88536496,32.79749503
"1,864",7/2/2024 7:40:00,Ankara DMA 1-1,"Çiğdem, 1575. Cadde 43A, 06530Ankara, Ankara,
Ankara Türkiye",description_1,43.37,20,5/10/2024 4:59,39.88765702,32.79979395
"1,865",7/2/2024 7:40:00,Ankara DMA 1-2,"Çiğdem, 1071 Malazgirt Bulvarı, 06530Ankara, Ankara,
Ankara Türkiye",description_2,38.22,9,5/10/2024 4:59,39.888736,32.799528
"1,866",7/2/2024 7:40:00,Ankara DMA 1-3,"Çiğdem, 1591. Sokak 11, 06530Ankara, Ankara,
Ankara Türkiye",description_3,37.46,14,5/10/2024 4:59,39.88429001,32.79584398
"1,867",7/2/2024 7:40:00,Ankara DMA 1-4,"Çiğdem, 1550/1. Cadde 2C, 06530Ankara, Ankara,
Ankara Türkiye",description_4,37.13,14,5/10/2024 4:59,39.88905796,32.79525397
"1,868",7/2/2024 7:40:00,Ankara DMA 1-5,"Çiğdem, 1589. Sokak 16, 06530Ankara, Ankara,
Ankara Türkiye",description_5,46.84,9,5/10/2024 4:59,39.88536496,32.79749503
"1,864",7/2/2024 7:50:00,Ankara DMA 1-1,"Çiğdem, 1575. Cadde 43A, 06530Ankara, Ankara,
Ankara Türkiye",description_1,31.69,20,5/10/2024 4:59,39.88765702,32.79979395
"1,865",7/2/2024 7:50:00,Ankara DMA 1-2,"Çiğdem, 1071 Malazgirt Bulvarı, 06530Ankara, Ankara,
Ankara Türkiye",description_2,31.75,9,5/10/2024 4:59,39.888736,32.799528
"1,866",7/2/2024 7:50:00,Ankara DMA 1-3,"Çiğdem, 1591. Sokak 11, 06530Ankara, Ankara,
Ankara Türkiye",description_3,36.96,14,5/10/2024 4:59,39.88429001,32.79584398
"1,867",7/2/2024 7:50:00,Ankara DMA 1-4,"Çiğdem, 1550/1. Cadde 2C, 06530Ankara, Ankara,
Ankara Türkiye",description_4,36.16,14,5/10/2024 4:59,39.88905796,32.79525397
"1,868",7/2/2024 7:50:00,Ankara DMA 1-5,"Çiğdem, 1589. Sokak 16, 06530Ankara, Ankara,
Ankara Türkiye",description_5,41.57,9,5/10/2024 4:59,39.88536496,32.79749503
"1,864",7/2/2024 8:00:00,Ankara DMA 1-1,"Çiğdem, 1575. Cadde 43A, 06530Ankara, Ankara,
Ankara Türkiye",description_1,45.93,20,5/10/2024 4:59,39.88765702,32.79979395
"1,865",7/2/2024 8:00:00,Ankara DMA 1-2,"Çiğdem, 1071 Malazgirt Bulvarı, 06530Ankara, Ankara,
Ankara Türkiye",description_2,30.64,9,5/10/2024 4:59,39.888736,32.799528
"1,866",7/2/2024 8:00:00,Ankara DMA 1-3,"Çiğdem, 1591. Sokak 11, 06530Ankara, Ankara,
Ankara Türkiye",description_3,44.4,14,5/10/2024 4:59,39.88429001,32.79584398
"1,867",7/2/2024 8:00:00,Ankara DMA 1-4,"Çiğdem, 1550/1. Cadde 2C, 06530Ankara, Ankara,
Ankara Türkiye",description_4,44.16,14,5/10/2024 4:59,39.88905796,32.79525397
"1,868",7/2/2024 8:00:00,Ankara DMA 1-5,"Çiğdem, 1589. Sokak 16, 06530Ankara, Ankara,
Ankara Türkiye",description_5,42.07,9,5/10/2024 4:59,39.88536496,32.79749503
"1,864",7/2/2024 8:10:00,Ankara DMA 1-1,"Çiğdem, 1575. Cadde 43A, 06530Ankara, Ankara,
Ankara Türkiye",description_1,31.76,20,5/10/2024 4:59,39.88765702,32.79979395
"1,865",7/2/2024 8:10:00,Ankara DMA 1-2,"Çiğdem, 1071 Malazgirt Bulvarı, 06530Ankara, Ankara,
Ankara Türkiye",description_2,39.73,9,5/10/2024 4:59,39.888736,32.799528
"1,866",7/2/2024 8:10:00,Ankara DMA 1-3,"Çiğdem, 1591. Sokak 11, 06530Ankara, Ankara,
Ankara Türkiye",description_3,49.52,14,5/10/2024 4:59,39.88429001,32.79584398
"1,867",7/2/2024 8:10:00,Ankara DMA 1-4,"Çiğdem, 1550/1. Cadde 2C, 06530Ankara, Ankara,
Ankara Türkiye",description_4,48.48,14,5/10/2024 4:59,39.88905796,32.79525397
"1,868",7/2/2024 8:10:00,Ankara DMA 1-5,"Çiğdem, 1589. Sokak 16, 06530Ankara, Ankara,
Ankara Türkiye",description_5,38.68,9,5/10/2024 4:59,39.88536496,32.79749503
"1,864",7/2/2024 8:20:00,Ankara DMA 1-1,"Çiğdem, 1575. Cadde 43A, 06530Ankara, Ankara,
Ankara Türkiye",description_1,33.06,20,5/10/2024 4:59,39.88765702,32.79979395
"1,865",7/2/2024 8:20:00,Ankara DMA 1-2,"Çiğdem, 1071 Malazgirt Bulvarı, 06530Ankara, Ankara,
Ankara Türkiye",description_2,41.28,9,5/10/2024 4:59,39.888736,32.799528
"1,866",7/2/2024 8:20:00,Ankara DMA 1-3,"Çiğdem, 1591. Sokak 11, 06530Ankara, Ankara,
Ankara Türkiye",description_3,48.62,14,5/10/2024 4:59,39.88429001,32.79584398
"1,867",7/2/2024 8:20:00,Ankara DMA 1-4,"Çiğdem, 1550/1. Cadde 2C, 06530Ankara, Ankara,
Ankara Türkiye",description_4,48.89,14,5/10/2024 4:59,39.88905796,32.79525397
"1,868",7/2/2024 8:20:00,Ankara DMA 1-5,"Çiğdem, 1589. Sokak 16, 06530Ankara, Ankara,
Ankara Türkiye",description_5,45.68,9,5/10/2024 4:59,39.88536496,32.79749503
"1,864",7/2/2024 8:30:00,Ankara DMA 1-1,"Çiğdem, 1575. Cadde 43A, 06530Ankara, Ankara,
Ankara Türkiye",description_1,37.67,20,5/10/2024 4:59,39.88765702,32.79979395
"1,865",7/2/2024 8:30:00,Ankara DMA 1-2,"Çiğdem, 1071 Malazgirt Bulvarı, 06530Ankara, Ankara,
Ankara Türkiye",description_2,39.7,9,5/10/2024 4:59,39.888736,32.799528
"1,866",7/2/2024 8:30:00,Ankara DMA 1-3,"Çiğdem, 1591. Sokak 11, 06530Ankara, Ankara,
Ankara Türkiye",description_3,31.1,14,5/10/2024 4:59,39.88429001,32.79584398
"1,867",7/2/2024 8:30:00,Ankara DMA 1-4,"Çiğdem, 1550/1. Cadde 2C, 06530Ankara, Ankara,
Ankara Türkiye",description_4,43.66,14,5/10/2024 4:59,39.88905796,32.79525397
"1,868",7/2/2024 8:30:00,Ankara DMA 1-5,"Çiğdem, 1589. Sokak 16, 06530Ankara, Ankara,
Ankara Türkiye",description_5,34.78,9,5/10/2024 4:59,39.88536496,32.79749503
"1,864",7/2/2024 8:40:00,Ankara DMA 1-1,"Çiğdem, 1575. Cadde 43A, 06530Ankara, Ankara,
Ankara Türkiye",description_1,48.14,20,5/10/2024 4:59,39.88765702,32.79979395
"1,865",7/2/2024 8:40:00,Ankara DMA 1-2,"Çiğdem, 1071 Malazgirt Bulvarı, 06530Ankara, Ankara,
Ankara Türkiye",description_2,44.84,9,5/10/2024 4:59,39.888736,32.799528
"1,866",7/2/2024 8:40:00,Ankara DMA 1-3,"Çiğdem, 1591. Sokak 11, 06530Ankara, Ankara,
Ankara Türkiye",description_3,40.4,14,5/10/2024 4:59,39.88429001,32.79584398
"1,867",7/2/2024 8:40:00,Ankara DMA 1-4,"Çiğdem, 1550/1. Cadde 2C, 06530Ankara, Ankara,
Ankara Türkiye",description_4,39.08,14,5/10/2024 4:59,39.88905796,32.79525397
"1,868",7/2/2024 8:40:00,Ankara DMA 1-5,"Çiğdem, 1589. Sokak 16, 06530Ankara, Ankara,
Ankara Türkiye",description_5,42.77,9,5/10/2024 4:59,39.88536496,32.79749503
"1,864",7/2/2024 8:50:00,Ankara DMA 1-1,"Çiğdem, 1575. Cadde 43A, 06530Ankara, Ankara,
Ankara Türkiye",description_1,33.27,20,5/10/2024 4:59,39.88765702,32.79979395
"1,865",7/2/2024 8:50:00,Ankara DMA 1-2,"Çiğdem, 1071 Malazgirt Bulvarı, 06530Ankara, Ankara,
Ankara Türkiye",description_2,33.55,9,5/10/2024 4:59,39.888736,32.799528
"1,866",7/2/2024 8:50:00,Ankara DMA 1-3,"Çiğdem, 1591. Sokak 11, 06530Ankara, Ankara,
Ankara Türkiye",description_3,34.21,14,5/10/2024 4:59,39.88429001,32.79584398
"1,867",7/2/2024 8:50:00,Ankara DMA 1-4,"Çiğdem, 1550/1. Cadde 2C, 06530Ankara, Ankara,
Ankara Türkiye",description_4,43.55,14,5/10/2024 4:59,39.88905796,32.79525397
"1,868",7/2/2024 8:50:00,Ankara DMA 1-5,"Çiğdem, 1589. Sokak 16, 06530Ankara, Ankara,
Ankara Türkiye",description_5,41.97,9,5/10/2024 4:59,39.88536496,32.79749503
"1,864",7/2/2024 9:00:00,Ankara DMA 1-1,"Çiğdem, 1575. Cadde 43A, 06530Ankara, Ankara,
Ankara Türkiye",description_1,38.07,20,5/10/2024 4:59,39.88765702,32.79979395
"1,865",7/2/2024 9:00:00,Ankara DMA 1-2,"Çiğdem, 1071 Malazgirt Bulvarı, 06530Ankara, Ankara,
Ankara Türkiye",description_2,39.48,9,5/10/2024 4:59,39.888736,32.799528
"1,866",7/2/2024 9:00:00,Ankara DMA 1-3,"Çiğdem, 1591. Sokak 11, 06530Ankara, Ankara,
Ankara Türkiye",description_3,30.87,14,5/10/2024 4:59,39.88429001,32.79584398
"1,867",7/2/2024 9:00:00,Ankara DMA 1-4,"Çiğdem, 1550/1. Cadde 2C, 06530Ankara, Ankara,
Ankara Türkiye",description_4,38.87,14,5/10/2024 4:59,39.88905796,32.79525397
"1,868",7/2/2024 9:00:00,Ankara DMA 1-5,"Çiğdem, 1589. Sokak 16, 06530Ankara, Ankara,
Ankara Türkiye",description_5,49.8,9,5/10/2024 4:59,39.88536496,32.79749503
"1,864",7/2/2024 9:10:00,Ankara DMA 1-1,"Çiğdem, 1575. Cadde 43A, 06530Ankara, Ankara,
Ankara Türkiye",description_1,30.3,20,5/10/2024 4:59,39.88765702,32.79979395
"1,865",7/2/2024 9:10:00,Ankara DMA 1-2,"Çiğdem, 1071 Malazgirt Bulvarı, 06530Ankara, Ankara,
Ankara Türkiye",description_2,41.86,9,5/10/2024 4:59,39.888736,32.799528
"1,866",7/2/2024 9:10:00,Ankara DMA 1-3,"Çiğdem, 1591. Sokak 11, 06530Ankara, Ankara,
Ankara Türkiye",description_3,33.92,14,5/10/2024 4:59,39.88429001,32.79584398
"1,867",7/2/2024 9:10:00,Ankara DMA 1-4,"Çiğdem, 1550/1. Cadde 2C, 06530Ankara, Ankara,
Ankara Türkiye",description_4,48.45,14,5/10/2024 4:59,39.88905796,32.79525397
"1,868",7/2/2024 9:10:00,Ankara DMA 1-5,"Çiğdem, 1589. Sokak 16, 06530Ankara, Ankara,
Ankara Türkiye",description_5,49.02,9,5/10/2024 4:59,39.88536496,32.79749503
"1,864",7/2/2024 9:20:00,Ankara DMA 1-1,"Çiğdem, 1575. Cadde 43A, 06530Ankara, Ankara,
Ankara Türkiye",description_1,41.23,20,5/10/2024 4:59,39.88765702,32.79979395
"1,865",7/2/2024 9:20:00,Ankara DMA 1-2,"Çiğdem, 1071 Malazgirt Bulvarı, 06530Ankara, Ankara,
Ankara Türkiye",description_2,48.34,9,5/10/2024 4:59,39.888736,32.799528
"1,866",7/2/2024 9:20:00,Ankara DMA 1-3,"Çiğdem, 1591. Sokak 11, 06530Ankara, Ankara,
Ankara Türkiye",description_3,30.56,14,5/10/2024 4:59,39.88429001,32.79584398
"1,867",7/2/2024 9:20:00,Ankara DMA 1-4,"Çiğdem, 1550/1. Cadde 2C, 06530Ankara, Ankara,
Ankara Türkiye",description_4,40.34,14,5/10/2024 4:59,39.88905796,32.79525397
"1,868",7/2/2024 9:20:00,Ankara DMA 1-5,"Çiğdem, 1589. Sokak 16, 06530Ankara, Ankara,
Ankara Türkiye",description_5,30.33,9,5/10/2024 4:59,39.88536496,32.79749503
"1,864",7/2/2024 9:30:00,Ankara DMA 1-1,"Çiğdem, 1575. Cadde 43A, 06530Ankara, Ankara,
Ankara Türkiye",description_1,43.03,20,5/10/2024 4:59,39.88765702,32.79979395
"1,865",7/2/2024 9:30:00,Ankara DMA 1-2,"Çiğdem, 1071 Malazgirt Bulvarı, 06530Ankara, Ankara,
Ankara Türkiye",description_2,41.14,9,5/10/2024 4:59,39.888736,32.799528
"1,866",7/2/2024 9:30:00,Ankara DMA 1-3,"Çiğdem, 1591. Sokak 11, 06530Ankara, Ankara,
Ankara Türkiye",description_3,38.54,14,5/10/2024 4:59,39.88429001,32.79584398
"1,867",7/2/2024 9:30:00,Ankara DMA 1-4,"Çiğdem, 1550/1. Cadde 2C, 06530Ankara, Ankara,
Ankara Türkiye",description_4,32.57,14,5/10/2024 4:59,39.88905796,32.79525397
"1,868",7/2/2024 9:30:00,Ankara DMA 1-5,"Çiğdem, 1589. Sokak 16, 06530Ankara, Ankara,
Ankara Türkiye",description_5,46.3,9,5/10/2024 4:59,39.88536496,32.79749503
"1,864",7/2/2024 9:40:00,Ankara DMA 1-1,"Çiğdem, 1575. Cadde 43A, 06530Ankara, Ankara,
Ankara Türkiye",description_1,32.88,20,5/10/2024 4:59,39.88765702,32.79979395
"1,865",7/2/2024 9:40:00,Ankara DMA 1-2,"Çiğdem, 1071 Malazgirt Bulvarı, 06530Ankara, Ankara,
Ankara Türkiye",description_2,45.84,9,5/10/2024 4:59,39.888736,32.799528
"1,866",7/2/2024 9:40:00,Ankara DMA 1-3,"Çiğdem, 1591. Sokak 11, 06530Ankara, Ankara,
Ankara Türkiye",description_3,33.57,14,5/10/2024 4:59,39.88429001,32.79584398
"1,867",7/2/2024 9:40:00,Ankara DMA 1-4,"Çiğdem, 1550/1. Cadde 2C, 06530Ankara, Ankara,
Ankara Türkiye",description_4,46.48,14,5/10/2024 4:59,39.88905796,32.79525397
"1,868",7/2/2024 9:40:00,Ankara DMA 1-5,"Çiğdem, 1589. Sokak 16, 06530Ankara, Ankara,
Ankara Türkiye",description_5,42.91,9,5/10/2024 4:59,39.88536496,32.79749503
"1,864",7/2/2024 9:50:00,Ankara DMA 1-1,"Çiğdem, 1575. Cadde 43A, 06530Ankara, Ankara,
Ankara Türkiye",description_1,43.51,20,5/10/2024 4:59,39.88765702,32.79979395
"1,865",7/2/2024 9:50:00,Ankara DMA 1-2,"Çiğdem, 1071 Malazgirt Bulvarı, 06530Ankara, Ankara,
Ankara Türkiye",description_2,44.09,9,5/10/2024 4:59,39.888736,32.799528
"1,866",7/2/2024 9:50:00,Ankara DMA 1-3,"Çiğdem, 1591. Sokak 11, 06530Ankara, Ankara,
Ankara Türkiye",description_3,31.65,14,5/10/2024 4:59,39.88429001,32.79584398
"1,867",7/2/2024 9:50:00,Ankara DMA 1-4,"Çiğdem, 1550/1. Cadde 2C, 06530Ankara, Ankara,
Ankara Türkiye",description_4,34.28,14,5/10/2024 4:59,39.88905796,32.79525397
"1,868",7/2/2024 9:50:00,Ankara DMA 1-5,"Çiğdem, 1589. Sokak 16, 06530Ankara, Ankara,
Ankara Türkiye",description_5,33.87,9,5/10/2024 4:59,39.88536496,32.79749503
"1,864",7/2/2024 10:00:00,Ankara DMA 1-1,"Çiğdem, 1575. Cadde 43A, 06530Ankara, Ankara,
Ankara Türkiye",description_1,31.24,20,5/10/2024 4:59,39.88765702,32.79979395
"1,865",7/2/2024 10:00:00,Ankara DMA 1-2,"Çiğdem, 1071 Malazgirt Bulvarı, 06530Ankara, Ankara,
Ankara Türkiye",description_2,46.71,9,5/10/2024 4:59,39.888736,32.799528
"1,866",7/2/2024 10:00:00,Ankara DMA 1-3,"Çiğdem, 1591. Sokak 11, 06530Ankara, Ankara,
Ankara Türkiye",description_3,45.32,14,5/10/2024 4:59,39.88429001,32.79584398
"1,867",7/2/2024 10:00:00,Ankara DMA 1-4,"Çiğdem, 1550/1. Cadde 2C, 06530Ankara, Ankara,
Ankara Türkiye",description_4,46.16,14,5/10/2024 4:59,39.88905796,32.79525397
"1,868",7/2/2024 10:00:00,Ankara DMA 1-5,"Çiğdem, 1589. Sokak 16, 06530Ankara, Ankara,
Ankara Türkiye",description_5,42.07,9,5/10/2024 4:59,39.88536496,32.79749503
"1,864",7/2/2024 10:10:00,Ankara DMA 1-1,"Çiğdem, 1575. Cadde 43A, 06530Ankara, Ankara,
Ankara Türkiye",description_1,30.24,20,5/10/2024 4:59,39.88765702,32.79979395
"1,865",7/2/2024 10:10:00,Ankara DMA 1-2,"Çiğdem, 1071 Malazgirt Bulvarı, 06530Ankara, Ankara,
Ankara Türkiye",description_2,33.24,9,5/10/2024 4:59,39.888736,32.799528
"1,866",7/2/2024 10:10:00,Ankara DMA 1-3,"Çiğdem, 1591. Sokak 11, 06530Ankara, Ankara,
Ankara Türkiye",description_3,39.63,14,5/10/2024 4:59,39.88429001,32.79584398
"1,867",7/2/2024 10:10:00,Ankara DMA 1-4,"Çiğdem, 1550/1. Cadde 2C, 06530Ankara, Ankara,
Ankara Türkiye",description_4,39.01,14,5/10/2024 4:59,39.88905796,32.79525397
"1,868",7/2/2024 10:10:00,Ankara DMA 1-5,"Çiğdem, 1589. Sokak 16, 06530Ankara, Ankara,
Ankara Türkiye",description_5,38.71,9,5/10/2024 4:59,39.88536496,32.79749503
"1,864",7/2/2024 10:20:00,Ankara DMA 1-1,"Çiğdem, 1575. Cadde 43A, 06530Ankara, Ankara,
Ankara Türkiye",description_1,48.25,20,5/10/2024 4:59,39.88765702,32.79979395
"1,865",7/2/2024 10:20:00,Ankara DMA 1-2,"Çiğdem, 1071 Malazgirt Bulvarı, 06530Ankara, Ankara,
Ankara Türkiye",description_2,43.76,9,5/10/2024 4:59,39.888736,32.799528
"1,866",7/2/2024 10:20:00,Ankara DMA 1-3,"Çiğdem, 1591. Sokak 11, 06530Ankara, Ankara,
Ankara Türkiye",description_3,31.45,14,5/10/2024 4:59,39.88429001,32.79584398
"1,867",7/2/2024 10:20:00,Ankara DMA 1-4,"Çiğdem, 1550/1. Cadde 2C, 06530Ankara, Ankara,
Ankara Türkiye",description_4,35.64,14,5/10/2024 4:59,39.88905796,32.79525397
"1,868",7/2/2024 10:20:00,Ankara DMA 1-5,"Çiğdem, 1589. Sokak 16, 06530Ankara, Ankara,
Ankara Türkiye",description_5,35.63,9,5/10/2024 4:59,39.88536496,32.79749503
"1,864",7/2/2024 10:30:00,Ankara DMA 1-1,"Çiğdem, 1575. Cadde 43A, 06530Ankara, Ankara,
Ankara Türkiye",description_1,48.84,20,5/10/2024 4:59,39.88765702,32.79979395
"1,865",7/2/2024 10:30:00,Ankara DMA 1-2,"Çiğdem, 1071 Malazgirt Bulvarı, 06530Ankara, Ankara,
Ankara Türkiye",description_2,34.35,9,5/10/2024 4:59,39.888736,32.799528
"1,866",7/2/2024 10:30:00,Ankara DMA 1-3,"Çiğdem, 1591. Sokak 11, 06530Ankara, Ankara,
Ankara Türkiye",description_3,41.27,14,5/10/2024 4:59,39.88429001,32.79584398
"1,867",7/2/2024 10:30:00,Ankara DMA 1-4,"Çiğdem, 1550/1. Cadde 2C, 06530Ankara, Ankara,
Ankara Türkiye",description_4,48.89,14,5/10/2024 4:59,39.88905796,32.79525397
"1,868",7/2/2024 10:30:00,Ankara DMA 1-5,"Çiğdem, 1589. Sokak 16, 06530Ankara, Ankara,
Ankara Türkiye",description_5,39.21,9,5/10/2024 4:59,39.88536496,32.79749503
"1,864",7/2/2024 10:40:00,Ankara DMA 1-1,"Çiğdem, 1575. Cadde 43A, 06530Ankara, Ankara,
Ankara Türkiye",description_1,31.72,20,5/10/2024 4:59,39.88765702,32.79979395
"1,865",7/2/2024 10:40:00,Ankara DMA 1-2,"Çiğdem, 1071 Malazgirt Bulvarı, 06530Ankara, Ankara,
Ankara Türkiye",description_2,41.98,9,5/10/2024 4:59,39.888736,32.799528
"1,866",7/2/2024 10:40:00,Ankara DMA 1-3,"Çiğdem, 1591. Sokak 11, 06530Ankara, Ankara,
Ankara Türkiye",description_3,41.39,14,5/10/2024 4:59,39.88429001,32.79584398
"1,867",7/2/2024 10:40:00,Ankara DMA 1-4,"Çiğdem, 1550/1. Cadde 2C, 06530Ankara, Ankara,
Ankara Türkiye",description_4,32.67,14,5/10/2024 4:59,39.88905796,32.79525397
"1,868",7/2/2024 10:40:00,Ankara DMA 1-5,"Çiğdem, 1589. Sokak 16, 06530Ankara, Ankara,
Ankara Türkiye",description_5,34.05,9,5/10/2024 4:59,39.88536496,32.79749503
"1,864",7/2/2024 10:50:00,Ankara DMA 1-1,"Çiğdem, 1575. Cadde 43A, 06530Ankara, Ankara,
Ankara Türkiye",description_1,38.47,20,5/10/2024 4:59,39.88765702,32.79979395
"1,865",7/2/2024 10:50:00,Ankara DMA 1-2,"Çiğdem, 1071 Malazgirt Bulvarı, 06530Ankara, Ankara,
Ankara Türkiye",description_2,40.19,9,5/10/2024 4:59,39.888736,32.799528
"1,866",7/2/2024 10:50:00,Ankara DMA 1-3,"Çiğdem, 1591. Sokak 11, 06530Ankara, Ankara,
Ankara Türkiye",description_3,42.82,14,5/10/2024 4:59,39.88429001,32.79584398
"1,867",7/2/2024 10:50:00,Ankara DMA 1-4,"Çiğdem, 1550/1. Cadde 2C, 06530Ankara, Ankara,
Ankara Türkiye",description_4,38.84,14,5/10/2024 4:59,39.88905796,32.79525397
"1,868",7/2/2024 10:50:00,Ankara DMA 1-5,"Çiğdem, 1589. Sokak 16, 06530Ankara, Ankara,
Ankara Türkiye",description_5,31.58,9,5/10/2024 4:59,39.88536496,32.79749503
"1,864",7/2/2024 11:00:00,Ankara DMA 1-1,"Çiğdem, 1575. Cadde 43A, 06530Ankara, Ankara,
Ankara Türkiye",description_1,35.32,20,5/10/2024 4:59,39.88765702,32.79979395
"1,865",7/2/2024 11:00:00,Ankara DMA 1-2,"Çiğdem, 1071 Malazgirt Bulvarı, 06530Ankara, Ankara,
Ankara Türkiye",description_2,30.28,9,5/10/2024 4:59,39.888736,32.799528
"1,866",7/2/2024 11:00:00,Ankara DMA 1-3,"Çiğdem, 1591. Sokak 11, 06530Ankara, Ankara,
Ankara Türkiye",description_3,33.64,14,5/10/2024 4:59,39.88429001,32.79584398
"1,867",7/2/2024 11:00:00,Ankara DMA 1-4,"Çiğdem, 1550/1. Cadde 2C, 06530Ankara, Ankara,
Ankara Türkiye",description_4,38.86,14,5/10/2024 4:59,39.88905796,32.79525397
"1,868",7/2/2024 11:00:00,Ankara DMA 1-5,"Çiğdem, 1589. Sokak 16, 06530Ankara, Ankara,
Ankara Türkiye",description_5,41.78,9,5/10/2024 4:59,39.88536496,32.79749503
"1,864",7/2/2024 11:10:00,Ankara DMA 1-1,"Çiğdem, 1575. Cadde 43A, 06530Ankara, Ankara,
Ankara Türkiye",description_1,34.71,20,5/10/2024 4:59,39.88765702,32.79979395
"1,865",7/2/2024 11:10:00,Ankara DMA 1-2,"Çiğdem, 1071 Malazgirt Bulvarı, 06530Ankara, Ankara,
Ankara Türkiye",description_2,48.82,9,5/10/2024 4:59,39.888736,32.799528
"1,866",7/2/2024 11:10:00,Ankara DMA 1-3,"Çiğdem, 1591. Sokak 11, 06530Ankara, Ankara,
Ankara Türkiye",description_3,42.5,14,5/10/2024 4:59,39.88429001,32.79584398
"1,867",7/2/2024 11:10:00,Ankara DMA 1-4,"Çiğdem, 1550/1. Cadde 2C, 06530Ankara, Ankara,
Ankara Türkiye",description_4,34.69,14,5/10/2024 4:59,39.88905796,32.79525397
"1,868",7/2/2024 11:10:00,Ankara DMA 1-5,"Çiğdem, 1589. Sokak 16, 06530Ankara, Ankara,
Ankara Türkiye",description_5,43.49,9,5/10/2024 4:59,39.88536496,32.79749503
"1,864",7/2/2024 11:20:00,Ankara DMA 1-1,"Çiğdem, 1575. Cadde 43A, 06530Ankara, Ankara,
Ankara Türkiye",description_1,35.73,20,5/10/2024 4:59,39.88765702,32.79979395
"1,865",7/2/2024 11:20:00,Ankara DMA 1-2,"Çiğdem, 1071 Malazgirt Bulvarı, 06530Ankara, Ankara,
Ankara Türkiye",description_2,30,9,5/10/2024 4:59,39.888736,32.799528
"1,866",7/2/2024 11:20:00,Ankara DMA 1-3,"Çiğdem, 1591. Sokak 11, 06530Ankara, Ankara,
Ankara Türkiye",description_3,30.17,14,5/10/2024 4:59,39.88429001,32.79584398
"1,867",7/2/2024 11:20:00,Ankara DMA 1-4,"Çiğdem, 1550/1. Cadde 2C, 06530Ankara, Ankara,
Ankara Türkiye",description_4,43.07,14,5/10/2024 4:59,39.88905796,32.79525397
"1,868",7/2/2024 11:20:00,Ankara DMA 1-5,"Çiğdem, 1589. Sokak 16, 06530Ankara, Ankara,
Ankara Türkiye",description_5,37.1,9,5/10/2024 4:59,39.88536496,32.79749503
"1,864",7/2/2024 11:30:00,Ankara DMA 1-1,"Çiğdem, 1575. Cadde 43A, 06530Ankara, Ankara,
Ankara Türkiye",description_1,42.99,20,5/10/2024 4:59,39.88765702,32.79979395
"1,865",7/2/2024 11:30:00,Ankara DMA 1-2,"Çiğdem, 1071 Malazgirt Bulvarı, 06530Ankara, Ankara,
Ankara Türkiye",description_2,49.02,9,5/10/2024 4:59,39.888736,32.799528
"1,866",7/2/2024 11:30:00,Ankara DMA 1-3,"Çiğdem, 1591. Sokak 11, 06530Ankara, Ankara,
Ankara Türkiye",description_3,42.01,14,5/10/2024 4:59,39.88429001,32.79584398
"1,867",7/2/2024 11:30:00,Ankara DMA 1-4,"Çiğdem, 1550/1. Cadde 2C, 06530Ankara, Ankara,
Ankara Türkiye",description_4,42.47,14,5/10/2024 4:59,39.88905796,32.79525397
"1,868",7/2/2024 11:30:00,Ankara DMA 1-5,"Çiğdem, 1589. Sokak 16, 06530Ankara, Ankara,
Ankara Türkiye",description_5,34.77,9,5/10/2024 4:59,39.88536496,32.79749503
"1,864",7/2/2024 11:40:00,Ankara DMA 1-1,"Çiğdem, 1575. Cadde 43A, 06530Ankara, Ankara,
Ankara Türkiye",description_1,42.74,20,5/10/2024 4:59,39.88765702,32.79979395
"1,865",7/2/2024 11:40:00,Ankara DMA 1-2,"Çiğdem, 1071 Malazgirt Bulvarı, 06530Ankara, Ankara,
Ankara Türkiye",description_2,30.26,9,5/10/2024 4:59,39.888736,32.799528
"1,866",7/2/2024 11:40:00,Ankara DMA 1-3,"Çiğdem, 1591. Sokak 11, 06530Ankara, Ankara,
Ankara Türkiye",description_3,33.83,14,5/10/2024 4:59,39.88429001,32.79584398
"1,867",7/2/2024 11:40:00,Ankara DMA 1-4,"Çiğdem, 1550/1. Cadde 2C, 06530Ankara, Ankara,
Ankara Türkiye",description_4,34.41,14,5/10/2024 4:59,39.88905796,32.79525397
"1,868",7/2/2024 11:40:00,Ankara DMA 1-5,"Çiğdem, 1589. Sokak 16, 06530Ankara, Ankara,
Ankara Türkiye",description_5,33.37,9,5/10/2024 4:59,39.88536496,32.79749503
"1,864",7/2/2024 11:50:00,Ankara DMA 1-1,"Çiğdem, 1575. Cadde 43A, 06530Ankara, Ankara,
Ankara Türkiye",description_1,34.65,20,5/10/2024 4:59,39.88765702,32.79979395
"1,865",7/2/2024 11:50:00,Ankara DMA 1-2,"Çiğdem, 1071 Malazgirt Bulvarı, 06530Ankara, Ankara,
Ankara Türkiye",description_2,45.48,9,5/10/2024 4:59,39.888736,32.799528
"1,866",7/2/2024 11:50:00,Ankara DMA 1-3,"Çiğdem, 1591. Sokak 11, 06530Ankara, Ankara,
Ankara Türkiye",description_3,33.63,14,5/10/2024 4:59,39.88429001,32.79584398
"1,867",7/2/2024 11:50:00,Ankara DMA 1-4,"Çiğdem, 1550/1. Cadde 2C, 06530Ankara, Ankara,
Ankara Türkiye",description_4,42.17,14,5/10/2024 4:59,39.88905796,32.79525397
"1,868",7/2/2024 11:50:00,Ankara DMA 1-5,"Çiğdem, 1589. Sokak 16, 06530Ankara, Ankara,
Ankara Türkiye",description_5,37.38,9,5/10/2024 4:59,39.88536496,32.79749503
"1,864",7/2/2024 12:00:00,Ankara DMA 1-1,"Çiğdem, 1575. Cadde 43A, 06530Ankara, Ankara,
Ankara Türkiye",description_1,45.1,20,5/10/2024 4:59,39.88765702,32.79979395
"1,865",7/2/2024 12:00:00,Ankara DMA 1-2,"Çiğdem, 1071 Malazgirt Bulvarı, 06530Ankara, Ankara,
Ankara Türkiye",description_2,45.52,9,5/10/2024 4:59,39.888736,32.799528
"1,866",7/2/2024 12:00:00,Ankara DMA 1-3,"Çiğdem, 1591. Sokak 11, 06530Ankara, Ankara,
Ankara Türkiye",description_3,40.71,14,5/10/2024 4:59,39.88429001,32.79584398
"1,867",7/2/2024 12:00:00,Ankara DMA 1-4,"Çiğdem, 1550/1. Cadde 2C, 06530Ankara, Ankara,
Ankara Türkiye",description_4,44.27,14,5/10/2024 4:59,39.88905796,32.79525397
"1,868",7/2/2024 12:00:00,Ankara DMA 1-5,"Çiğdem, 1589. Sokak 16, 06530Ankara, Ankara,
Ankara Türkiye",description_5,32.08,9,5/10/2024 4:59,39.88536496,32.79749503
"1,864",7/2/2024 12:10:00,Ankara DMA 1-1,"Çiğdem, 1575. Cadde 43A, 06530Ankara, Ankara,
Ankara Türkiye",description_1,47.61,20,5/10/2024 4:59,39.88765702,32.79979395
"1,865",7/2/2024 12:10:00,Ankara DMA 1-2,"Çiğdem, 1071 Malazgirt Bulvarı, 06530Ankara, Ankara,
Ankara Türkiye",description_2,33.04,9,5/10/2024 4:59,39.888736,32.799528
"1,866",7/2/2024 12:10:00,Ankara DMA 1-3,"Çiğdem, 1591. Sokak 11, 06530Ankara, Ankara,
Ankara Türkiye",description_3,49.01,14,5/10/2024 4:59,39.88429001,32.79584398
"1,867",7/2/2024 12:10:00,Ankara DMA 1-4,"Çiğdem, 1550/1. Cadde 2C, 06530Ankara, Ankara,
Ankara Türkiye",description_4,47.04,14,5/10/2024 4:59,39.88905796,32.79525397
"1,868",7/2/2024 12:10:00,Ankara DMA 1-5,"Çiğdem, 1589. Sokak 16, 06530Ankara, Ankara,
Ankara Türkiye",description_5,48.43,9,5/10/2024 4:59,39.88536496,32.79749503
"1,864",7/2/2024 12:20:00,Ankara DMA 1-1,"Çiğdem, 1575. Cadde 43A, 06530Ankara, Ankara,
Ankara Türkiye",description_1,31.19,20,5/10/2024 4:59,39.88765702,32.79979395
"1,865",7/2/2024 12:20:00,Ankara DMA 1-2,"Çiğdem, 1071 Malazgirt Bulvarı, 06530Ankara, Ankara,
Ankara Türkiye",description_2,41.3,9,5/10/2024 4:59,39.888736,32.799528
"1,866",7/2/2024 12:20:00,Ankara DMA 1-3,"Çiğdem, 1591. Sokak 11, 06530Ankara, Ankara,
Ankara Türkiye",description_3,34.83,14,5/10/2024 4:59,39.88429001,32.79584398
"1,867",7/2/2024 12:20:00,Ankara DMA 1-4,"Çiğdem, 1550/1. Cadde 2C, 06530Ankara, Ankara,
Ankara Türkiye",description_4,40.81,14,5/10/2024 4:59,39.88905796,32.79525397
"1,868",7/2/2024 12:20:00,Ankara DMA 1-5,"Çiğdem, 1589. Sokak 16, 06530Ankara, Ankara,
Ankara Türkiye",description_5,44.83,9,5/10/2024 4:59,39.88536496,32.79749503
"1,864",7/2/2024 12:30:00,Ankara DMA 1-1,"Çiğdem, 1575. Cadde 43A, 06530Ankara, Ankara,
Ankara Türkiye",description_1,43.74,20,5/10/2024 4:59,39.88765702,32.79979395
"1,865",7/2/2024 12:30:00,Ankara DMA 1-2,"Çiğdem, 1071 Malazgirt Bulvarı, 06530Ankara, Ankara,
Ankara Türkiye",description_2,38.72,9,5/10/2024 4:59,39.888736,32.799528
"1,866",7/2/2024 12:30:00,Ankara DMA 1-3,"Çiğdem, 1591. Sokak 11, 06530Ankara, Ankara,
Ankara Türkiye",description_3,49.82,14,5/10/2024 4:59,39.88429001,32.79584398
"1,867",7/2/2024 12:30:00,Ankara DMA 1-4,"Çiğdem, 1550/1. Cadde 2C, 06530Ankara, Ankara,
Ankara Türkiye",description_4,48.85,14,5/10/2024 4:59,39.88905796,32.79525397
"1,868",7/2/2024 12:30:00,Ankara DMA 1-5,"Çiğdem, 1589. Sokak 16, 06530Ankara, Ankara,
Ankara Türkiye",description_5,43.72,9,5/10/2024 4:59,39.88536496,32.79749503
"1,864",7/2/2024 12:40:00,Ankara DMA 1-1,"Çiğdem, 1575. Cadde 43A, 06530Ankara, Ankara,
Ankara Türkiye",description_1,43.88,20,5/10/2024 4:59,39.88765702,32.79979395
"1,865",7/2/2024 12:40:00,Ankara DMA 1-2,"Çiğdem, 1071 Malazgirt Bulvarı, 06530Ankara, Ankara,
Ankara Türkiye",description_2,42.24,9,5/10/2024 4:59,39.888736,32.799528
"1,866",7/2/2024 12:40:00,Ankara DMA 1-3,"Çiğdem, 1591. Sokak 11, 06530Ankara, Ankara,
Ankara Türkiye",description_3,35.51,14,5/10/2024 4:59,39.88429001,32.79584398
"1,867",7/2/2024 12:40:00,Ankara DMA 1-4,"Çiğdem, 1550/1. Cadde 2C, 06530Ankara, Ankara,
Ankara Türkiye",description_4,45.75,14,5/10/2024 4:59,39.88905796,32.79525397
"1,868",7/2/2024 12:40:00,Ankara DMA 1-5,"Çiğdem, 1589. Sokak 16, 06530Ankara, Ankara,
Ankara Türkiye",description_5,34.05,9,5/10/2024 4:59,39.88536496,32.79749503
"1,864",7/2/2024 12:50:00,Ankara DMA 1-1,"Çiğdem, 1575. Cadde 43A, 06530Ankara, Ankara,
Ankara Türkiye",description_1,44.01,20,5/10/2024 4:59,39.88765702,32.79979395
"1,865",7/2/2024 12:50:00,Ankara DMA 1-2,"Çiğdem, 1071 Malazgirt Bulvarı, 06530Ankara, Ankara,
Ankara Türkiye",description_2,41.81,9,5/10/2024 4:59,39.888736,32.799528
"1,866",7/2/2024 12:50:00,Ankara DMA 1-3,"Çiğdem, 1591. Sokak 11, 06530Ankara, Ankara,
Ankara Türkiye",description_3,39.09,14,5/10/2024 4:59,39.88429001,32.79584398
"1,867",7/2/2024 12:50:00,Ankara DMA 1-4,"Çiğdem, 1550/1. Cadde 2C, 06530Ankara, Ankara,
Ankara Türkiye",description_4,31.44,14,5/10/2024 4:59,39.88905796,32.79525397
"1,868",7/2/2024 12:50:00,Ankara DMA 1-5,"Çiğdem, 1589. Sokak 16, 06530Ankara, Ankara,
Ankara Türkiye",description_5,41.34,9,5/10/2024 4:59,39.88536496,32.79749503
"1,864",7/2/2024 13:00:00,Ankara DMA 1-1,"Çiğdem, 1575. Cadde 43A, 06530Ankara, Ankara,
Ankara Türkiye",description_1,33.23,20,5/10/2024 4:59,39.88765702,32.79979395
"1,865",7/2/2024 13:00:00,Ankara DMA 1-2,"Çiğdem, 1071 Malazgirt Bulvarı, 06530Ankara, Ankara,
Ankara Türkiye",description_2,44.3,9,5/10/2024 4:59,39.888736,32.799528
"1,866",7/2/2024 13:00:00,Ankara DMA 1-3,"Çiğdem, 1591. Sokak 11, 06530Ankara, Ankara,
Ankara Türkiye",description_3,44.53,14,5/10/2024 4:59,39.88429001,32.79584398
"1,867",7/2/2024 13:00:00,Ankara DMA 1-4,"Çiğdem, 1550/1. Cadde 2C, 06530Ankara, Ankara,
Ankara Türkiye",description_4,43.92,14,5/10/2024 4:59,39.88905796,32.79525397
"1,868",7/2/2024 13:00:00,Ankara DMA 1-5,"Çiğdem, 1589. Sokak 16, 06530Ankara, Ankara,
Ankara Türkiye",description_5,38.99,9,5/10/2024 4:59,39.88536496,32.79749503
"1,864",7/2/2024 13:10:00,Ankara DMA 1-1,"Çiğdem, 1575. Cadde 43A, 06530Ankara, Ankara,
Ankara Türkiye",description_1,46.45,20,5/10/2024 4:59,39.88765702,32.79979395
"1,865",7/2/2024 13:10:00,Ankara DMA 1-2,"Çiğdem, 1071 Malazgirt Bulvarı, 06530Ankara, Ankara,
Ankara Türkiye",description_2,32.54,9,5/10/2024 4:59,39.888736,32.799528
"1,866",7/2/2024 13:10:00,Ankara DMA 1-3,"Çiğdem, 1591. Sokak 11, 06530Ankara, Ankara,
Ankara Türkiye",description_3,46.14,14,5/10/2024 4:59,39.88429001,32.79584398
"1,867",7/2/2024 13:10:00,Ankara DMA 1-4,"Çiğdem, 1550/1. Cadde 2C, 06530Ankara, Ankara,
Ankara Türkiye",description_4,39.23,14,5/10/2024 4:59,39.88905796,32.79525397
"1,868",7/2/2024 13:10:00,Ankara DMA 1-5,"Çiğdem, 1589. Sokak 16, 06530Ankara, Ankara,
Ankara Türkiye",description_5,39.38,9,5/10/2024 4:59,39.88536496,32.79749503
"1,864",7/2/2024 13:20:00,Ankara DMA 1-1,"Çiğdem, 1575. Cadde 43A, 06530Ankara, Ankara,
Ankara Türkiye",description_1,37.5,20,5/10/2024 4:59,39.88765702,32.79979395
"1,865",7/2/2024 13:20:00,Ankara DMA 1-2,"Çiğdem, 1071 Malazgirt Bulvarı, 06530Ankara, Ankara,
Ankara Türkiye",description_2,40.62,9,5/10/2024 4:59,39.888736,32.799528
"1,866",7/2/2024 13:20:00,Ankara DMA 1-3,"Çiğdem, 1591. Sokak 11, 06530Ankara, Ankara,
Ankara Türkiye",description_3,48.77,14,5/10/2024 4:59,39.88429001,32.79584398
"1,867",7/2/2024 13:20:00,Ankara DMA 1-4,"Çiğdem, 1550/1. Cadde 2C, 06530Ankara, Ankara,
Ankara Türkiye",description_4,34.7,14,5/10/2024 4:59,39.88905796,32.79525397
"1,868",7/2/2024 13:20:00,Ankara DMA 1-5,"Çiğdem, 1589. Sokak 16, 06530Ankara, Ankara,
Ankara Türkiye",description_5,43.07,9,5/10/2024 4:59,39.88536496,32.79749503
"1,864",7/2/2024 13:30:00,Ankara DMA 1-1,"Çiğdem, 1575. Cadde 43A, 06530Ankara, Ankara,
Ankara Türkiye",description_1,39.56,20,5/10/2024 4:59,39.88765702,32.79979395
"1,865",7/2/2024 13:30:00,Ankara DMA 1-2,"Çiğdem, 1071 Malazgirt Bulvarı, 06530Ankara, Ankara,
Ankara Türkiye",description_2,32.26,9,5/10/2024 4:59,39.888736,32.799528
"1,866",7/2/2024 13:30:00,Ankara DMA 1-3,"Çiğdem, 1591. Sokak 11, 06530Ankara, Ankara,
Ankara Türkiye",description_3,35.5,14,5/10/2024 4:59,39.88429001,32.79584398
"1,867",7/2/2024 13:30:00,Ankara DMA 1-4,"Çiğdem, 1550/1. Cadde 2C, 06530Ankara, Ankara,
Ankara Türkiye",description_4,49.99,14,5/10/2024 4:59,39.88905796,32.79525397
"1,868",7/2/2024 13:30:00,Ankara DMA 1-5,"Çiğdem, 1589. Sokak 16, 06530Ankara, Ankara,
Ankara Türkiye",description_5,39.82,9,5/10/2024 4:59,39.88536496,32.79749503
"1,864",7/2/2024 13:40:00,Ankara DMA 1-1,"Çiğdem, 1575. Cadde 43A, 06530Ankara, Ankara,
Ankara Türkiye",description_1,44.41,20,5/10/2024 4:59,39.88765702,32.79979395
"1,865",7/2/2024 13:40:00,Ankara DMA 1-2,"Çiğdem, 1071 Malazgirt Bulvarı, 06530Ankara, Ankara,
Ankara Türkiye",description_2,39.44,9,5/10/2024 4:59,39.888736,32.799528
"1,866",7/2/2024 13:40:00,Ankara DMA 1-3,"Çiğdem, 1591. Sokak 11, 06530Ankara, Ankara,
Ankara Türkiye",description_3,38.82,14,5/10/2024 4:59,39.88429001,32.79584398
"1,867",7/2/2024 13:40:00,Ankara DMA 1-4,"Çiğdem, 1550/1. Cadde 2C, 06530Ankara, Ankara,
Ankara Türkiye",description_4,37.42,14,5/10/2024 4:59,39.88905796,32.79525397
"1,868",7/2/2024 13:40:00,Ankara DMA 1-5,"Çiğdem, 1589. Sokak 16, 06530Ankara, Ankara,
Ankara Türkiye",description_5,30.49,9,5/10/2024 4:59,39.88536496,32.79749503
"1,864",7/2/2024 13:50:00,Ankara DMA 1-1,"Çiğdem, 1575. Cadde 43A, 06530Ankara, Ankara,
Ankara Türkiye",description_1,43.83,20,5/10/2024 4:59,39.88765702,32.79979395
"1,865",7/2/2024 13:50:00,Ankara DMA 1-2,"Çiğdem, 1071 Malazgirt Bulvarı, 06530Ankara, Ankara,
Ankara Türkiye",description_2,48.77,9,5/10/2024 4:59,39.888736,32.799528
"1,866",7/2/2024 13:50:00,Ankara DMA 1-3,"Çiğdem, 1591. Sokak 11, 06530Ankara, Ankara,
Ankara Türkiye",description_3,45,14,5/10/2024 4:59,39.88429001,32.79584398
"1,867",7/2/2024 13:50:00,Ankara DMA 1-4,"Çiğdem, 1550/1. Cadde 2C, 06530Ankara, Ankara,
Ankara Türkiye",description_4,39.74,14,5/10/2024 4:59,39.88905796,32.79525397
"1,868",7/2/2024 13:50:00,Ankara DMA 1-5,"Çiğdem, 1589. Sokak 16, 06530Ankara, Ankara,
Ankara Türkiye",description_5,43.64,9,5/10/2024 4:59,39.88536496,32.79749503
"1,864",7/2/2024 14:00:00,Ankara DMA 1-1,"Çiğdem, 1575. Cadde 43A, 06530Ankara, Ankara,
Ankara Türkiye",description_1,31.59,20,5/10/2024 4:59,39.88765702,32.79979395
"1,865",7/2/2024 14:00:00,Ankara DMA 1-2,"Çiğdem, 1071 Malazgirt Bulvarı, 06530Ankara, Ankara,
Ankara Türkiye",description_2,43.73,9,5/10/2024 4:59,39.888736,32.799528
"1,866",7/2/2024 14:00:00,Ankara DMA 1-3,"Çiğdem, 1591. Sokak 11, 06530Ankara, Ankara,
Ankara Türkiye",description_3,36.53,14,5/10/2024 4:59,39.88429001,32.79584398
"1,867",7/2/2024 14:00:00,Ankara DMA 1-4,"Çiğdem, 1550/1. Cadde 2C, 06530Ankara, Ankara,
Ankara Türkiye",description_4,33.14,14,5/10/2024 4:59,39.88905796,32.79525397
"1,868",7/2/2024 14:00:00,Ankara DMA 1-5,"Çiğdem, 1589. Sokak 16, 06530Ankara, Ankara,
Ankara Türkiye",description_5,38.95,9,5/10/2024 4:59,39.88536496,32.79749503
"1,864",7/2/2024 14:10:00,Ankara DMA 1-1,"Çiğdem, 1575. Cadde 43A, 06530Ankara, Ankara,
Ankara Türkiye",description_1,47.56,20,5/10/2024 4:59,39.88765702,32.79979395
"1,865",7/2/2024 14:10:00,Ankara DMA 1-2,"Çiğdem, 1071 Malazgirt Bulvarı, 06530Ankara, Ankara,
Ankara Türkiye",description_2,43.28,9,5/10/2024 4:59,39.888736,32.799528
"1,866",7/2/2024 14:10:00,Ankara DMA 1-3,"Çiğdem, 1591. Sokak 11, 06530Ankara, Ankara,
Ankara Türkiye",description_3,35.13,14,5/10/2024 4:59,39.88429001,32.79584398
"1,867",7/2/2024 14:10:00,Ankara DMA 1-4,"Çiğdem, 1550/1. Cadde 2C, 06530Ankara, Ankara,
Ankara Türkiye",description_4,34.44,14,5/10/2024 4:59,39.88905796,32.79525397
"1,868",7/2/2024 14:10:00,Ankara DMA 1-5,"Çiğdem, 1589. Sokak 16, 06530Ankara, Ankara,
Ankara Türkiye",description_5,43.1,9,5/10/2024 4:59,39.88536496,32.79749503
"1,864",7/2/2024 14:20:00,Ankara DMA 1-1,"Çiğdem, 1575. Cadde 43A, 06530Ankara, Ankara,
Ankara Türkiye",description_1,37.5,20,5/10/2024 4:59,39.88765702,32.79979395
"1,865",7/2/2024 14:20:00,Ankara DMA 1-2,"Çiğdem, 1071 Malazgirt Bulvarı, 06530Ankara, Ankara,
Ankara Türkiye",description_2,43.56,9,5/10/2024 4:59,39.888736,32.799528
"1,866",7/2/2024 14:20:00,Ankara DMA 1-3,"Çiğdem, 1591. Sokak 11, 06530Ankara, Ankara,
Ankara Türkiye",description_3,33.62,14,5/10/2024 4:59,39.88429001,32.79584398
"1,867",7/2/2024 14:20:00,Ankara DMA 1-4,"Çiğdem, 1550/1. Cadde 2C, 06530Ankara, Ankara,
Ankara Türkiye",description_4,42.32,14,5/10/2024 4:59,39.88905796,32.79525397
"1,868",7/2/2024 14:20:00,Ankara DMA 1-5,"Çiğdem, 1589. Sokak 16, 06530Ankara, Ankara,
Ankara Türkiye",description_5,31.23,9,5/10/2024 4:59,39.88536496,32.79749503
"1,864",7/2/2024 14:30:00,Ankara DMA 1-1,"Çiğdem, 1575. Cadde 43A, 06530Ankara, Ankara,
Ankara Türkiye",description_1,43.17,20,5/10/2024 4:59,39.88765702,32.79979395
"1,865",7/2/2024 14:30:00,Ankara DMA 1-2,"Çiğdem, 1071 Malazgirt Bulvarı, 06530Ankara, Ankara,
Ankara Türkiye",description_2,30.49,9,5/10/2024 4:59,39.888736,32.799528
"1,866",7/2/2024 14:30:00,Ankara DMA 1-3,"Çiğdem, 1591. Sokak 11, 06530Ankara, Ankara,
Ankara Türkiye",description_3,49.02,14,5/10/2024 4:59,39.88429001,32.79584398
"1,867",7/2/2024 14:30:00,Ankara DMA 1-4,"Çiğdem, 1550/1. Cadde 2C, 06530Ankara, Ankara,
Ankara Türkiye",description_4,48.55,14,5/10/2024 4:59,39.88905796,32.79525397
"1,868",7/2/2024 14:30:00,Ankara DMA 1-5,"Çiğdem, 1589. Sokak 16, 06530Ankara, Ankara,
Ankara Türkiye",description_5,30.75,9,5/10/2024 4:59,39.88536496,32.79749503
"1,864",7/2/2024 14:40:00,Ankara DMA 1-1,"Çiğdem, 1575. Cadde 43A, 06530Ankara, Ankara,
Ankara Türkiye",description_1,48.25,20,5/10/2024 4:59,39.88765702,32.79979395
"1,865",7/2/2024 14:40:00,Ankara DMA 1-2,"Çiğdem, 1071 Malazgirt Bulvarı, 06530Ankara, Ankara,
Ankara Türkiye",description_2,39.49,9,5/10/2024 4:59,39.888736,32.799528
"1,866",7/2/2024 14:40:00,Ankara DMA 1-3,"Çiğdem, 1591. Sokak 11, 06530Ankara, Ankara,
Ankara Türkiye",description_3,46.03,14,5/10/2024 4:59,39.88429001,32.79584398
"1,867",7/2/2024 14:40:00,Ankara DMA 1-4,"Çiğdem, 1550/1. Cadde 2C, 06530Ankara, Ankara,
Ankara Türkiye",description_4,32.09,14,5/10/2024 4:59,39.88905796,32.79525397
"1,868",7/2/2024 14:40:00,Ankara DMA 1-5,"Çiğdem, 1589. Sokak 16, 06530Ankara, Ankara,
Ankara Türkiye",description_5,30.98,9,5/10/2024 4:59,39.88536496,32.79749503
"1,864",7/2/2024 14:50:00,Ankara DMA 1-1,"Çiğdem, 1575. Cadde 43A, 06530Ankara, Ankara,
Ankara Türkiye",description_1,33.49,20,5/10/2024 4:59,39.88765702,32.79979395
"1,865",7/2/2024 14:50:00,Ankara DMA 1-2,"Çiğdem, 1071 Malazgirt Bulvarı, 06530Ankara, Ankara,
Ankara Türkiye",description_2,42.83,9,5/10/2024 4:59,39.888736,32.799528
"1,866",7/2/2024 14:50:00,Ankara DMA 1-3,"Çiğdem, 1591. Sokak 11, 06530Ankara, Ankara,
Ankara Türkiye",description_3,41.19,14,5/10/2024 4:59,39.88429001,32.79584398
"1,867",7/2/2024 14:50:00,Ankara DMA 1-4,"Çiğdem, 1550/1. Cadde 2C, 06530Ankara, Ankara,
Ankara Türkiye",description_4,45.95,14,5/10/2024 4:59,39.88905796,32.79525397
"1,868",7/2/2024 14:50:00,Ankara DMA 1-5,"Çiğdem, 1589. Sokak 16, 06530Ankara, Ankara,
Ankara Türkiye",description_5,35.93,9,5/10/2024 4:59,39.88536496,32.79749503
"1,864",7/2/2024 15:00:00,Ankara DMA 1-1,"Çiğdem, 1575. Cadde 43A, 06530Ankara, Ankara,
Ankara Türkiye",description_1,37.34,20,5/10/2024 4:59,39.88765702,32.79979395
"1,865",7/2/2024 15:00:00,Ankara DMA 1-2,"Çiğdem, 1071 Malazgirt Bulvarı, 06530Ankara, Ankara,
Ankara Türkiye",description_2,30.52,9,5/10/2024 4:59,39.888736,32.799528
"1,866",7/2/2024 15:00:00,Ankara DMA 1-3,"Çiğdem, 1591. Sokak 11, 06530Ankara, Ankara,
Ankara Türkiye",description_3,38.64,14,5/10/2024 4:59,39.88429001,32.79584398
"1,867",7/2/2024 15:00:00,Ankara DMA 1-4,"Çiğdem, 1550/1. Cadde 2C, 06530Ankara, Ankara,
Ankara Türkiye",description_4,42.59,14,5/10/2024 4:59,39.88905796,32.79525397
"1,868",7/2/2024 15:00:00,Ankara DMA 1-5,"Çiğdem, 1589. Sokak 16, 06530Ankara, Ankara,
Ankara Türkiye",description_5,43.58,9,5/10/2024 4:59,39.88536496,32.79749503
"1,864",7/2/2024 15:10:00,Ankara DMA 1-1,"Çiğdem, 1575. Cadde 43A, 06530Ankara, Ankara,
Ankara Türkiye",description_1,49.5,20,5/10/2024 4:59,39.88765702,32.79979395
"1,865",7/2/2024 15:10:00,Ankara DMA 1-2,"Çiğdem, 1071 Malazgirt Bulvarı, 06530Ankara, Ankara,
Ankara Türkiye",description_2,31.17,9,5/10/2024 4:59,39.888736,32.799528
"1,866",7/2/2024 15:10:00,Ankara DMA 1-3,"Çiğdem, 1591. Sokak 11, 06530Ankara, Ankara,
Ankara Türkiye",description_3,37.47,14,5/10/2024 4:59,39.88429001,32.79584398
"1,867",7/2/2024 15:10:00,Ankara DMA 1-4,"Çiğdem, 1550/1. Cadde 2C, 06530Ankara, Ankara,
Ankara Türkiye",description_4,40.13,14,5/10/2024 4:59,39.88905796,32.79525397
"1,868",7/2/2024 15:10:00,Ankara DMA 1-5,"Çiğdem, 1589. Sokak 16, 06530Ankara, Ankara,
Ankara Türkiye",description_5,47.52,9,5/10/2024 4:59,39.88536496,32.79749503
"1,864",7/2/2024 15:20:00,Ankara DMA 1-1,"Çiğdem, 1575. Cadde 43A, 06530Ankara, Ankara,
Ankara Türkiye",description_1,46.01,20,5/10/2024 4:59,39.88765702,32.79979395
"1,865",7/2/2024 15:20:00,Ankara DMA 1-2,"Çiğdem, 1071 Malazgirt Bulvarı, 06530Ankara, Ankara,
Ankara Türkiye",description_2,35.51,9,5/10/2024 4:59,39.888736,32.799528
"1,866",7/2/2024 15:20:00,Ankara DMA 1-3,"Çiğdem, 1591. Sokak 11, 06530Ankara, Ankara,
Ankara Türkiye",description_3,46.37,14,5/10/2024 4:59,39.88429001,32.79584398
"1,867",7/2/2024 15:20:00,Ankara DMA 1-4,"Çiğdem, 1550/1. Cadde 2C, 06530Ankara, Ankara,
Ankara Türkiye",description_4,35.89,14,5/10/2024 4:59,39.88905796,32.79525397
"1,868",7/2/2024 15:20:00,Ankara DMA 1-5,"Çiğdem, 1589. Sokak 16, 06530Ankara, Ankara,
Ankara Türkiye",description_5,45.44,9,5/10/2024 4:59,39.88536496,32.79749503
"1,864",7/2/2024 15:30:00,Ankara DMA 1-1,"Çiğdem, 1575. Cadde 43A, 06530Ankara, Ankara,
Ankara Türkiye",description_1,41.03,20,5/10/2024 4:59,39.88765702,32.79979395
"1,865",7/2/2024 15:30:00,Ankara DMA 1-2,"Çiğdem, 1071 Malazgirt Bulvarı, 06530Ankara, Ankara,
Ankara Türkiye",description_2,48.83,9,5/10/2024 4:59,39.888736,32.799528
"1,866",7/2/2024 15:30:00,Ankara DMA 1-3,"Çiğdem, 1591. Sokak 11, 06530Ankara, Ankara,
Ankara Türkiye",description_3,38.08,14,5/10/2024 4:59,39.88429001,32.79584398
"1,867",7/2/2024 15:30:00,Ankara DMA 1-4,"Çiğdem, 1550/1. Cadde 2C, 06530Ankara, Ankara,
Ankara Türkiye",description_4,44.29,14,5/10/2024 4:59,39.88905796,32.79525397
"1,868",7/2/2024 15:30:00,Ankara DMA 1-5,"Çiğdem, 1589. Sokak 16, 06530Ankara, Ankara,
Ankara Türkiye",description_5,45.12,9,5/10/2024 4:59,39.88536496,32.79749503
"1,864",7/2/2024 15:40:00,Ankara DMA 1-1,"Çiğdem, 1575. Cadde 43A, 06530Ankara, Ankara,
Ankara Türkiye",description_1,30.34,20,5/10/2024 4:59,39.88765702,32.79979395
"1,865",7/2/2024 15:40:00,Ankara DMA 1-2,"Çiğdem, 1071 Malazgirt Bulvarı, 06530Ankara, Ankara,
Ankara Türkiye",description_2,42.38,9,5/10/2024 4:59,39.888736,32.799528
"1,866",7/2/2024 15:40:00,Ankara DMA 1-3,"Çiğdem, 1591. Sokak 11, 06530Ankara, Ankara,
Ankara Türkiye",description_3,46.38,14,5/10/2024 4:59,39.88429001,32.79584398
"1,867",7/2/2024 15:40:00,Ankara DMA 1-4,"Çiğdem, 1550/1. Cadde 2C, 06530Ankara, Ankara,
Ankara Türkiye",description_4,35.56,14,5/10/2024 4:59,39.88905796,32.79525397
"1,868",7/2/2024 15:40:00,Ankara DMA 1-5,"Çiğdem, 1589. Sokak 16, 06530Ankara, Ankara,
Ankara Türkiye",description_5,47.14,9,5/10/2024 4:59,39.88536496,32.79749503
"1,864",7/2/2024 15:50:00,Ankara DMA 1-1,"Çiğdem, 1575. Cadde 43A, 06530Ankara, Ankara,
Ankara Türkiye",description_1,40.04,20,5/10/2024 4:59,39.88765702,32.79979395
"1,865",7/2/2024 15:50:00,Ankara DMA 1-2,"Çiğdem, 1071 Malazgirt Bulvarı, 06530Ankara, Ankara,
Ankara Türkiye",description_2,42.84,9,5/10/2024 4:59,39.888736,32.799528
"1,866",7/2/2024 15:50:00,Ankara DMA 1-3,"Çiğdem, 1591. Sokak 11, 06530Ankara, Ankara,
Ankara Türkiye",description_3,37.18,14,5/10/2024 4:59,39.88429001,32.79584398
"1,867",7/2/2024 15:50:00,Ankara DMA 1-4,"Çiğdem, 1550/1. Cadde 2C, 06530Ankara, Ankara,
Ankara Türkiye",description_4,40.86,14,5/10/2024 4:59,39.88905796,32.79525397
"1,868",7/2/2024 15:50:00,Ankara DMA 1-5,"Çiğdem, 1589. Sokak 16, 06530Ankara, Ankara,
Ankara Türkiye",description_5,30.02,9,5/10/2024 4:59,39.88536496,32.79749503
"1,864",7/2/2024 16:00:00,Ankara DMA 1-1,"Çiğdem, 1575. Cadde 43A, 06530Ankara, Ankara,
Ankara Türkiye",description_1,42.29,20,5/10/2024 4:59,39.88765702,32.79979395
"1,865",7/2/2024 16:00:00,Ankara DMA 1-2,"Çiğdem, 1071 Malazgirt Bulvarı, 06530Ankara, Ankara,
Ankara Türkiye",description_2,41.97,9,5/10/2024 4:59,39.888736,32.799528
"1,866",7/2/2024 16:00:00,Ankara DMA 1-3,"Çiğdem, 1591. Sokak 11, 06530Ankara, Ankara,
Ankara Türkiye",description_3,40.84,14,5/10/2024 4:59,39.88429001,32.79584398
"1,867",7/2/2024 16:00:00,Ankara DMA 1-4,"Çiğdem, 1550/1. Cadde 2C, 06530Ankara, Ankara,
Ankara Türkiye",description_4,44.15,14,5/10/2024 4:59,39.88905796,32.79525397
"1,868",7/2/2024 16:00:00,Ankara DMA 1-5,"Çiğdem, 1589. Sokak 16, 06530Ankara, Ankara,
Ankara Türkiye",description_5,41.92,9,5/10/2024 4:59,39.88536496,32.79749503
"1,864",7/2/2024 16:10:00,Ankara DMA 1-1,"Çiğdem, 1575. Cadde 43A, 06530Ankara, Ankara,
Ankara Türkiye",description_1,30.22,20,5/10/2024 4:59,39.88765702,32.79979395
"1,865",7/2/2024 16:10:00,Ankara DMA 1-2,"Çiğdem, 1071 Malazgirt Bulvarı, 06530Ankara, Ankara,
Ankara Türkiye",description_2,43.9,9,5/10/2024 4:59,39.888736,32.799528
"1,866",7/2/2024 16:10:00,Ankara DMA 1-3,"Çiğdem, 1591. Sokak 11, 06530Ankara, Ankara,
Ankara Türkiye",description_3,43.61,14,5/10/2024 4:59,39.88429001,32.79584398
"1,867",7/2/2024 16:10:00,Ankara DMA 1-4,"Çiğdem, 1550/1. Cadde 2C, 06530Ankara, Ankara,
Ankara Türkiye",description_4,39.38,14,5/10/2024 4:59,39.88905796,32.79525397
"1,868",7/2/2024 16:10:00,Ankara DMA 1-5,"Çiğdem, 1589. Sokak 16, 06530Ankara, Ankara,
Ankara Türkiye",description_5,32.96,9,5/10/2024 4:59,39.88536496,32.79749503
"1,864",7/2/2024 16:20:00,Ankara DMA 1-1,"Çiğdem, 1575. Cadde 43A, 06530Ankara, Ankara,
Ankara Türkiye",description_1,46.45,20,5/10/2024 4:59,39.88765702,32.79979395
"1,865",7/2/2024 16:20:00,Ankara DMA 1-2,"Çiğdem, 1071 Malazgirt Bulvarı, 06530Ankara, Ankara,
Ankara Türkiye",description_2,48.84,9,5/10/2024 4:59,39.888736,32.799528
"1,866",7/2/2024 16:20:00,Ankara DMA 1-3,"Çiğdem, 1591. Sokak 11, 06530Ankara, Ankara,
Ankara Türkiye",description_3,49.13,14,5/10/2024 4:59,39.88429001,32.79584398
"1,867",7/2/2024 16:20:00,Ankara DMA 1-4,"Çiğdem, 1550/1. Cadde 2C, 06530Ankara, Ankara,
Ankara Türkiye",description_4,32.46,14,5/10/2024 4:59,39.88905796,32.79525397
"1,868",7/2/2024 16:20:00,Ankara DMA 1-5,"Çiğdem, 1589. Sokak 16, 06530Ankara, Ankara,
Ankara Türkiye",description_5,34.01,9,5/10/2024 4:59,39.88536496,32.79749503
"1,864",7/2/2024 16:30:00,Ankara DMA 1-1,"Çiğdem, 1575. Cadde 43A, 06530Ankara, Ankara,
Ankara Türkiye",description_1,35.46,20,5/10/2024 4:59,39.88765702,32.79979395
"1,865",7/2/2024 16:30:00,Ankara DMA 1-2,"Çiğdem, 1071 Malazgirt Bulvarı, 06530Ankara, Ankara,
Ankara Türkiye",description_2,30.96,9,5/10/2024 4:59,39.888736,32.799528
"1,866",7/2/2024 16:30:00,Ankara DMA 1-3,"Çiğdem, 1591. Sokak 11, 06530Ankara, Ankara,
Ankara Türkiye",description_3,38.16,14,5/10/2024 4:59,39.88429001,32.79584398
"1,867",7/2/2024 16:30:00,Ankara DMA 1-4,"Çiğdem, 1550/1. Cadde 2C, 06530Ankara, Ankara,
Ankara Türkiye",description_4,33.12,14,5/10/2024 4:59,39.88905796,32.79525397
"1,868",7/2/2024 16:30:00,Ankara DMA 1-5,"Çiğdem, 1589. Sokak 16, 06530Ankara, Ankara,
Ankara Türkiye",description_5,33.06,9,5/10/2024 4:59,39.88536496,32.79749503
"1,864",7/2/2024 16:40:00,Ankara DMA 1-1,"Çiğdem, 1575. Cadde 43A, 06530Ankara, Ankara,
Ankara Türkiye",description_1,34.1,20,5/10/2024 4:59,39.88765702,32.79979395
"1,865",7/2/2024 16:40:00,Ankara DMA 1-2,"Çiğdem, 1071 Malazgirt Bulvarı, 06530Ankara, Ankara,
Ankara Türkiye",description_2,44.74,9,5/10/2024 4:59,39.888736,32.799528
"1,866",7/2/2024 16:40:00,Ankara DMA 1-3,"Çiğdem, 1591. Sokak 11, 06530Ankara, Ankara,
Ankara Türkiye",description_3,40.87,14,5/10/2024 4:59,39.88429001,32.79584398
"1,867",7/2/2024 16:40:00,Ankara DMA 1-4,"Çiğdem, 1550/1. Cadde 2C, 06530Ankara, Ankara,
Ankara Türkiye",description_4,35.66,14,5/10/2024 4:59,39.88905796,32.79525397
"1,868",7/2/2024 16:40:00,Ankara DMA 1-5,"Çiğdem, 1589. Sokak 16, 06530Ankara, Ankara,
Ankara Türkiye",description_5,44.25,9,5/10/2024 4:59,39.88536496,32.79749503
"1,864",7/2/2024 16:50:00,Ankara DMA 1-1,"Çiğdem, 1575. Cadde 43A, 06530Ankara, Ankara,
Ankara Türkiye",description_1,39.76,20,5/10/2024 4:59,39.88765702,32.79979395
"1,865",7/2/2024 16:50:00,Ankara DMA 1-2,"Çiğdem, 1071 Malazgirt Bulvarı, 06530Ankara, Ankara,
Ankara Türkiye",description_2,45.44,9,5/10/2024 4:59,39.888736,32.799528
"1,866",7/2/2024 16:50:00,Ankara DMA 1-3,"Çiğdem, 1591. Sokak 11, 06530Ankara, Ankara,
Ankara Türkiye",description_3,33.16,14,5/10/2024 4:59,39.88429001,32.79584398
"1,867",7/2/2024 16:50:00,Ankara DMA 1-4,"Çiğdem, 1550/1. Cadde 2C, 06530Ankara, Ankara,
Ankara Türkiye",description_4,35.31,14,5/10/2024 4:59,39.88905796,32.79525397
"1,868",7/2/2024 16:50:00,Ankara DMA 1-5,"Çiğdem, 1589. Sokak 16, 06530Ankara, Ankara,
Ankara Türkiye",description_5,42.13,9,5/10/2024 4:59,39.88536496,32.79749503
"1,864",7/2/2024 17:00:00,Ankara DMA 1-1,"Çiğdem, 1575. Cadde 43A, 06530Ankara, Ankara,
Ankara Türkiye",description_1,47.65,20,5/10/2024 4:59,39.88765702,32.79979395
"1,865",7/2/2024 17:00:00,Ankara DMA 1-2,"Çiğdem, 1071 Malazgirt Bulvarı, 06530Ankara, Ankara,
Ankara Türkiye",description_2,36.7,9,5/10/2024 4:59,39.888736,32.799528
"1,866",7/2/2024 17:00:00,Ankara DMA 1-3,"Çiğdem, 1591. Sokak 11, 06530Ankara, Ankara,
Ankara Türkiye",description_3,41.48,14,5/10/2024 4:59,39.88429001,32.79584398
"1,867",7/2/2024 17:00:00,Ankara DMA 1-4,"Çiğdem, 1550/1. Cadde 2C, 06530Ankara, Ankara,
Ankara Türkiye",description_4,44.08,14,5/10/2024 4:59,39.88905796,32.79525397
"1,868",7/2/2024 17:00:00,Ankara DMA 1-5,"Çiğdem, 1589. Sokak 16, 06530Ankara, Ankara,
Ankara Türkiye",description_5,31.8,9,5/10/2024 4:59,39.88536496,32.79749503
"1,864",7/2/2024 17:10:00,Ankara DMA 1-1,"Çiğdem, 1575. Cadde 43A, 06530Ankara, Ankara,
Ankara Türkiye",description_1,36.3,20,5/10/2024 4:59,39.88765702,32.79979395
"1,865",7/2/2024 17:10:00,Ankara DMA 1-2,"Çiğdem, 1071 Malazgirt Bulvarı, 06530Ankara, Ankara,
Ankara Türkiye",description_2,35.38,9,5/10/2024 4:59,39.888736,32.799528
"1,866",7/2/2024 17:10:00,Ankara DMA 1-3,"Çiğdem, 1591. Sokak 11, 06530Ankara, Ankara,
Ankara Türkiye",description_3,46.4,14,5/10/2024 4:59,39.88429001,32.79584398
"1,867",7/2/2024 17:10:00,Ankara DMA 1-4,"Çiğdem, 1550/1. Cadde 2C, 06530Ankara, Ankara,
Ankara Türkiye",description_4,38.72,14,5/10/2024 4:59,39.88905796,32.79525397
"1,868",7/2/2024 17:10:00,Ankara DMA 1-5,"Çiğdem, 1589. Sokak 16, 06530Ankara, Ankara,
Ankara Türkiye",description_5,36.7,9,5/10/2024 4:59,39.88536496,32.79749503
"1,864",7/2/2024 17:20:00,Ankara DMA 1-1,"Çiğdem, 1575. Cadde 43A, 06530Ankara, Ankara,
Ankara Türkiye",description_1,40.06,20,5/10/2024 4:59,39.88765702,32.79979395
"1,865",7/2/2024 17:20:00,Ankara DMA 1-2,"Çiğdem, 1071 Malazgirt Bulvarı, 06530Ankara, Ankara,
Ankara Türkiye",description_2,34.97,9,5/10/2024 4:59,39.888736,32.799528
"1,866",7/2/2024 17:20:00,Ankara DMA 1-3,"Çiğdem, 1591. Sokak 11, 06530Ankara, Ankara,
Ankara Türkiye",description_3,46.57,14,5/10/2024 4:59,39.88429001,32.79584398
"1,867",7/2/2024 17:20:00,Ankara DMA 1-4,"Çiğdem, 1550/1. Cadde 2C, 06530Ankara, Ankara,
Ankara Türkiye",description_4,44.13,14,5/10/2024 4:59,39.88905796,32.79525397
"1,868",7/2/2024 17:20:00,Ankara DMA 1-5,"Çiğdem, 1589. Sokak 16, 06530Ankara, Ankara,
Ankara Türkiye",description_5,49.27,9,5/10/2024 4:59,39.88536496,32.79749503
"1,864",7/2/2024 17:30:00,Ankara DMA 1-1,"Çiğdem, 1575. Cadde 43A, 06530Ankara, Ankara,
Ankara Türkiye",description_1,31.03,20,5/10/2024 4:59,39.88765702,32.79979395
"1,865",7/2/2024 17:30:00,Ankara DMA 1-2,"Çiğdem, 1071 Malazgirt Bulvarı, 06530Ankara, Ankara,
Ankara Türkiye",description_2,40.89,9,5/10/2024 4:59,39.888736,32.799528
"1,866",7/2/2024 17:30:00,Ankara DMA 1-3,"Çiğdem, 1591. Sokak 11, 06530Ankara, Ankara,
Ankara Türkiye",description_3,42.4,14,5/10/2024 4:59,39.88429001,32.79584398
"1,867",7/2/2024 17:30:00,Ankara DMA 1-4,"Çiğdem, 1550/1. Cadde 2C, 06530Ankara, Ankara,
Ankara Türkiye",description_4,38.25,14,5/10/2024 4:59,39.88905796,32.79525397
"1,868",7/2/2024 17:30:00,Ankara DMA 1-5,"Çiğdem, 1589. Sokak 16, 06530Ankara, Ankara,
Ankara Türkiye",description_5,31.87,9,5/10/2024 4:59,39.88536496,32.79749503
"1,864",7/2/2024 17:40:00,Ankara DMA 1-1,"Çiğdem, 1575. Cadde 43A, 06530Ankara, Ankara,
Ankara Türkiye",description_1,46.51,20,5/10/2024 4:59,39.88765702,32.79979395
"1,865",7/2/2024 17:40:00,Ankara DMA 1-2,"Çiğdem, 1071 Malazgirt Bulvarı, 06530Ankara, Ankara,
Ankara Türkiye",description_2,37.15,9,5/10/2024 4:59,39.888736,32.799528
"1,866",7/2/2024 17:40:00,Ankara DMA 1-3,"Çiğdem, 1591. Sokak 11, 06530Ankara, Ankara,
Ankara Türkiye",description_3,32.51,14,5/10/2024 4:59,39.88429001,32.79584398
"1,867",7/2/2024 17:40:00,Ankara DMA 1-4,"Çiğdem, 1550/1. Cadde 2C, 06530Ankara, Ankara,
Ankara Türkiye",description_4,36.8,14,5/10/2024 4:59,39.88905796,32.79525397
"1,868",7/2/2024 17:40:00,Ankara DMA 1-5,"Çiğdem, 1589. Sokak 16, 06530Ankara, Ankara,
Ankara Türkiye",description_5,33.52,9,5/10/2024 4:59,39.88536496,32.79749503
"1,864",7/2/2024 17:50:00,Ankara DMA 1-1,"Çiğdem, 1575. Cadde 43A, 06530Ankara, Ankara,
Ankara Türkiye",description_1,40.16,20,5/10/2024 4:59,39.88765702,32.79979395
"1,865",7/2/2024 17:50:00,Ankara DMA 1-2,"Çiğdem, 1071 Malazgirt Bulvarı, 06530Ankara, Ankara,
Ankara Türkiye",description_2,44.31,9,5/10/2024 4:59,39.888736,32.799528
"1,866",7/2/2024 17:50:00,Ankara DMA 1-3,"Çiğdem, 1591. Sokak 11, 06530Ankara, Ankara,
Ankara Türkiye",description_3,33.41,14,5/10/2024 4:59,39.88429001,32.79584398
"1,867",7/2/2024 17:50:00,Ankara DMA 1-4,"Çiğdem, 1550/1. Cadde 2C, 06530Ankara, Ankara,
Ankara Türkiye",description_4,40.36,14,5/10/2024 4:59,39.88905796,32.79525397
"1,868",7/2/2024 17:50:00,Ankara DMA 1-5,"Çiğdem, 1589. Sokak 16, 06530Ankara, Ankara,
Ankara Türkiye",description_5,47.95,9,5/10/2024 4:59,39.88536496,32.79749503
"1,864",7/2/2024 18:00:00,Ankara DMA 1-1,"Çiğdem, 1575. Cadde 43A, 06530Ankara, Ankara,
Ankara Türkiye",description_1,38.89,20,5/10/2024 4:59,39.88765702,32.79979395
"1,865",7/2/2024 18:00:00,Ankara DMA 1-2,"Çiğdem, 1071 Malazgirt Bulvarı, 06530Ankara, Ankara,
Ankara Türkiye",description_2,41.23,9,5/10/2024 4:59,39.888736,32.799528
"1,866",7/2/2024 18:00:00,Ankara DMA 1-3,"Çiğdem, 1591. Sokak 11, 06530Ankara, Ankara,
Ankara Türkiye",description_3,30.53,14,5/10/2024 4:59,39.88429001,32.79584398
"1,867",7/2/2024 18:00:00,Ankara DMA 1-4,"Çiğdem, 1550/1. Cadde 2C, 06530Ankara, Ankara,
Ankara Türkiye",description_4,40.99,14,5/10/2024 4:59,39.88905796,32.79525397
"1,868",7/2/2024 18:00:00,Ankara DMA 1-5,"Çiğdem, 1589. Sokak 16, 06530Ankara, Ankara,
Ankara Türkiye",description_5,32.63,9,5/10/2024 4:59,39.88536496,32.79749503
"1,864",7/2/2024 18:10:00,Ankara DMA 1-1,"Çiğdem, 1575. Cadde 43A, 06530Ankara, Ankara,
Ankara Türkiye",description_1,48.79,20,5/10/2024 4:59,39.88765702,32.79979395
"1,865",7/2/2024 18:10:00,Ankara DMA 1-2,"Çiğdem, 1071 Malazgirt Bulvarı, 06530Ankara, Ankara,
Ankara Türkiye",description_2,31.93,9,5/10/2024 4:59,39.888736,32.799528
"1,866",7/2/2024 18:10:00,Ankara DMA 1-3,"Çiğdem, 1591. Sokak 11, 06530Ankara, Ankara,
Ankara Türkiye",description_3,41.8,14,5/10/2024 4:59,39.88429001,32.79584398
"1,867",7/2/2024 18:10:00,Ankara DMA 1-4,"Çiğdem, 1550/1. Cadde 2C, 06530Ankara, Ankara,
Ankara Türkiye",description_4,38.32,14,5/10/2024 4:59,39.88905796,32.79525397
"1,868",7/2/2024 18:10:00,Ankara DMA 1-5,"Çiğdem, 1589. Sokak 16, 06530Ankara, Ankara,
Ankara Türkiye",description_5,41.47,9,5/10/2024 4:59,39.88536496,32.79749503
"1,864",7/2/2024 18:20:00,Ankara DMA 1-1,"Çiğdem, 1575. Cadde 43A, 06530Ankara, Ankara,
Ankara Türkiye",description_1,36.89,20,5/10/2024 4:59,39.88765702,32.79979395
"1,865",7/2/2024 18:20:00,Ankara DMA 1-2,"Çiğdem, 1071 Malazgirt Bulvarı, 06530Ankara, Ankara,
Ankara Türkiye",description_2,34.35,9,5/10/2024 4:59,39.888736,32.799528
"1,866",7/2/2024 18:20:00,Ankara DMA 1-3,"Çiğdem, 1591. Sokak 11, 06530Ankara, Ankara,
Ankara Türkiye",description_3,34.91,14,5/10/2024 4:59,39.88429001,32.79584398
"1,867",7/2/2024 18:20:00,Ankara DMA 1-4,"Çiğdem, 1550/1. Cadde 2C, 06530Ankara, Ankara,
Ankara Türkiye",description_4,31.14,14,5/10/2024 4:59,39.88905796,32.79525397
"1,868",7/2/2024 18:20:00,Ankara DMA 1-5,"Çiğdem, 1589. Sokak 16, 06530Ankara, Ankara,
Ankara Türkiye",description_5,30.66,9,5/10/2024 4:59,39.88536496,32.79749503
"1,864",7/2/2024 18:30:00,Ankara DMA 1-1,"Çiğdem, 1575. Cadde 43A, 06530Ankara, Ankara,
Ankara Türkiye",description_1,30.57,20,5/10/2024 4:59,39.88765702,32.79979395
"1,865",7/2/2024 18:30:00,Ankara DMA 1-2,"Çiğdem, 1071 Malazgirt Bulvarı, 06530Ankara, Ankara,
Ankara Türkiye",description_2,31.45,9,5/10/2024 4:59,39.888736,32.799528
"1,866",7/2/2024 18:30:00,Ankara DMA 1-3,"Çiğdem, 1591. Sokak 11, 06530Ankara, Ankara,
Ankara Türkiye",description_3,45.32,14,5/10/2024 4:59,39.88429001,32.79584398
"1,867",7/2/2024 18:30:00,Ankara DMA 1-4,"Çiğdem, 1550/1. Cadde 2C, 06530Ankara, Ankara,
Ankara Türkiye",description_4,48.02,14,5/10/2024 4:59,39.88905796,32.79525397
"1,868",7/2/2024 18:30:00,Ankara DMA 1-5,"Çiğdem, 1589. Sokak 16, 06530Ankara, Ankara,
Ankara Türkiye",description_5,35.25,9,5/10/2024 4:59,39.88536496,32.79749503
"1,864",7/2/2024 18:40:00,Ankara DMA 1-1,"Çiğdem, 1575. Cadde 43A, 06530Ankara, Ankara,
Ankara Türkiye",description_1,43.51,20,5/10/2024 4:59,39.88765702,32.79979395
"1,865",7/2/2024 18:40:00,Ankara DMA 1-2,"Çiğdem, 1071 Malazgirt Bulvarı, 06530Ankara, Ankara,
Ankara Türkiye",description_2,36.49,9,5/10/2024 4:59,39.888736,32.799528
"1,866",7/2/2024 18:40:00,Ankara DMA 1-3,"Çiğdem, 1591. Sokak 11, 06530Ankara, Ankara,
Ankara Türkiye",description_3,31.45,14,5/10/2024 4:59,39.88429001,32.79584398
"1,867",7/2/2024 18:40:00,Ankara DMA 1-4,"Çiğdem, 1550/1. Cadde 2C, 06530Ankara, Ankara,
Ankara Türkiye",description_4,39.11,14,5/10/2024 4:59,39.88905796,32.79525397
"1,868",7/2/2024 18:40:00,Ankara DMA 1-5,"Çiğdem, 1589. Sokak 16, 06530Ankara, Ankara,
Ankara Türkiye",description_5,32.09,9,5/10/2024 4:59,39.88536496,32.79749503
"1,864",7/2/2024 18:50:00,Ankara DMA 1-1,"Çiğdem, 1575. Cadde 43A, 06530Ankara, Ankara,
Ankara Türkiye",description_1,31.34,20,5/10/2024 4:59,39.88765702,32.79979395
"1,865",7/2/2024 18:50:00,Ankara DMA 1-2,"Çiğdem, 1071 Malazgirt Bulvarı, 06530Ankara, Ankara,
Ankara Türkiye",description_2,42.62,9,5/10/2024 4:59,39.888736,32.799528
"1,866",7/2/2024 18:50:00,Ankara DMA 1-3,"Çiğdem, 1591. Sokak 11, 06530Ankara, Ankara,
Ankara Türkiye",description_3,37.5,14,5/10/2024 4:59,39.88429001,32.79584398
"1,867",7/2/2024 18:50:00,Ankara DMA 1-4,"Çiğdem, 1550/1. Cadde 2C, 06530Ankara, Ankara,
Ankara Türkiye",description_4,33.55,14,5/10/2024 4:59,39.88905796,32.79525397
"1,868",7/2/2024 18:50:00,Ankara DMA 1-5,"Çiğdem, 1589. Sokak 16, 06530Ankara, Ankara,
Ankara Türkiye",description_5,43.03,9,5/10/2024 4:59,39.88536496,32.79749503
"1,864",7/2/2024 19:00:00,Ankara DMA 1-1,"Çiğdem, 1575. Cadde 43A, 06530Ankara, Ankara,
Ankara Türkiye",description_1,36.96,20,5/10/2024 4:59,39.88765702,32.79979395
"1,865",7/2/2024 19:00:00,Ankara DMA 1-2,"Çiğdem, 1071 Malazgirt Bulvarı, 06530Ankara, Ankara,
Ankara Türkiye",description_2,44.11,9,5/10/2024 4:59,39.888736,32.799528
"1,866",7/2/2024 19:00:00,Ankara DMA 1-3,"Çiğdem, 1591. Sokak 11, 06530Ankara, Ankara,
Ankara Türkiye",description_3,38.92,14,5/10/2024 4:59,39.88429001,32.79584398
"1,867",7/2/2024 19:00:00,Ankara DMA 1-4,"Çiğdem, 1550/1. Cadde 2C, 06530Ankara, Ankara,
Ankara Türkiye",description_4,35.77,14,5/10/2024 4:59,39.88905796,32.79525397
"1,868",7/2/2024 19:00:00,Ankara DMA 1-5,"Çiğdem, 1589. Sokak 16, 06530Ankara, Ankara,
Ankara Türkiye",description_5,48.27,9,5/10/2024 4:59,39.88536496,32.79749503
"1,864",7/2/2024 19:10:00,Ankara DMA 1-1,"Çiğdem, 1575. Cadde 43A, 06530Ankara, Ankara,
Ankara Türkiye",description_1,48.95,20,5/10/2024 4:59,39.88765702,32.79979395
"1,865",7/2/2024 19:10:00,Ankara DMA 1-2,"Çiğdem, 1071 Malazgirt Bulvarı, 06530Ankara, Ankara,
Ankara Türkiye",description_2,46.7,9,5/10/2024 4:59,39.888736,32.799528
"1,866",7/2/2024 19:10:00,Ankara DMA 1-3,"Çiğdem, 1591. Sokak 11, 06530Ankara, Ankara,
Ankara Türkiye",description_3,30.48,14,5/10/2024 4:59,39.88429001,32.79584398
"1,867",7/2/2024 19:10:00,Ankara DMA 1-4,"Çiğdem, 1550/1. Cadde 2C, 06530Ankara, Ankara,
Ankara Türkiye",description_4,31.77,14,5/10/2024 4:59,39.88905796,32.79525397
"1,868",7/2/2024 19:10:00,Ankara DMA 1-5,"Çiğdem, 1589. Sokak 16, 06530Ankara, Ankara,
Ankara Türkiye",description_5,40.15,9,5/10/2024 4:59,39.88536496,32.79749503
"1,864",7/2/2024 19:20:00,Ankara DMA 1-1,"Çiğdem, 1575. Cadde 43A, 06530Ankara, Ankara,
Ankara Türkiye",description_1,34.14,20,5/10/2024 4:59,39.88765702,32.79979395
"1,865",7/2/2024 19:20:00,Ankara DMA 1-2,"Çiğdem, 1071 Malazgirt Bulvarı, 06530Ankara, Ankara,
Ankara Türkiye",description_2,36.77,9,5/10/2024 4:59,39.888736,32.799528
"1,866",7/2/2024 19:20:00,Ankara DMA 1-3,"Çiğdem, 1591. Sokak 11, 06530Ankara, Ankara,
Ankara Türkiye",description_3,40.33,14,5/10/2024 4:59,39.88429001,32.79584398
"1,867",7/2/2024 19:20:00,Ankara DMA 1-4,"Çiğdem, 1550/1. Cadde 2C, 06530Ankara, Ankara,
Ankara Türkiye",description_4,36.69,14,5/10/2024 4:59,39.88905796,32.79525397
"1,868",7/2/2024 19:20:00,Ankara DMA 1-5,"Çiğdem, 1589. Sokak 16, 06530Ankara, Ankara,
Ankara Türkiye",description_5,39.79,9,5/10/2024 4:59,39.88536496,32.79749503
"1,864",7/2/2024 19:30:00,Ankara DMA 1-1,"Çiğdem, 1575. Cadde 43A, 06530Ankara, Ankara,
Ankara Türkiye",description_1,40.32,20,5/10/2024 4:59,39.88765702,32.79979395
"1,865",7/2/2024 19:30:00,Ankara DMA 1-2,"Çiğdem, 1071 Malazgirt Bulvarı, 06530Ankara, Ankara,
Ankara Türkiye",description_2,42.88,9,5/10/2024 4:59,39.888736,32.799528
"1,866",7/2/2024 19:30:00,Ankara DMA 1-3,"Çiğdem, 1591. Sokak 11, 06530Ankara, Ankara,
Ankara Türkiye",description_3,44.72,14,5/10/2024 4:59,39.88429001,32.79584398
"1,867",7/2/2024 19:30:00,Ankara DMA 1-4,"Çiğdem, 1550/1. Cadde 2C, 06530Ankara, Ankara,
Ankara Türkiye",description_4,48.03,14,5/10/2024 4:59,39.88905796,32.79525397
"1,868",7/2/2024 19:30:00,Ankara DMA 1-5,"Çiğdem, 1589. Sokak 16, 06530Ankara, Ankara,
Ankara Türkiye",description_5,49.68,9,5/10/2024 4:59,39.88536496,32.79749503
"1,864",7/2/2024 19:40:00,Ankara DMA 1-1,"Çiğdem, 1575. Cadde 43A, 06530Ankara, Ankara,
Ankara Türkiye",description_1,38.18,20,5/10/2024 4:59,39.88765702,32.79979395
"1,865",7/2/2024 19:40:00,Ankara DMA 1-2,"Çiğdem, 1071 Malazgirt Bulvarı, 06530Ankara, Ankara,
Ankara Türkiye",description_2,43.47,9,5/10/2024 4:59,39.888736,32.799528
"1,866",7/2/2024 19:40:00,Ankara DMA 1-3,"Çiğdem, 1591. Sokak 11, 06530Ankara, Ankara,
Ankara Türkiye",description_3,36.86,14,5/10/2024 4:59,39.88429001,32.79584398
"1,867",7/2/2024 19:40:00,Ankara DMA 1-4,"Çiğdem, 1550/1. Cadde 2C, 06530Ankara, Ankara,
Ankara Türkiye",description_4,39.8,14,5/10/2024 4:59,39.88905796,32.79525397
"1,868",7/2/2024 19:40:00,Ankara DMA 1-5,"Çiğdem, 1589. Sokak 16, 06530Ankara, Ankara,
Ankara Türkiye",description_5,38.1,9,5/10/2024 4:59,39.88536496,32.79749503
"1,864",7/2/2024 19:50:00,Ankara DMA 1-1,"Çiğdem, 1575. Cadde 43A, 06530Ankara, Ankara,
Ankara Türkiye",description_1,30.11,20,5/10/2024 4:59,39.88765702,32.79979395
"1,865",7/2/2024 19:50:00,Ankara DMA 1-2,"Çiğdem, 1071 Malazgirt Bulvarı, 06530Ankara, Ankara,
Ankara Türkiye",description_2,32.27,9,5/10/2024 4:59,39.888736,32.799528
"1,866",7/2/2024 19:50:00,Ankara DMA 1-3,"Çiğdem, 1591. Sokak 11, 06530Ankara, Ankara,
Ankara Türkiye",description_3,39.25,14,5/10/2024 4:59,39.88429001,32.79584398
"1,867",7/2/2024 19:50:00,Ankara DMA 1-4,"Çiğdem, 1550/1. Cadde 2C, 06530Ankara, Ankara,
Ankara Türkiye",description_4,41.52,14,5/10/2024 4:59,39.88905796,32.79525397
"1,868",7/2/2024 19:50:00,Ankara DMA 1-5,"Çiğdem, 1589. Sokak 16, 06530Ankara, Ankara,
Ankara Türkiye",description_5,37.1,9,5/10/2024 4:59,39.88536496,32.79749503
"1,864",7/2/2024 20:00:00,Ankara DMA 1-1,"Çiğdem, 1575. Cadde 43A, 06530Ankara, Ankara,
Ankara Türkiye",description_1,37.5,20,5/10/2024 4:59,39.88765702,32.79979395
"1,865",7/2/2024 20:00:00,Ankara DMA 1-2,"Çiğdem, 1071 Malazgirt Bulvarı, 06530Ankara, Ankara,
Ankara Türkiye",description_2,30.37,9,5/10/2024 4:59,39.888736,32.799528
"1,866",7/2/2024 20:00:00,Ankara DMA 1-3,"Çiğdem, 1591. Sokak 11, 06530Ankara, Ankara,
Ankara Türkiye",description_3,33.48,14,5/10/2024 4:59,39.88429001,32.79584398
"1,867",7/2/2024 20:00:00,Ankara DMA 1-4,"Çiğdem, 1550/1. Cadde 2C, 06530Ankara, Ankara,
Ankara Türkiye",description_4,44.93,14,5/10/2024 4:59,39.88905796,32.79525397
"1,868",7/2/2024 20:00:00,Ankara DMA 1-5,"Çiğdem, 1589. Sokak 16, 06530Ankara, Ankara,
Ankara Türkiye",description_5,40.49,9,5/10/2024 4:59,39.88536496,32.79749503
"1,864",7/2/2024 20:10:00,Ankara DMA 1-1,"Çiğdem, 1575. Cadde 43A, 06530Ankara, Ankara,
Ankara Türkiye",description_1,41.19,20,5/10/2024 4:59,39.88765702,32.79979395
"1,865",7/2/2024 20:10:00,Ankara DMA 1-2,"Çiğdem, 1071 Malazgirt Bulvarı, 06530Ankara, Ankara,
Ankara Türkiye",description_2,38.36,9,5/10/2024 4:59,39.888736,32.799528
"1,866",7/2/2024 20:10:00,Ankara DMA 1-3,"Çiğdem, 1591. Sokak 11, 06530Ankara, Ankara,
Ankara Türkiye",description_3,32.18,14,5/10/2024 4:59,39.88429001,32.79584398
"1,867",7/2/2024 20:10:00,Ankara DMA 1-4,"Çiğdem, 1550/1. Cadde 2C, 06530Ankara, Ankara,
Ankara Türkiye",description_4,36,14,5/10/2024 4:59,39.88905796,32.79525397
"1,868",7/2/2024 20:10:00,Ankara DMA 1-5,"Çiğdem, 1589. Sokak 16, 06530Ankara, Ankara,
Ankara Türkiye",description_5,38.06,9,5/10/2024 4:59,39.88536496,32.79749503
"1,864",7/2/2024 20:20:00,Ankara DMA 1-1,"Çiğdem, 1575. Cadde 43A, 06530Ankara, Ankara,
Ankara Türkiye",description_1,35.95,20,5/10/2024 4:59,39.88765702,32.79979395
"1,865",7/2/2024 20:20:00,Ankara DMA 1-2,"Çiğdem, 1071 Malazgirt Bulvarı, 06530Ankara, Ankara,
Ankara Türkiye",description_2,44.16,9,5/10/2024 4:59,39.888736,32.799528
"1,866",7/2/2024 20:20:00,Ankara DMA 1-3,"Çiğdem, 1591. Sokak 11, 06530Ankara, Ankara,
Ankara Türkiye",description_3,44.89,14,5/10/2024 4:59,39.88429001,32.79584398
"1,867",7/2/2024 20:20:00,Ankara DMA 1-4,"Çiğdem, 1550/1. Cadde 2C, 06530Ankara, Ankara,
Ankara Türkiye",description_4,48.5,14,5/10/2024 4:59,39.88905796,32.79525397
"1,868",7/2/2024 20:20:00,Ankara DMA 1-5,"Çiğdem, 1589. Sokak 16, 06530Ankara, Ankara,
Ankara Türkiye",description_5,42.94,9,5/10/2024 4:59,39.88536496,32.79749503
"1,864",7/2/2024 20:30:00,Ankara DMA 1-1,"Çiğdem, 1575. Cadde 43A, 06530Ankara, Ankara,
Ankara Türkiye",description_1,37.19,20,5/10/2024 4:59,39.88765702,32.79979395
"1,865",7/2/2024 20:30:00,Ankara DMA 1-2,"Çiğdem, 1071 Malazgirt Bulvarı, 06530Ankara, Ankara,
Ankara Türkiye",description_2,47.7,9,5/10/2024 4:59,39.888736,32.799528
"1,866",7/2/2024 20:30:00,Ankara DMA 1-3,"Çiğdem, 1591. Sokak 11, 06530Ankara, Ankara,
Ankara Türkiye",description_3,40.52,14,5/10/2024 4:59,39.88429001,32.79584398
"1,867",7/2/2024 20:30:00,Ankara DMA 1-4,"Çiğdem, 1550/1. Cadde 2C, 06530Ankara, Ankara,
Ankara Türkiye",description_4,36.82,14,5/10/2024 4:59,39.88905796,32.79525397
"1,868",7/2/2024 20:30:00,Ankara DMA 1-5,"Çiğdem, 1589. Sokak 16, 06530Ankara, Ankara,
Ankara Türkiye",description_5,32.05,9,5/10/2024 4:59,39.88536496,32.79749503
"1,864",7/2/2024 20:40:00,Ankara DMA 1-1,"Çiğdem, 1575. Cadde 43A, 06530Ankara, Ankara,
Ankara Türkiye",description_1,44.84,20,5/10/2024 4:59,39.88765702,32.79979395
"1,865",7/2/2024 20:40:00,Ankara DMA 1-2,"Çiğdem, 1071 Malazgirt Bulvarı, 06530Ankara, Ankara,
Ankara Türkiye",description_2,30.57,9,5/10/2024 4:59,39.888736,32.799528
"1,866",7/2/2024 20:40:00,Ankara DMA 1-3,"Çiğdem, 1591. Sokak 11, 06530Ankara, Ankara,
Ankara Türkiye",description_3,49.73,14,5/10/2024 4:59,39.88429001,32.79584398
"1,867",7/2/2024 20:40:00,Ankara DMA 1-4,"Çiğdem, 1550/1. Cadde 2C, 06530Ankara, Ankara,
Ankara Türkiye",description_4,41.8,14,5/10/2024 4:59,39.88905796,32.79525397
"1,868",7/2/2024 20:40:00,Ankara DMA 1-5,"Çiğdem, 1589. Sokak 16, 06530Ankara, Ankara,
Ankara Türkiye",description_5,37.03,9,5/10/2024 4:59,39.88536496,32.79749503
"1,864",7/2/2024 20:50:00,Ankara DMA 1-1,"Çiğdem, 1575. Cadde 43A, 06530Ankara, Ankara,
Ankara Türkiye",description_1,44.65,20,5/10/2024 4:59,39.88765702,32.79979395
"1,865",7/2/2024 20:50:00,Ankara DMA 1-2,"Çiğdem, 1071 Malazgirt Bulvarı, 06530Ankara, Ankara,
Ankara Türkiye",description_2,45.76,9,5/10/2024 4:59,39.888736,32.799528
"1,866",7/2/2024 20:50:00,Ankara DMA 1-3,"Çiğdem, 1591. Sokak 11, 06530Ankara, Ankara,
Ankara Türkiye",description_3,40.38,14,5/10/2024 4:59,39.88429001,32.79584398
"1,867",7/2/2024 20:50:00,Ankara DMA 1-4,"Çiğdem, 1550/1. Cadde 2C, 06530Ankara, Ankara,
Ankara Türkiye",description_4,38.15,14,5/10/2024 4:59,39.88905796,32.79525397
"1,868",7/2/2024 20:50:00,Ankara DMA 1-5,"Çiğdem, 1589. Sokak 16, 06530Ankara, Ankara,
Ankara Türkiye",description_5,48.18,9,5/10/2024 4:59,39.88536496,32.79749503
"1,864",7/2/2024 21:00:00,Ankara DMA 1-1,"Çiğdem, 1575. Cadde 43A, 06530Ankara, Ankara,
Ankara Türkiye",description_1,42.06,20,5/10/2024 4:59,39.88765702,32.79979395
"1,865",7/2/2024 21:00:00,Ankara DMA 1-2,"Çiğdem, 1071 Malazgirt Bulvarı, 06530Ankara, Ankara,
Ankara Türkiye",description_2,39.87,9,5/10/2024 4:59,39.888736,32.799528
"1,866",7/2/2024 21:00:00,Ankara DMA 1-3,"Çiğdem, 1591. Sokak 11, 06530Ankara, Ankara,
Ankara Türkiye",description_3,32.52,14,5/10/2024 4:59,39.88429001,32.79584398
"1,867",7/2/2024 21:00:00,Ankara DMA 1-4,"Çiğdem, 1550/1. Cadde 2C, 06530Ankara, Ankara,
Ankara Türkiye",description_4,47.66,14,5/10/2024 4:59,39.88905796,32.79525397
"1,868",7/2/2024 21:00:00,Ankara DMA 1-5,"Çiğdem, 1589. Sokak 16, 06530Ankara, Ankara,
Ankara Türkiye",description_5,35.46,9,5/10/2024 4:59,39.88536496,32.79749503
"1,864",7/2/2024 21:10:00,Ankara DMA 1-1,"Çiğdem, 1575. Cadde 43A, 06530Ankara, Ankara,
Ankara Türkiye",description_1,34.96,20,5/10/2024 4:59,39.88765702,32.79979395
"1,865",7/2/2024 21:10:00,Ankara DMA 1-2,"Çiğdem, 1071 Malazgirt Bulvarı, 06530Ankara, Ankara,
Ankara Türkiye",description_2,31.16,9,5/10/2024 4:59,39.888736,32.799528
"1,866",7/2/2024 21:10:00,Ankara DMA 1-3,"Çiğdem, 1591. Sokak 11, 06530Ankara, Ankara,
Ankara Türkiye",description_3,31.27,14,5/10/2024 4:59,39.88429001,32.79584398
"1,867",7/2/2024 21:10:00,Ankara DMA 1-4,"Çiğdem, 1550/1. Cadde 2C, 06530Ankara, Ankara,
Ankara Türkiye",description_4,39.56,14,5/10/2024 4:59,39.88905796,32.79525397
"1,868",7/2/2024 21:10:00,Ankara DMA 1-5,"Çiğdem, 1589. Sokak 16, 06530Ankara, Ankara,
Ankara Türkiye",description_5,46.81,9,5/10/2024 4:59,39.88536496,32.79749503
"1,864",7/2/2024 21:20:00,Ankara DMA 1-1,"Çiğdem, 1575. Cadde 43A, 06530Ankara, Ankara,
Ankara Türkiye",description_1,41.43,20,5/10/2024 4:59,39.88765702,32.79979395
"1,865",7/2/2024 21:20:00,Ankara DMA 1-2,"Çiğdem, 1071 Malazgirt Bulvarı, 06530Ankara, Ankara,
Ankara Türkiye",description_2,41.33,9,5/10/2024 4:59,39.888736,32.799528
"1,866",7/2/2024 21:20:00,Ankara DMA 1-3,"Çiğdem, 1591. Sokak 11, 06530Ankara, Ankara,
Ankara Türkiye",description_3,41.88,14,5/10/2024 4:59,39.88429001,32.79584398
"1,867",7/2/2024 21:20:00,Ankara DMA 1-4,"Çiğdem, 1550/1. Cadde 2C, 06530Ankara, Ankara,
Ankara Türkiye",description_4,41.65,14,5/10/2024 4:59,39.88905796,32.79525397
"1,868",7/2/2024 21:20:00,Ankara DMA 1-5,"Çiğdem, 1589. Sokak 16, 06530Ankara, Ankara,
Ankara Türkiye",description_5,38.38,9,5/10/2024 4:59,39.88536496,32.79749503
"1,864",7/2/2024 21:30:00,Ankara DMA 1-1,"Çiğdem, 1575. Cadde 43A, 06530Ankara, Ankara,
Ankara Türkiye",description_1,34.78,20,5/10/2024 4:59,39.88765702,32.79979395
"1,865",7/2/2024 21:30:00,Ankara DMA 1-2,"Çiğdem, 1071 Malazgirt Bulvarı, 06530Ankara, Ankara,
Ankara Türkiye",description_2,31.75,9,5/10/2024 4:59,39.888736,32.799528
"1,866",7/2/2024 21:30:00,Ankara DMA 1-3,"Çiğdem, 1591. Sokak 11, 06530Ankara, Ankara,
Ankara Türkiye",description_3,32.47,14,5/10/2024 4:59,39.88429001,32.79584398
"1,867",7/2/2024 21:30:00,Ankara DMA 1-4,"Çiğdem, 1550/1. Cadde 2C, 06530Ankara, Ankara,
Ankara Türkiye",description_4,46.16,14,5/10/2024 4:59,39.88905796,32.79525397
"1,868",7/2/2024 21:30:00,Ankara DMA 1-5,"Çiğdem, 1589. Sokak 16, 06530Ankara, Ankara,
Ankara Türkiye",description_5,36.11,9,5/10/2024 4:59,39.88536496,32.79749503
"1,864",7/2/2024 21:40:00,Ankara DMA 1-1,"Çiğdem, 1575. Cadde 43A, 06530Ankara, Ankara,
Ankara Türkiye",description_1,47.73,20,5/10/2024 4:59,39.88765702,32.79979395
"1,865",7/2/2024 21:40:00,Ankara DMA 1-2,"Çiğdem, 1071 Malazgirt Bulvarı, 06530Ankara, Ankara,
Ankara Türkiye",description_2,47.08,9,5/10/2024 4:59,39.888736,32.799528
"1,866",7/2/2024 21:40:00,Ankara DMA 1-3,"Çiğdem, 1591. Sokak 11, 06530Ankara, Ankara,
Ankara Türkiye",description_3,49.46,14,5/10/2024 4:59,39.88429001,32.79584398
"1,867",7/2/2024 21:40:00,Ankara DMA 1-4,"Çiğdem, 1550/1. Cadde 2C, 06530Ankara, Ankara,
Ankara Türkiye",description_4,44.05,14,5/10/2024 4:59,39.88905796,32.79525397
"1,868",7/2/2024 21:40:00,Ankara DMA 1-5,"Çiğdem, 1589. Sokak 16, 06530Ankara, Ankara,
Ankara Türkiye",description_5,44.91,9,5/10/2024 4:59,39.88536496,32.79749503
"1,864",7/2/2024 21:50:00,Ankara DMA 1-1,"Çiğdem, 1575. Cadde 43A, 06530Ankara, Ankara,
Ankara Türkiye",description_1,39.76,20,5/10/2024 4:59,39.88765702,32.79979395
"1,865",7/2/2024 21:50:00,Ankara DMA 1-2,"Çiğdem, 1071 Malazgirt Bulvarı, 06530Ankara, Ankara,
Ankara Türkiye",description_2,46.23,9,5/10/2024 4:59,39.888736,32.799528
"1,866",7/2/2024 21:50:00,Ankara DMA 1-3,"Çiğdem, 1591. Sokak 11, 06530Ankara, Ankara,
Ankara Türkiye",description_3,46.86,14,5/10/2024 4:59,39.88429001,32.79584398
"1,867",7/2/2024 21:50:00,Ankara DMA 1-4,"Çiğdem, 1550/1. Cadde 2C, 06530Ankara, Ankara,
Ankara Türkiye",description_4,30.41,14,5/10/2024 4:59,39.88905796,32.79525397
"1,868",7/2/2024 21:50:00,Ankara DMA 1-5,"Çiğdem, 1589. Sokak 16, 06530Ankara, Ankara,
Ankara Türkiye",description_5,30.21,9,5/10/2024 4:59,39.88536496,32.79749503
"1,864",7/2/2024 22:00:00,Ankara DMA 1-1,"Çiğdem, 1575. Cadde 43A, 06530Ankara, Ankara,
Ankara Türkiye",description_1,47.34,20,5/10/2024 4:59,39.88765702,32.79979395
"1,865",7/2/2024 22:00:00,Ankara DMA 1-2,"Çiğdem, 1071 Malazgirt Bulvarı, 06530Ankara, Ankara,
Ankara Türkiye",description_2,46.11,9,5/10/2024 4:59,39.888736,32.799528
"1,866",7/2/2024 22:00:00,Ankara DMA 1-3,"Çiğdem, 1591. Sokak 11, 06530Ankara, Ankara,
Ankara Türkiye",description_3,49.84,14,5/10/2024 4:59,39.88429001,32.79584398
"1,867",7/2/2024 22:00:00,Ankara DMA 1-4,"Çiğdem, 1550/1. Cadde 2C, 06530Ankara, Ankara,
Ankara Türkiye",description_4,31.87,14,5/10/2024 4:59,39.88905796,32.79525397
"1,868",7/2/2024 22:00:00,Ankara DMA 1-5,"Çiğdem, 1589. Sokak 16, 06530Ankara, Ankara,
Ankara Türkiye",description_5,31.81,9,5/10/2024 4:59,39.88536496,32.79749503
"1,864",7/2/2024 22:10:00,Ankara DMA 1-1,"Çiğdem, 1575. Cadde 43A, 06530Ankara, Ankara,
Ankara Türkiye",description_1,38.39,20,5/10/2024 4:59,39.88765702,32.79979395
"1,865",7/2/2024 22:10:00,Ankara DMA 1-2,"Çiğdem, 1071 Malazgirt Bulvarı, 06530Ankara, Ankara,
Ankara Türkiye",description_2,42.68,9,5/10/2024 4:59,39.888736,32.799528
"1,866",7/2/2024 22:10:00,Ankara DMA 1-3,"Çiğdem, 1591. Sokak 11, 06530Ankara, Ankara,
Ankara Türkiye",description_3,36.55,14,5/10/2024 4:59,39.88429001,32.79584398
"1,867",7/2/2024 22:10:00,Ankara DMA 1-4,"Çiğdem, 1550/1. Cadde 2C, 06530Ankara, Ankara,
Ankara Türkiye",description_4,49.94,14,5/10/2024 4:59,39.88905796,32.79525397
"1,868",7/2/2024 22:10:00,Ankara DMA 1-5,"Çiğdem, 1589. Sokak 16, 06530Ankara, Ankara,
Ankara Türkiye",description_5,42.38,9,5/10/2024 4:59,39.88536496,32.79749503
"1,864",7/2/2024 22:20:00,Ankara DMA 1-1,"Çiğdem, 1575. Cadde 43A, 06530Ankara, Ankara,
Ankara Türkiye",description_1,32.03,20,5/10/2024 4:59,39.88765702,32.79979395
"1,865",7/2/2024 22:20:00,Ankara DMA 1-2,"Çiğdem, 1071 Malazgirt Bulvarı, 06530Ankara, Ankara,
Ankara Türkiye",description_2,39.36,9,5/10/2024 4:59,39.888736,32.799528
"1,866",7/2/2024 22:20:00,Ankara DMA 1-3,"Çiğdem, 1591. Sokak 11, 06530Ankara, Ankara,
Ankara Türkiye",description_3,36.43,14,5/10/2024 4:59,39.88429001,32.79584398
"1,867",7/2/2024 22:20:00,Ankara DMA 1-4,"Çiğdem, 1550/1. Cadde 2C, 06530Ankara, Ankara,
Ankara Türkiye",description_4,42.1,14,5/10/2024 4:59,39.88905796,32.79525397
"1,868",7/2/2024 22:20:00,Ankara DMA 1-5,"Çiğdem, 1589. Sokak 16, 06530Ankara, Ankara,
Ankara Türkiye",description_5,35.63,9,5/10/2024 4:59,39.88536496,32.79749503
"1,864",7/2/2024 22:30:00,Ankara DMA 1-1,"Çiğdem, 1575. Cadde 43A, 06530Ankara, Ankara,
Ankara Türkiye",description_1,34.7,20,5/10/2024 4:59,39.88765702,32.79979395
"1,865",7/2/2024 22:30:00,Ankara DMA 1-2,"Çiğdem, 1071 Malazgirt Bulvarı, 06530Ankara, Ankara,
Ankara Türkiye",description_2,45.7,9,5/10/2024 4:59,39.888736,32.799528
"1,866",7/2/2024 22:30:00,Ankara DMA 1-3,"Çiğdem, 1591. Sokak 11, 06530Ankara, Ankara,
Ankara Türkiye",description_3,49.63,14,5/10/2024 4:59,39.88429001,32.79584398
"1,867",7/2/2024 22:30:00,Ankara DMA 1-4,"Çiğdem, 1550/1. Cadde 2C, 06530Ankara, Ankara,
Ankara Türkiye",description_4,34.56,14,5/10/2024 4:59,39.88905796,32.79525397
"1,868",7/2/2024 22:30:00,Ankara DMA 1-5,"Çiğdem, 1589. Sokak 16, 06530Ankara, Ankara,
Ankara Türkiye",description_5,30.49,9,5/10/2024 4:59,39.88536496,32.79749503
"1,864",7/2/2024 22:40:00,Ankara DMA 1-1,"Çiğdem, 1575. Cadde 43A, 06530Ankara, Ankara,
Ankara Türkiye",description_1,31.17,20,5/10/2024 4:59,39.88765702,32.79979395
"1,865",7/2/2024 22:40:00,Ankara DMA 1-2,"Çiğdem, 1071 Malazgirt Bulvarı, 06530Ankara, Ankara,
Ankara Türkiye",description_2,38.01,9,5/10/2024 4:59,39.888736,32.799528
"1,866",7/2/2024 22:40:00,Ankara DMA 1-3,"Çiğdem, 1591. Sokak 11, 06530Ankara, Ankara,
Ankara Türkiye",description_3,49.03,14,5/10/2024 4:59,39.88429001,32.79584398
"1,867",7/2/2024 22:40:00,Ankara DMA 1-4,"Çiğdem, 1550/1. Cadde 2C, 06530Ankara, Ankara,
Ankara Türkiye",description_4,40.25,14,5/10/2024 4:59,39.88905796,32.79525397
"1,868",7/2/2024 22:40:00,Ankara DMA 1-5,"Çiğdem, 1589. Sokak 16, 06530Ankara, Ankara,
Ankara Türkiye",description_5,34.14,9,5/10/2024 4:59,39.88536496,32.79749503
"1,864",7/2/2024 22:50:00,Ankara DMA 1-1,"Çiğdem, 1575. Cadde 43A, 06530Ankara, Ankara,
Ankara Türkiye",description_1,38.63,20,5/10/2024 4:59,39.88765702,32.79979395
"1,865",7/2/2024 22:50:00,Ankara DMA 1-2,"Çiğdem, 1071 Malazgirt Bulvarı, 06530Ankara, Ankara,
Ankara Türkiye",description_2,42.75,9,5/10/2024 4:59,39.888736,32.799528
"1,866",7/2/2024 22:50:00,Ankara DMA 1-3,"Çiğdem, 1591. Sokak 11, 06530Ankara, Ankara,
Ankara Türkiye",description_3,42.93,14,5/10/2024 4:59,39.88429001,32.79584398
"1,867",7/2/2024 22:50:00,Ankara DMA 1-4,"Çiğdem, 1550/1. Cadde 2C, 06530Ankara, Ankara,
Ankara Türkiye",description_4,45.16,14,5/10/2024 4:59,39.88905796,32.79525397
"1,868",7/2/2024 22:50:00,Ankara DMA 1-5,"Çiğdem, 1589. Sokak 16, 06530Ankara, Ankara,
Ankara Türkiye",description_5,40.18,9,5/10/2024 4:59,39.88536496,32.79749503
"1,864",7/2/2024 23:00:00,Ankara DMA 1-1,"Çiğdem, 1575. Cadde 43A, 06530Ankara, Ankara,
Ankara Türkiye",description_1,35.66,20,5/10/2024 4:59,39.88765702,32.79979395
"1,865",7/2/2024 23:00:00,Ankara DMA 1-2,"Çiğdem, 1071 Malazgirt Bulvarı, 06530Ankara, Ankara,
Ankara Türkiye",description_2,34.29,9,5/10/2024 4:59,39.888736,32.799528
"1,866",7/2/2024 23:00:00,Ankara DMA 1-3,"Çiğdem, 1591. Sokak 11, 06530Ankara, Ankara,
Ankara Türkiye",description_3,35.16,14,5/10/2024 4:59,39.88429001,32.79584398
"1,867",7/2/2024 23:00:00,Ankara DMA 1-4,"Çiğdem, 1550/1. Cadde 2C, 06530Ankara, Ankara,
Ankara Türkiye",description_4,31.74,14,5/10/2024 4:59,39.88905796,32.79525397
"1,868",7/2/2024 23:00:00,Ankara DMA 1-5,"Çiğdem, 1589. Sokak 16, 06530Ankara, Ankara,
Ankara Türkiye",description_5,36.47,9,5/10/2024 4:59,39.88536496,32.79749503
"1,864",7/2/2024 23:10:00,Ankara DMA 1-1,"Çiğdem, 1575. Cadde 43A, 06530Ankara, Ankara,
Ankara Türkiye",description_1,46.79,20,5/10/2024 4:59,39.88765702,32.79979395
"1,865",7/2/2024 23:10:00,Ankara DMA 1-2,"Çiğdem, 1071 Malazgirt Bulvarı, 06530Ankara, Ankara,
Ankara Türkiye",description_2,30.92,9,5/10/2024 4:59,39.888736,32.799528
"1,866",7/2/2024 23:10:00,Ankara DMA 1-3,"Çiğdem, 1591. Sokak 11, 06530Ankara, Ankara,
Ankara Türkiye",description_3,43.66,14,5/10/2024 4:59,39.88429001,32.79584398
"1,867",7/2/2024 23:10:00,Ankara DMA 1-4,"Çiğdem, 1550/1. Cadde 2C, 06530Ankara, Ankara,
Ankara Türkiye",description_4,37.74,14,5/10/2024 4:59,39.88905796,32.79525397
"1,868",7/2/2024 23:10:00,Ankara DMA 1-5,"Çiğdem, 1589. Sokak 16, 06530Ankara, Ankara,
Ankara Türkiye",description_5,34.42,9,5/10/2024 4:59,39.88536496,32.79749503
"1,864",7/2/2024 23:20:00,Ankara DMA 1-1,"Çiğdem, 1575. Cadde 43A, 06530Ankara, Ankara,
Ankara Türkiye",description_1,41.28,20,5/10/2024 4:59,39.88765702,32.79979395
"1,865",7/2/2024 23:20:00,Ankara DMA 1-2,"Çiğdem, 1071 Malazgirt Bulvarı, 06530Ankara, Ankara,
Ankara Türkiye",description_2,41.94,9,5/10/2024 4:59,39.888736,32.799528
"1,866",7/2/2024 23:20:00,Ankara DMA 1-3,"Çiğdem, 1591. Sokak 11, 06530Ankara, Ankara,
Ankara Türkiye",description_3,48.05,14,5/10/2024 4:59,39.88429001,32.79584398
"1,867",7/2/2024 23:20:00,Ankara DMA 1-4,"Çiğdem, 1550/1. Cadde 2C, 06530Ankara, Ankara,
Ankara Türkiye",description_4,41.17,14,5/10/2024 4:59,39.88905796,32.79525397
"1,868",7/2/2024 23:20:00,Ankara DMA 1-5,"Çiğdem, 1589. Sokak 16, 06530Ankara, Ankara,
Ankara Türkiye",description_5,35.28,9,5/10/2024 4:59,39.88536496,32.79749503
"1,864",7/2/2024 23:30:00,Ankara DMA 1-1,"Çiğdem, 1575. Cadde 43A, 06530Ankara, Ankara,
Ankara Türkiye",description_1,46.81,20,5/10/2024 4:59,39.88765702,32.79979395
"1,865",7/2/2024 23:30:00,Ankara DMA 1-2,"Çiğdem, 1071 Malazgirt Bulvarı, 06530Ankara, Ankara,
Ankara Türkiye",description_2,43.16,9,5/10/2024 4:59,39.888736,32.799528
"1,866",7/2/2024 23:30:00,Ankara DMA 1-3,"Çiğdem, 1591. Sokak 11, 06530Ankara, Ankara,
Ankara Türkiye",description_3,33.51,14,5/10/2024 4:59,39.88429001,32.79584398
"1,867",7/2/2024 23:30:00,Ankara DMA 1-4,"Çiğdem, 1550/1. Cadde 2C, 06530Ankara, Ankara,
Ankara Türkiye",description_4,33.26,14,5/10/2024 4:59,39.88905796,32.79525397
"1,868",7/2/2024 23:30:00,Ankara DMA 1-5,"Çiğdem, 1589. Sokak 16, 06530Ankara, Ankara,
Ankara Türkiye",description_5,45.07,9,5/10/2024 4:59,39.88536496,32.79749503
"1,864",7/2/2024 23:40:00,Ankara DMA 1-1,"Çiğdem, 1575. Cadde 43A, 06530Ankara, Ankara,
Ankara Türkiye",description_1,37.94,20,5/10/2024 4:59,39.88765702,32.79979395
"1,865",7/2/2024 23:40:00,Ankara DMA 1-2,"Çiğdem, 1071 Malazgirt Bulvarı, 06530Ankara, Ankara,
Ankara Türkiye",description_2,32.81,9,5/10/2024 4:59,39.888736,32.799528
"1,866",7/2/2024 23:40:00,Ankara DMA 1-3,"Çiğdem, 1591. Sokak 11, 06530Ankara, Ankara,
Ankara Türkiye",description_3,44.92,14,5/10/2024 4:59,39.88429001,32.79584398
"1,867",7/2/2024 23:40:00,Ankara DMA 1-4,"Çiğdem, 1550/1. Cadde 2C, 06530Ankara, Ankara,
Ankara Türkiye",description_4,40.24,14,5/10/2024 4:59,39.88905796,32.79525397
"1,868",7/2/2024 23:40:00,Ankara DMA 1-5,"Çiğdem, 1589. Sokak 16, 06530Ankara, Ankara,
Ankara Türkiye",description_5,46.56,9,5/10/2024 4:59,39.88536496,32.79749503
"1,864",7/2/2024 23:50:00,Ankara DMA 1-1,"Çiğdem, 1575. Cadde 43A, 06530Ankara, Ankara,
Ankara Türkiye",description_1,40.66,20,5/10/2024 4:59,39.88765702,32.79979395
"1,865",7/2/2024 23:50:00,Ankara DMA 1-2,"Çiğdem, 1071 Malazgirt Bulvarı, 06530Ankara, Ankara,
Ankara Türkiye",description_2,41.34,9,5/10/2024 4:59,39.888736,32.799528
"1,866",7/2/2024 23:50:00,Ankara DMA 1-3,"Çiğdem, 1591. Sokak 11, 06530Ankara, Ankara,
Ankara Türkiye",description_3,37.73,14,5/10/2024 4:59,39.88429001,32.79584398
"1,867",7/2/2024 23:50:00,Ankara DMA 1-4,"Çiğdem, 1550/1. Cadde 2C, 06530Ankara, Ankara,
Ankara Türkiye",description_4,31.06,14,5/10/2024 4:59,39.88905796,32.79525397
"1,868",7/2/2024 23:50:00,Ankara DMA 1-5,"Çiğdem, 1589. Sokak 16, 06530Ankara, Ankara,
Ankara Türkiye",description_5,32.21,9,5/10/2024 4:59,39.88536496,32.79749503
"1,864",7/3/2024 0:00:00,Ankara DMA 1-1,"Çiğdem, 1575. Cadde 43A, 06530Ankara, Ankara,
Ankara Türkiye",description_1,37.8,20,5/10/2024 4:59,39.88765702,32.79979395
"1,865",7/3/2024 0:00:00,Ankara DMA 1-2,"Çiğdem, 1071 Malazgirt Bulvarı, 06530Ankara, Ankara,
Ankara Türkiye",description_2,47.44,9,5/10/2024 4:59,39.888736,32.799528
"1,866",7/3/2024 0:00:00,Ankara DMA 1-3,"Çiğdem, 1591. Sokak 11, 06530Ankara, Ankara,
Ankara Türkiye",description_3,34.59,14,5/10/2024 4:59,39.88429001,32.79584398
"1,867",7/3/2024 0:00:00,Ankara DMA 1-4,"Çiğdem, 1550/1. Cadde 2C, 06530Ankara, Ankara,
Ankara Türkiye",description_4,34.02,14,5/10/2024 4:59,39.88905796,32.79525397
"1,868",7/3/2024 0:00:00,Ankara DMA 1-5,"Çiğdem, 1589. Sokak 16, 06530Ankara, Ankara,
Ankara Türkiye",description_5,41.05,9,5/10/2024 4:59,39.88536496,32.79749503
"1,864",7/3/2024 0:10:00,Ankara DMA 1-1,"Çiğdem, 1575. Cadde 43A, 06530Ankara, Ankara,
Ankara Türkiye",description_1,43.34,20,5/10/2024 4:59,39.88765702,32.79979395
"1,865",7/3/2024 0:10:00,Ankara DMA 1-2,"Çiğdem, 1071 Malazgirt Bulvarı, 06530Ankara, Ankara,
Ankara Türkiye",description_2,36.68,9,5/10/2024 4:59,39.888736,32.799528
"1,866",7/3/2024 0:10:00,Ankara DMA 1-3,"Çiğdem, 1591. Sokak 11, 06530Ankara, Ankara,
Ankara Türkiye",description_3,47.48,14,5/10/2024 4:59,39.88429001,32.79584398
"1,867",7/3/2024 0:10:00,Ankara DMA 1-4,"Çiğdem, 1550/1. Cadde 2C, 06530Ankara, Ankara,
Ankara Türkiye",description_4,35.38,14,5/10/2024 4:59,39.88905796,32.79525397
"1,868",7/3/2024 0:10:00,Ankara DMA 1-5,"Çiğdem, 1589. Sokak 16, 06530Ankara, Ankara,
Ankara Türkiye",description_5,31.13,9,5/10/2024 4:59,39.88536496,32.79749503
"1,864",7/3/2024 0:20:00,Ankara DMA 1-1,"Çiğdem, 1575. Cadde 43A, 06530Ankara, Ankara,
Ankara Türkiye",description_1,37.37,20,5/10/2024 4:59,39.88765702,32.79979395
"1,865",7/3/2024 0:20:00,Ankara DMA 1-2,"Çiğdem, 1071 Malazgirt Bulvarı, 06530Ankara, Ankara,
Ankara Türkiye",description_2,41.9,9,5/10/2024 4:59,39.888736,32.799528
"1,866",7/3/2024 0:20:00,Ankara DMA 1-3,"Çiğdem, 1591. Sokak 11, 06530Ankara, Ankara,
Ankara Türkiye",description_3,31.26,14,5/10/2024 4:59,39.88429001,32.79584398
"1,867",7/3/2024 0:20:00,Ankara DMA 1-4,"Çiğdem, 1550/1. Cadde 2C, 06530Ankara, Ankara,
Ankara Türkiye",description_4,47.6,14,5/10/2024 4:59,39.88905796,32.79525397
"1,868",7/3/2024 0:20:00,Ankara DMA 1-5,"Çiğdem, 1589. Sokak 16, 06530Ankara, Ankara,
Ankara Türkiye",description_5,47.89,9,5/10/2024 4:59,39.88536496,32.79749503
"1,864",7/3/2024 0:30:00,Ankara DMA 1-1,"Çiğdem, 1575. Cadde 43A, 06530Ankara, Ankara,
Ankara Türkiye",description_1,48.56,20,5/10/2024 4:59,39.88765702,32.79979395
"1,865",7/3/2024 0:30:00,Ankara DMA 1-2,"Çiğdem, 1071 Malazgirt Bulvarı, 06530Ankara, Ankara,
Ankara Türkiye",description_2,42.31,9,5/10/2024 4:59,39.888736,32.799528
"1,866",7/3/2024 0:30:00,Ankara DMA 1-3,"Çiğdem, 1591. Sokak 11, 06530Ankara, Ankara,
Ankara Türkiye",description_3,45.12,14,5/10/2024 4:59,39.88429001,32.79584398
"1,867",7/3/2024 0:30:00,Ankara DMA 1-4,"Çiğdem, 1550/1. Cadde 2C, 06530Ankara, Ankara,
Ankara Türkiye",description_4,38.34,14,5/10/2024 4:59,39.88905796,32.79525397
"1,868",7/3/2024 0:30:00,Ankara DMA 1-5,"Çiğdem, 1589. Sokak 16, 06530Ankara, Ankara,
Ankara Türkiye",description_5,42.88,9,5/10/2024 4:59,39.88536496,32.79749503
"1,864",7/3/2024 0:40:00,Ankara DMA 1-1,"Çiğdem, 1575. Cadde 43A, 06530Ankara, Ankara,
Ankara Türkiye",description_1,31.22,20,5/10/2024 4:59,39.88765702,32.79979395
"1,865",7/3/2024 0:40:00,Ankara DMA 1-2,"Çiğdem, 1071 Malazgirt Bulvarı, 06530Ankara, Ankara,
Ankara Türkiye",description_2,44.75,9,5/10/2024 4:59,39.888736,32.799528
"1,866",7/3/2024 0:40:00,Ankara DMA 1-3,"Çiğdem, 1591. Sokak 11, 06530Ankara, Ankara,
Ankara Türkiye",description_3,41.85,14,5/10/2024 4:59,39.88429001,32.79584398
"1,867",7/3/2024 0:40:00,Ankara DMA 1-4,"Çiğdem, 1550/1. Cadde 2C, 06530Ankara, Ankara,
Ankara Türkiye",description_4,35.19,14,5/10/2024 4:59,39.88905796,32.79525397
"1,868",7/3/2024 0:40:00,Ankara DMA 1-5,"Çiğdem, 1589. Sokak 16, 06530Ankara, Ankara,
Ankara Türkiye",description_5,31.36,9,5/10/2024 4:59,39.88536496,32.79749503
"1,864",7/3/2024 0:50:00,Ankara DMA 1-1,"Çiğdem, 1575. Cadde 43A, 06530Ankara, Ankara,
Ankara Türkiye",description_1,32.66,20,5/10/2024 4:59,39.88765702,32.79979395
"1,865",7/3/2024 0:50:00,Ankara DMA 1-2,"Çiğdem, 1071 Malazgirt Bulvarı, 06530Ankara, Ankara,
Ankara Türkiye",description_2,49.06,9,5/10/2024 4:59,39.888736,32.799528
"1,866",7/3/2024 0:50:00,Ankara DMA 1-3,"Çiğdem, 1591. Sokak 11, 06530Ankara, Ankara,
Ankara Türkiye",description_3,35.35,14,5/10/2024 4:59,39.88429001,32.79584398
"1,867",7/3/2024 0:50:00,Ankara DMA 1-4,"Çiğdem, 1550/1. Cadde 2C, 06530Ankara, Ankara,
Ankara Türkiye",description_4,39.94,14,5/10/2024 4:59,39.88905796,32.79525397
"1,868",7/3/2024 0:50:00,Ankara DMA 1-5,"Çiğdem, 1589. Sokak 16, 06530Ankara, Ankara,
Ankara Türkiye",description_5,35.2,9,5/10/2024 4:59,39.88536496,32.79749503
"1,864",7/3/2024 1:00:00,Ankara DMA 1-1,"Çiğdem, 1575. Cadde 43A, 06530Ankara, Ankara,
Ankara Türkiye",description_1,31.18,20,5/10/2024 4:59,39.88765702,32.79979395
"1,865",7/3/2024 1:00:00,Ankara DMA 1-2,"Çiğdem, 1071 Malazgirt Bulvarı, 06530Ankara, Ankara,
Ankara Türkiye",description_2,48.79,9,5/10/2024 4:59,39.888736,32.799528
"1,866",7/3/2024 1:00:00,Ankara DMA 1-3,"Çiğdem, 1591. Sokak 11, 06530Ankara, Ankara,
Ankara Türkiye",description_3,34,14,5/10/2024 4:59,39.88429001,32.79584398
"1,867",7/3/2024 1:00:00,Ankara DMA 1-4,"Çiğdem, 1550/1. Cadde 2C, 06530Ankara, Ankara,
Ankara Türkiye",description_4,38.55,14,5/10/2024 4:59,39.88905796,32.79525397
"1,868",7/3/2024 1:00:00,Ankara DMA 1-5,"Çiğdem, 1589. Sokak 16, 06530Ankara, Ankara,
Ankara Türkiye",description_5,40.34,9,5/10/2024 4:59,39.88536496,32.79749503
"1,864",7/3/2024 1:10:00,Ankara DMA 1-1,"Çiğdem, 1575. Cadde 43A, 06530Ankara, Ankara,
Ankara Türkiye",description_1,46,20,5/10/2024 4:59,39.88765702,32.79979395
"1,865",7/3/2024 1:10:00,Ankara DMA 1-2,"Çiğdem, 1071 Malazgirt Bulvarı, 06530Ankara, Ankara,
Ankara Türkiye",description_2,46.17,9,5/10/2024 4:59,39.888736,32.799528
"1,866",7/3/2024 1:10:00,Ankara DMA 1-3,"Çiğdem, 1591. Sokak 11, 06530Ankara, Ankara,
Ankara Türkiye",description_3,37.4,14,5/10/2024 4:59,39.88429001,32.79584398
"1,867",7/3/2024 1:10:00,Ankara DMA 1-4,"Çiğdem, 1550/1. Cadde 2C, 06530Ankara, Ankara,
Ankara Türkiye",description_4,34.42,14,5/10/2024 4:59,39.88905796,32.79525397
"1,868",7/3/2024 1:10:00,Ankara DMA 1-5,"Çiğdem, 1589. Sokak 16, 06530Ankara, Ankara,
Ankara Türkiye",description_5,33.48,9,5/10/2024 4:59,39.88536496,32.79749503
"1,864",7/3/2024 1:20:00,Ankara DMA 1-1,"Çiğdem, 1575. Cadde 43A, 06530Ankara, Ankara,
Ankara Türkiye",description_1,37.52,20,5/10/2024 4:59,39.88765702,32.79979395
"1,865",7/3/2024 1:20:00,Ankara DMA 1-2,"Çiğdem, 1071 Malazgirt Bulvarı, 06530Ankara, Ankara,
Ankara Türkiye",description_2,47.3,9,5/10/2024 4:59,39.888736,32.799528
"1,866",7/3/2024 1:20:00,Ankara DMA 1-3,"Çiğdem, 1591. Sokak 11, 06530Ankara, Ankara,
Ankara Türkiye",description_3,45.74,14,5/10/2024 4:59,39.88429001,32.79584398
"1,867",7/3/2024 1:20:00,Ankara DMA 1-4,"Çiğdem, 1550/1. Cadde 2C, 06530Ankara, Ankara,
Ankara Türkiye",description_4,33.14,14,5/10/2024 4:59,39.88905796,32.79525397
"1,868",7/3/2024 1:20:00,Ankara DMA 1-5,"Çiğdem, 1589. Sokak 16, 06530Ankara, Ankara,
Ankara Türkiye",description_5,40.11,9,5/10/2024 4:59,39.88536496,32.79749503
"1,864",7/3/2024 1:30:00,Ankara DMA 1-1,"Çiğdem, 1575. Cadde 43A, 06530Ankara, Ankara,
Ankara Türkiye",description_1,35.38,20,5/10/2024 4:59,39.88765702,32.79979395
"1,865",7/3/2024 1:30:00,Ankara DMA 1-2,"Çiğdem, 1071 Malazgirt Bulvarı, 06530Ankara, Ankara,
Ankara Türkiye",description_2,46.13,9,5/10/2024 4:59,39.888736,32.799528
"1,866",7/3/2024 1:30:00,Ankara DMA 1-3,"Çiğdem, 1591. Sokak 11, 06530Ankara, Ankara,
Ankara Türkiye",description_3,47.71,14,5/10/2024 4:59,39.88429001,32.79584398
"1,867",7/3/2024 1:30:00,Ankara DMA 1-4,"Çiğdem, 1550/1. Cadde 2C, 06530Ankara, Ankara,
Ankara Türkiye",description_4,35.09,14,5/10/2024 4:59,39.88905796,32.79525397
"1,868",7/3/2024 1:30:00,Ankara DMA 1-5,"Çiğdem, 1589. Sokak 16, 06530Ankara, Ankara,
Ankara Türkiye",description_5,34.25,9,5/10/2024 4:59,39.88536496,32.79749503
"1,864",7/3/2024 1:40:00,Ankara DMA 1-1,"Çiğdem, 1575. Cadde 43A, 06530Ankara, Ankara,
Ankara Türkiye",description_1,46.32,20,5/10/2024 4:59,39.88765702,32.79979395
"1,865",7/3/2024 1:40:00,Ankara DMA 1-2,"Çiğdem, 1071 Malazgirt Bulvarı, 06530Ankara, Ankara,
Ankara Türkiye",description_2,39.96,9,5/10/2024 4:59,39.888736,32.799528
"1,866",7/3/2024 1:40:00,Ankara DMA 1-3,"Çiğdem, 1591. Sokak 11, 06530Ankara, Ankara,
Ankara Türkiye",description_3,45.31,14,5/10/2024 4:59,39.88429001,32.79584398
"1,867",7/3/2024 1:40:00,Ankara DMA 1-4,"Çiğdem, 1550/1. Cadde 2C, 06530Ankara, Ankara,
Ankara Türkiye",description_4,31.41,14,5/10/2024 4:59,39.88905796,32.79525397
"1,868",7/3/2024 1:40:00,Ankara DMA 1-5,"Çiğdem, 1589. Sokak 16, 06530Ankara, Ankara,
Ankara Türkiye",description_5,49.08,9,5/10/2024 4:59,39.88536496,32.79749503
"1,864",7/3/2024 1:50:00,Ankara DMA 1-1,"Çiğdem, 1575. Cadde 43A, 06530Ankara, Ankara,
Ankara Türkiye",description_1,47.05,20,5/10/2024 4:59,39.88765702,32.79979395
"1,865",7/3/2024 1:50:00,Ankara DMA 1-2,"Çiğdem, 1071 Malazgirt Bulvarı, 06530Ankara, Ankara,
Ankara Türkiye",description_2,39.03,9,5/10/2024 4:59,39.888736,32.799528
"1,866",7/3/2024 1:50:00,Ankara DMA 1-3,"Çiğdem, 1591. Sokak 11, 06530Ankara, Ankara,
Ankara Türkiye",description_3,43.35,14,5/10/2024 4:59,39.88429001,32.79584398
"1,867",7/3/2024 1:50:00,Ankara DMA 1-4,"Çiğdem, 1550/1. Cadde 2C, 06530Ankara, Ankara,
Ankara Türkiye",description_4,36.97,14,5/10/2024 4:59,39.88905796,32.79525397
"1,868",7/3/2024 1:50:00,Ankara DMA 1-5,"Çiğdem, 1589. Sokak 16, 06530Ankara, Ankara,
Ankara Türkiye",description_5,38.55,9,5/10/2024 4:59,39.88536496,32.79749503
"1,864",7/3/2024 2:00:00,Ankara DMA 1-1,"Çiğdem, 1575. Cadde 43A, 06530Ankara, Ankara,
Ankara Türkiye",description_1,38.66,20,5/10/2024 4:59,39.88765702,32.79979395
"1,865",7/3/2024 2:00:00,Ankara DMA 1-2,"Çiğdem, 1071 Malazgirt Bulvarı, 06530Ankara, Ankara,
Ankara Türkiye",description_2,49.77,9,5/10/2024 4:59,39.888736,32.799528
"1,866",7/3/2024 2:00:00,Ankara DMA 1-3,"Çiğdem, 1591. Sokak 11, 06530Ankara, Ankara,
Ankara Türkiye",description_3,30.14,14,5/10/2024 4:59,39.88429001,32.79584398
"1,867",7/3/2024 2:00:00,Ankara DMA 1-4,"Çiğdem, 1550/1. Cadde 2C, 06530Ankara, Ankara,
Ankara Türkiye",description_4,38.07,14,5/10/2024 4:59,39.88905796,32.79525397
"1,868",7/3/2024 2:00:00,Ankara DMA 1-5,"Çiğdem, 1589. Sokak 16, 06530Ankara, Ankara,
Ankara Türkiye",description_5,38.79,9,5/10/2024 4:59,39.88536496,32.79749503
"1,864",7/3/2024 2:10:00,Ankara DMA 1-1,"Çiğdem, 1575. Cadde 43A, 06530Ankara, Ankara,
Ankara Türkiye",description_1,48.46,20,5/10/2024 4:59,39.88765702,32.79979395
"1,865",7/3/2024 2:10:00,Ankara DMA 1-2,"Çiğdem, 1071 Malazgirt Bulvarı, 06530Ankara, Ankara,
Ankara Türkiye",description_2,35.88,9,5/10/2024 4:59,39.888736,32.799528
"1,866",7/3/2024 2:10:00,Ankara DMA 1-3,"Çiğdem, 1591. Sokak 11, 06530Ankara, Ankara,
Ankara Türkiye",description_3,37.27,14,5/10/2024 4:59,39.88429001,32.79584398
"1,867",7/3/2024 2:10:00,Ankara DMA 1-4,"Çiğdem, 1550/1. Cadde 2C, 06530Ankara, Ankara,
Ankara Türkiye",description_4,37.58,14,5/10/2024 4:59,39.88905796,32.79525397
"1,868",7/3/2024 2:10:00,Ankara DMA 1-5,"Çiğdem, 1589. Sokak 16, 06530Ankara, Ankara,
Ankara Türkiye",description_5,40.43,9,5/10/2024 4:59,39.88536496,32.79749503
"1,864",7/3/2024 2:20:00,Ankara DMA 1-1,"Çiğdem, 1575. Cadde 43A, 06530Ankara, Ankara,
Ankara Türkiye",description_1,32.12,20,5/10/2024 4:59,39.88765702,32.79979395
"1,865",7/3/2024 2:20:00,Ankara DMA 1-2,"Çiğdem, 1071 Malazgirt Bulvarı, 06530Ankara, Ankara,
Ankara Türkiye",description_2,42.37,9,5/10/2024 4:59,39.888736,32.799528
"1,866",7/3/2024 2:20:00,Ankara DMA 1-3,"Çiğdem, 1591. Sokak 11, 06530Ankara, Ankara,
Ankara Türkiye",description_3,37.52,14,5/10/2024 4:59,39.88429001,32.79584398
"1,867",7/3/2024 2:20:00,Ankara DMA 1-4,"Çiğdem, 1550/1. Cadde 2C, 06530Ankara, Ankara,
Ankara Türkiye",description_4,35.27,14,5/10/2024 4:59,39.88905796,32.79525397
"1,868",7/3/2024 2:20:00,Ankara DMA 1-5,"Çiğdem, 1589. Sokak 16, 06530Ankara, Ankara,
Ankara Türkiye",description_5,32.75,9,5/10/2024 4:59,39.88536496,32.79749503
"1,864",7/3/2024 2:30:00,Ankara DMA 1-1,"Çiğdem, 1575. Cadde 43A, 06530Ankara, Ankara,
Ankara Türkiye",description_1,42.33,20,5/10/2024 4:59,39.88765702,32.79979395
"1,865",7/3/2024 2:30:00,Ankara DMA 1-2,"Çiğdem, 1071 Malazgirt Bulvarı, 06530Ankara, Ankara,
Ankara Türkiye",description_2,34.87,9,5/10/2024 4:59,39.888736,32.799528
"1,866",7/3/2024 2:30:00,Ankara DMA 1-3,"Çiğdem, 1591. Sokak 11, 06530Ankara, Ankara,
Ankara Türkiye",description_3,43.01,14,5/10/2024 4:59,39.88429001,32.79584398
"1,867",7/3/2024 2:30:00,Ankara DMA 1-4,"Çiğdem, 1550/1. Cadde 2C, 06530Ankara, Ankara,
Ankara Türkiye",description_4,42.88,14,5/10/2024 4:59,39.88905796,32.79525397
"1,868",7/3/2024 2:30:00,Ankara DMA 1-5,"Çiğdem, 1589. Sokak 16, 06530Ankara, Ankara,
Ankara Türkiye",description_5,42.58,9,5/10/2024 4:59,39.88536496,32.79749503
"1,864",7/3/2024 2:40:00,Ankara DMA 1-1,"Çiğdem, 1575. Cadde 43A, 06530Ankara, Ankara,
Ankara Türkiye",description_1,48.12,20,5/10/2024 4:59,39.88765702,32.79979395
"1,865",7/3/2024 2:40:00,Ankara DMA 1-2,"Çiğdem, 1071 Malazgirt Bulvarı, 06530Ankara, Ankara,
Ankara Türkiye",description_2,32.89,9,5/10/2024 4:59,39.888736,32.799528
"1,866",7/3/2024 2:40:00,Ankara DMA 1-3,"Çiğdem, 1591. Sokak 11, 06530Ankara, Ankara,
Ankara Türkiye",description_3,41.16,14,5/10/2024 4:59,39.88429001,32.79584398
"1,867",7/3/2024 2:40:00,Ankara DMA 1-4,"Çiğdem, 1550/1. Cadde 2C, 06530Ankara, Ankara,
Ankara Türkiye",description_4,38.87,14,5/10/2024 4:59,39.88905796,32.79525397
"1,868",7/3/2024 2:40:00,Ankara DMA 1-5,"Çiğdem, 1589. Sokak 16, 06530Ankara, Ankara,
Ankara Türkiye",description_5,31.27,9,5/10/2024 4:59,39.88536496,32.79749503
"1,864",7/3/2024 2:50:00,Ankara DMA 1-1,"Çiğdem, 1575. Cadde 43A, 06530Ankara, Ankara,
Ankara Türkiye",description_1,48.1,20,5/10/2024 4:59,39.88765702,32.79979395
"1,865",7/3/2024 2:50:00,Ankara DMA 1-2,"Çiğdem, 1071 Malazgirt Bulvarı, 06530Ankara, Ankara,
Ankara Türkiye",description_2,49.86,9,5/10/2024 4:59,39.888736,32.799528
"1,866",7/3/2024 2:50:00,Ankara DMA 1-3,"Çiğdem, 1591. Sokak 11, 06530Ankara, Ankara,
Ankara Türkiye",description_3,45.91,14,5/10/2024 4:59,39.88429001,32.79584398
"1,867",7/3/2024 2:50:00,Ankara DMA 1-4,"Çiğdem, 1550/1. Cadde 2C, 06530Ankara, Ankara,
Ankara Türkiye",description_4,31.95,14,5/10/2024 4:59,39.88905796,32.79525397
"1,868",7/3/2024 2:50:00,Ankara DMA 1-5,"Çiğdem, 1589. Sokak 16, 06530Ankara, Ankara,
Ankara Türkiye",description_5,34.5,9,5/10/2024 4:59,39.88536496,32.79749503
"1,864",7/3/2024 3:00:00,Ankara DMA 1-1,"Çiğdem, 1575. Cadde 43A, 06530Ankara, Ankara,
Ankara Türkiye",description_1,34.99,20,5/10/2024 4:59,39.88765702,32.79979395
"1,865",7/3/2024 3:00:00,Ankara DMA 1-2,"Çiğdem, 1071 Malazgirt Bulvarı, 06530Ankara, Ankara,
Ankara Türkiye",description_2,42.09,9,5/10/2024 4:59,39.888736,32.799528
"1,866",7/3/2024 3:00:00,Ankara DMA 1-3,"Çiğdem, 1591. Sokak 11, 06530Ankara, Ankara,
Ankara Türkiye",description_3,42.9,14,5/10/2024 4:59,39.88429001,32.79584398
"1,867",7/3/2024 3:00:00,Ankara DMA 1-4,"Çiğdem, 1550/1. Cadde 2C, 06530Ankara, Ankara,
Ankara Türkiye",description_4,39.89,14,5/10/2024 4:59,39.88905796,32.79525397
"1,868",7/3/2024 3:00:00,Ankara DMA 1-5,"Çiğdem, 1589. Sokak 16, 06530Ankara, Ankara,
Ankara Türkiye",description_5,39.38,9,5/10/2024 4:59,39.88536496,32.79749503
"1,864",7/3/2024 3:10:00,Ankara DMA 1-1,"Çiğdem, 1575. Cadde 43A, 06530Ankara, Ankara,
Ankara Türkiye",description_1,42.82,20,5/10/2024 4:59,39.88765702,32.79979395
"1,865",7/3/2024 3:10:00,Ankara DMA 1-2,"Çiğdem, 1071 Malazgirt Bulvarı, 06530Ankara, Ankara,
Ankara Türkiye",description_2,40.63,9,5/10/2024 4:59,39.888736,32.799528
"1,866",7/3/2024 3:10:00,Ankara DMA 1-3,"Çiğdem, 1591. Sokak 11, 06530Ankara, Ankara,
Ankara Türkiye",description_3,45.15,14,5/10/2024 4:59,39.88429001,32.79584398
"1,867",7/3/2024 3:10:00,Ankara DMA 1-4,"Çiğdem, 1550/1. Cadde 2C, 06530Ankara, Ankara,
Ankara Türkiye",description_4,49.59,14,5/10/2024 4:59,39.88905796,32.79525397
"1,868",7/3/2024 3:10:00,Ankara DMA 1-5,"Çiğdem, 1589. Sokak 16, 06530Ankara, Ankara,
Ankara Türkiye",description_5,39.39,9,5/10/2024 4:59,39.88536496,32.79749503
"1,864",7/3/2024 3:20:00,Ankara DMA 1-1,"Çiğdem, 1575. Cadde 43A, 06530Ankara, Ankara,
Ankara Türkiye",description_1,42.18,20,5/10/2024 4:59,39.88765702,32.79979395
"1,865",7/3/2024 3:20:00,Ankara DMA 1-2,"Çiğdem, 1071 Malazgirt Bulvarı, 06530Ankara, Ankara,
Ankara Türkiye",description_2,38.39,9,5/10/2024 4:59,39.888736,32.799528
"1,866",7/3/2024 3:20:00,Ankara DMA 1-3,"Çiğdem, 1591. Sokak 11, 06530Ankara, Ankara,
Ankara Türkiye",description_3,30.04,14,5/10/2024 4:59,39.88429001,32.79584398
"1,867",7/3/2024 3:20:00,Ankara DMA 1-4,"Çiğdem, 1550/1. Cadde 2C, 06530Ankara, Ankara,
Ankara Türkiye",description_4,30.38,14,5/10/2024 4:59,39.88905796,32.79525397
"1,868",7/3/2024 3:20:00,Ankara DMA 1-5,"Çiğdem, 1589. Sokak 16, 06530Ankara, Ankara,
Ankara Türkiye",description_5,31.02,9,5/10/2024 4:59,39.88536496,32.79749503
"1,864",7/3/2024 3:30:00,Ankara DMA 1-1,"Çiğdem, 1575. Cadde 43A, 06530Ankara, Ankara,
Ankara Türkiye",description_1,46.78,20,5/10/2024 4:59,39.88765702,32.79979395
"1,865",7/3/2024 3:30:00,Ankara DMA 1-2,"Çiğdem, 1071 Malazgirt Bulvarı, 06530Ankara, Ankara,
Ankara Türkiye",description_2,32.29,9,5/10/2024 4:59,39.888736,32.799528
"1,866",7/3/2024 3:30:00,Ankara DMA 1-3,"Çiğdem, 1591. Sokak 11, 06530Ankara, Ankara,
Ankara Türkiye",description_3,36.78,14,5/10/2024 4:59,39.88429001,32.79584398
"1,867",7/3/2024 3:30:00,Ankara DMA 1-4,"Çiğdem, 1550/1. Cadde 2C, 06530Ankara, Ankara,
Ankara Türkiye",description_4,44.31,14,5/10/2024 4:59,39.88905796,32.79525397
"1,868",7/3/2024 3:30:00,Ankara DMA 1-5,"Çiğdem, 1589. Sokak 16, 06530Ankara, Ankara,
Ankara Türkiye",description_5,41.57,9,5/10/2024 4:59,39.88536496,32.79749503
"1,864",7/3/2024 3:40:00,Ankara DMA 1-1,"Çiğdem, 1575. Cadde 43A, 06530Ankara, Ankara,
Ankara Türkiye",description_1,46.8,20,5/10/2024 4:59,39.88765702,32.79979395
"1,865",7/3/2024 3:40:00,Ankara DMA 1-2,"Çiğdem, 1071 Malazgirt Bulvarı, 06530Ankara, Ankara,
Ankara Türkiye",description_2,48.77,9,5/10/2024 4:59,39.888736,32.799528
"1,866",7/3/2024 3:40:00,Ankara DMA 1-3,"Çiğdem, 1591. Sokak 11, 06530Ankara, Ankara,
Ankara Türkiye",description_3,30.5,14,5/10/2024 4:59,39.88429001,32.79584398
"1,867",7/3/2024 3:40:00,Ankara DMA 1-4,"Çiğdem, 1550/1. Cadde 2C, 06530Ankara, Ankara,
Ankara Türkiye",description_4,37.12,14,5/10/2024 4:59,39.88905796,32.79525397
"1,868",7/3/2024 3:40:00,Ankara DMA 1-5,"Çiğdem, 1589. Sokak 16, 06530Ankara, Ankara,
Ankara Türkiye",description_5,43.5,9,5/10/2024 4:59,39.88536496,32.79749503
"1,864",7/3/2024 3:50:00,Ankara DMA 1-1,"Çiğdem, 1575. Cadde 43A, 06530Ankara, Ankara,
Ankara Türkiye",description_1,46.98,20,5/10/2024 4:59,39.88765702,32.79979395
"1,865",7/3/2024 3:50:00,Ankara DMA 1-2,"Çiğdem, 1071 Malazgirt Bulvarı, 06530Ankara, Ankara,
Ankara Türkiye",description_2,47.66,9,5/10/2024 4:59,39.888736,32.799528
"1,866",7/3/2024 3:50:00,Ankara DMA 1-3,"Çiğdem, 1591. Sokak 11, 06530Ankara, Ankara,
Ankara Türkiye",description_3,33.1,14,5/10/2024 4:59,39.88429001,32.79584398
"1,867",7/3/2024 3:50:00,Ankara DMA 1-4,"Çiğdem, 1550/1. Cadde 2C, 06530Ankara, Ankara,
Ankara Türkiye",description_4,35.77,14,5/10/2024 4:59,39.88905796,32.79525397
"1,868",7/3/2024 3:50:00,Ankara DMA 1-5,"Çiğdem, 1589. Sokak 16, 06530Ankara, Ankara,
Ankara Türkiye",description_5,35.75,9,5/10/2024 4:59,39.88536496,32.79749503
"1,864",7/3/2024 4:00:00,Ankara DMA 1-1,"Çiğdem, 1575. Cadde 43A, 06530Ankara, Ankara,
Ankara Türkiye",description_1,35.87,20,5/10/2024 4:59,39.88765702,32.79979395
"1,865",7/3/2024 4:00:00,Ankara DMA 1-2,"Çiğdem, 1071 Malazgirt Bulvarı, 06530Ankara, Ankara,
Ankara Türkiye",description_2,42.09,9,5/10/2024 4:59,39.888736,32.799528
"1,866",7/3/2024 4:00:00,Ankara DMA 1-3,"Çiğdem, 1591. Sokak 11, 06530Ankara, Ankara,
Ankara Türkiye",description_3,47.27,14,5/10/2024 4:59,39.88429001,32.79584398
"1,867",7/3/2024 4:00:00,Ankara DMA 1-4,"Çiğdem, 1550/1. Cadde 2C, 06530Ankara, Ankara,
Ankara Türkiye",description_4,48.95,14,5/10/2024 4:59,39.88905796,32.79525397
"1,868",7/3/2024 4:00:00,Ankara DMA 1-5,"Çiğdem, 1589. Sokak 16, 06530Ankara, Ankara,
Ankara Türkiye",description_5,45.76,9,5/10/2024 4:59,39.88536496,32.79749503
"1,864",7/3/2024 4:10:00,Ankara DMA 1-1,"Çiğdem, 1575. Cadde 43A, 06530Ankara, Ankara,
Ankara Türkiye",description_1,48.85,20,5/10/2024 4:59,39.88765702,32.79979395
"1,865",7/3/2024 4:10:00,Ankara DMA 1-2,"Çiğdem, 1071 Malazgirt Bulvarı, 06530Ankara, Ankara,
Ankara Türkiye",description_2,43.79,9,5/10/2024 4:59,39.888736,32.799528
"1,866",7/3/2024 4:10:00,Ankara DMA 1-3,"Çiğdem, 1591. Sokak 11, 06530Ankara, Ankara,
Ankara Türkiye",description_3,48.65,14,5/10/2024 4:59,39.88429001,32.79584398
"1,867",7/3/2024 4:10:00,Ankara DMA 1-4,"Çiğdem, 1550/1. Cadde 2C, 06530Ankara, Ankara,
Ankara Türkiye",description_4,30.83,14,5/10/2024 4:59,39.88905796,32.79525397
"1,868",7/3/2024 4:10:00,Ankara DMA 1-5,"Çiğdem, 1589. Sokak 16, 06530Ankara, Ankara,
Ankara Türkiye",description_5,30.02,9,5/10/2024 4:59,39.88536496,32.79749503
"1,864",7/3/2024 4:20:00,Ankara DMA 1-1,"Çiğdem, 1575. Cadde 43A, 06530Ankara, Ankara,
Ankara Türkiye",description_1,43.42,20,5/10/2024 4:59,39.88765702,32.79979395
"1,865",7/3/2024 4:20:00,Ankara DMA 1-2,"Çiğdem, 1071 Malazgirt Bulvarı, 06530Ankara, Ankara,
Ankara Türkiye",description_2,48.94,9,5/10/2024 4:59,39.888736,32.799528
"1,866",7/3/2024 4:20:00,Ankara DMA 1-3,"Çiğdem, 1591. Sokak 11, 06530Ankara, Ankara,
Ankara Türkiye",description_3,32.88,14,5/10/2024 4:59,39.88429001,32.79584398
"1,867",7/3/2024 4:20:00,Ankara DMA 1-4,"Çiğdem, 1550/1. Cadde 2C, 06530Ankara, Ankara,
Ankara Türkiye",description_4,49.93,14,5/10/2024 4:59,39.88905796,32.79525397
"1,868",7/3/2024 4:20:00,Ankara DMA 1-5,"Çiğdem, 1589. Sokak 16, 06530Ankara, Ankara,
Ankara Türkiye",description_5,38.83,9,5/10/2024 4:59,39.88536496,32.79749503
"1,864",7/3/2024 4:30:00,Ankara DMA 1-1,"Çiğdem, 1575. Cadde 43A, 06530Ankara, Ankara,
Ankara Türkiye",description_1,38.05,20,5/10/2024 4:59,39.88765702,32.79979395
"1,865",7/3/2024 4:30:00,Ankara DMA 1-2,"Çiğdem, 1071 Malazgirt Bulvarı, 06530Ankara, Ankara,
Ankara Türkiye",description_2,36.4,9,5/10/2024 4:59,39.888736,32.799528
"1,866",7/3/2024 4:30:00,Ankara DMA 1-3,"Çiğdem, 1591. Sokak 11, 06530Ankara, Ankara,
Ankara Türkiye",description_3,46.89,14,5/10/2024 4:59,39.88429001,32.79584398
"1,867",7/3/2024 4:30:00,Ankara DMA 1-4,"Çiğdem, 1550/1. Cadde 2C, 06530Ankara, Ankara,
Ankara Türkiye",description_4,47.17,14,5/10/2024 4:59,39.88905796,32.79525397
"1,868",7/3/2024 4:30:00,Ankara DMA 1-5,"Çiğdem, 1589. Sokak 16, 06530Ankara, Ankara,
Ankara Türkiye",description_5,33.59,9,5/10/2024 4:59,39.88536496,32.79749503
"1,864",7/3/2024 4:40:00,Ankara DMA 1-1,"Çiğdem, 1575. Cadde 43A, 06530Ankara, Ankara,
Ankara Türkiye",description_1,31.57,20,5/10/2024 4:59,39.88765702,32.79979395
"1,865",7/3/2024 4:40:00,Ankara DMA 1-2,"Çiğdem, 1071 Malazgirt Bulvarı, 06530Ankara, Ankara,
Ankara Türkiye",description_2,32.89,9,5/10/2024 4:59,39.888736,32.799528
"1,866",7/3/2024 4:40:00,Ankara DMA 1-3,"Çiğdem, 1591. Sokak 11, 06530Ankara, Ankara,
Ankara Türkiye",description_3,30.53,14,5/10/2024 4:59,39.88429001,32.79584398
"1,867",7/3/2024 4:40:00,Ankara DMA 1-4,"Çiğdem, 1550/1. Cadde 2C, 06530Ankara, Ankara,
Ankara Türkiye",description_4,38.7,14,5/10/2024 4:59,39.88905796,32.79525397
"1,868",7/3/2024 4:40:00,Ankara DMA 1-5,"Çiğdem, 1589. Sokak 16, 06530Ankara, Ankara,
Ankara Türkiye",description_5,37.44,9,5/10/2024 4:59,39.88536496,32.79749503
"1,864",7/3/2024 4:50:00,Ankara DMA 1-1,"Çiğdem, 1575. Cadde 43A, 06530Ankara, Ankara,
Ankara Türkiye",description_1,48.66,20,5/10/2024 4:59,39.88765702,32.79979395
"1,865",7/3/2024 4:50:00,Ankara DMA 1-2,"Çiğdem, 1071 Malazgirt Bulvarı, 06530Ankara, Ankara,
Ankara Türkiye",description_2,46.67,9,5/10/2024 4:59,39.888736,32.799528
"1,866",7/3/2024 4:50:00,Ankara DMA 1-3,"Çiğdem, 1591. Sokak 11, 06530Ankara, Ankara,
Ankara Türkiye",description_3,45.44,14,5/10/2024 4:59,39.88429001,32.79584398
"1,867",7/3/2024 4:50:00,Ankara DMA 1-4,"Çiğdem, 1550/1. Cadde 2C, 06530Ankara, Ankara,
Ankara Türkiye",description_4,35.67,14,5/10/2024 4:59,39.88905796,32.79525397
"1,868",7/3/2024 4:50:00,Ankara DMA 1-5,"Çiğdem, 1589. Sokak 16, 06530Ankara, Ankara,
Ankara Türkiye",description_5,44.17,9,5/10/2024 4:59,39.88536496,32.79749503
"1,864",7/3/2024 5:00:00,Ankara DMA 1-1,"Çiğdem, 1575. Cadde 43A, 06530Ankara, Ankara,
Ankara Türkiye",description_1,34.56,20,5/10/2024 4:59,39.88765702,32.79979395
"1,865",7/3/2024 5:00:00,Ankara DMA 1-2,"Çiğdem, 1071 Malazgirt Bulvarı, 06530Ankara, Ankara,
Ankara Türkiye",description_2,32.92,9,5/10/2024 4:59,39.888736,32.799528
"1,866",7/3/2024 5:00:00,Ankara DMA 1-3,"Çiğdem, 1591. Sokak 11, 06530Ankara, Ankara,
Ankara Türkiye",description_3,38.58,14,5/10/2024 4:59,39.88429001,32.79584398
"1,867",7/3/2024 5:00:00,Ankara DMA 1-4,"Çiğdem, 1550/1. Cadde 2C, 06530Ankara, Ankara,
Ankara Türkiye",description_4,49.82,14,5/10/2024 4:59,39.88905796,32.79525397
"1,868",7/3/2024 5:00:00,Ankara DMA 1-5,"Çiğdem, 1589. Sokak 16, 06530Ankara, Ankara,
Ankara Türkiye",description_5,36.57,9,5/10/2024 4:59,39.88536496,32.79749503
"1,864",7/3/2024 5:10:00,Ankara DMA 1-1,"Çiğdem, 1575. Cadde 43A, 06530Ankara, Ankara,
Ankara Türkiye",description_1,41.99,20,5/10/2024 4:59,39.88765702,32.79979395
"1,865",7/3/2024 5:10:00,Ankara DMA 1-2,"Çiğdem, 1071 Malazgirt Bulvarı, 06530Ankara, Ankara,
Ankara Türkiye",description_2,44.59,9,5/10/2024 4:59,39.888736,32.799528
"1,866",7/3/2024 5:10:00,Ankara DMA 1-3,"Çiğdem, 1591. Sokak 11, 06530Ankara, Ankara,
Ankara Türkiye",description_3,42.32,14,5/10/2024 4:59,39.88429001,32.79584398
"1,867",7/3/2024 5:10:00,Ankara DMA 1-4,"Çiğdem, 1550/1. Cadde 2C, 06530Ankara, Ankara,
Ankara Türkiye",description_4,42.87,14,5/10/2024 4:59,39.88905796,32.79525397
"1,868",7/3/2024 5:10:00,Ankara DMA 1-5,"Çiğdem, 1589. Sokak 16, 06530Ankara, Ankara,
Ankara Türkiye",description_5,46.69,9,5/10/2024 4:59,39.88536496,32.79749503
"1,864",7/3/2024 5:20:00,Ankara DMA 1-1,"Çiğdem, 1575. Cadde 43A, 06530Ankara, Ankara,
Ankara Türkiye",description_1,41.33,20,5/10/2024 4:59,39.88765702,32.79979395
"1,865",7/3/2024 5:20:00,Ankara DMA 1-2,"Çiğdem, 1071 Malazgirt Bulvarı, 06530Ankara, Ankara,
Ankara Türkiye",description_2,42.26,9,5/10/2024 4:59,39.888736,32.799528
"1,866",7/3/2024 5:20:00,Ankara DMA 1-3,"Çiğdem, 1591. Sokak 11, 06530Ankara, Ankara,
Ankara Türkiye",description_3,33.72,14,5/10/2024 4:59,39.88429001,32.79584398
"1,867",7/3/2024 5:20:00,Ankara DMA 1-4,"Çiğdem, 1550/1. Cadde 2C, 06530Ankara, Ankara,
Ankara Türkiye",description_4,39.03,14,5/10/2024 4:59,39.88905796,32.79525397
"1,868",7/3/2024 5:20:00,Ankara DMA 1-5,"Çiğdem, 1589. Sokak 16, 06530Ankara, Ankara,
Ankara Türkiye",description_5,39.9,9,5/10/2024 4:59,39.88536496,32.79749503
"1,864",7/3/2024 5:30:00,Ankara DMA 1-1,"Çiğdem, 1575. Cadde 43A, 06530Ankara, Ankara,
Ankara Türkiye",description_1,43.13,20,5/10/2024 4:59,39.88765702,32.79979395
"1,865",7/3/2024 5:30:00,Ankara DMA 1-2,"Çiğdem, 1071 Malazgirt Bulvarı, 06530Ankara, Ankara,
Ankara Türkiye",description_2,35.95,9,5/10/2024 4:59,39.888736,32.799528
"1,866",7/3/2024 5:30:00,Ankara DMA 1-3,"Çiğdem, 1591. Sokak 11, 06530Ankara, Ankara,
Ankara Türkiye",description_3,46.09,14,5/10/2024 4:59,39.88429001,32.79584398
"1,867",7/3/2024 5:30:00,Ankara DMA 1-4,"Çiğdem, 1550/1. Cadde 2C, 06530Ankara, Ankara,
Ankara Türkiye",description_4,41.73,14,5/10/2024 4:59,39.88905796,32.79525397
"1,868",7/3/2024 5:30:00,Ankara DMA 1-5,"Çiğdem, 1589. Sokak 16, 06530Ankara, Ankara,
Ankara Türkiye",description_5,36.34,9,5/10/2024 4:59,39.88536496,32.79749503
"1,864",7/3/2024 5:40:00,Ankara DMA 1-1,"Çiğdem, 1575. Cadde 43A, 06530Ankara, Ankara,
Ankara Türkiye",description_1,33.5,20,5/10/2024 4:59,39.88765702,32.79979395
"1,865",7/3/2024 5:40:00,Ankara DMA 1-2,"Çiğdem, 1071 Malazgirt Bulvarı, 06530Ankara, Ankara,
Ankara Türkiye",description_2,47.41,9,5/10/2024 4:59,39.888736,32.799528
"1,866",7/3/2024 5:40:00,Ankara DMA 1-3,"Çiğdem, 1591. Sokak 11, 06530Ankara, Ankara,
Ankara Türkiye",description_3,37.76,14,5/10/2024 4:59,39.88429001,32.79584398
"1,867",7/3/2024 5:40:00,Ankara DMA 1-4,"Çiğdem, 1550/1. Cadde 2C, 06530Ankara, Ankara,
Ankara Türkiye",description_4,44.27,14,5/10/2024 4:59,39.88905796,32.79525397
"1,868",7/3/2024 5:40:00,Ankara DMA 1-5,"Çiğdem, 1589. Sokak 16, 06530Ankara, Ankara,
Ankara Türkiye",description_5,48.22,9,5/10/2024 4:59,39.88536496,32.79749503
"1,864",7/3/2024 5:50:00,Ankara DMA 1-1,"Çiğdem, 1575. Cadde 43A, 06530Ankara, Ankara,
Ankara Türkiye",description_1,33.67,20,5/10/2024 4:59,39.88765702,32.79979395
"1,865",7/3/2024 5:50:00,Ankara DMA 1-2,"Çiğdem, 1071 Malazgirt Bulvarı, 06530Ankara, Ankara,
Ankara Türkiye",description_2,30.39,9,5/10/2024 4:59,39.888736,32.799528
"1,866",7/3/2024 5:50:00,Ankara DMA 1-3,"Çiğdem, 1591. Sokak 11, 06530Ankara, Ankara,
Ankara Türkiye",description_3,46.82,14,5/10/2024 4:59,39.88429001,32.79584398
"1,867",7/3/2024 5:50:00,Ankara DMA 1-4,"Çiğdem, 1550/1. Cadde 2C, 06530Ankara, Ankara,
Ankara Türkiye",description_4,45.54,14,5/10/2024 4:59,39.88905796,32.79525397
"1,868",7/3/2024 5:50:00,Ankara DMA 1-5,"Çiğdem, 1589. Sokak 16, 06530Ankara, Ankara,
Ankara Türkiye",description_5,39.92,9,5/10/2024 4:59,39.88536496,32.79749503
"1,864",7/3/2024 6:00:00,Ankara DMA 1-1,"Çiğdem, 1575. Cadde 43A, 06530Ankara, Ankara,
Ankara Türkiye",description_1,45.74,20,5/10/2024 4:59,39.88765702,32.79979395
"1,865",7/3/2024 6:00:00,Ankara DMA 1-2,"Çiğdem, 1071 Malazgirt Bulvarı, 06530Ankara, Ankara,
Ankara Türkiye",description_2,32.57,9,5/10/2024 4:59,39.888736,32.799528
"1,866",7/3/2024 6:00:00,Ankara DMA 1-3,"Çiğdem, 1591. Sokak 11, 06530Ankara, Ankara,
Ankara Türkiye",description_3,32.77,14,5/10/2024 4:59,39.88429001,32.79584398
"1,867",7/3/2024 6:00:00,Ankara DMA 1-4,"Çiğdem, 1550/1. Cadde 2C, 06530Ankara, Ankara,
Ankara Türkiye",description_4,39.55,14,5/10/2024 4:59,39.88905796,32.79525397
"1,868",7/3/2024 6:00:00,Ankara DMA 1-5,"Çiğdem, 1589. Sokak 16, 06530Ankara, Ankara,
Ankara Türkiye",description_5,42.7,9,5/10/2024 4:59,39.88536496,32.79749503
"1,864",7/3/2024 6:10:00,Ankara DMA 1-1,"Çiğdem, 1575. Cadde 43A, 06530Ankara, Ankara,
Ankara Türkiye",description_1,35.52,20,5/10/2024 4:59,39.88765702,32.79979395
"1,865",7/3/2024 6:10:00,Ankara DMA 1-2,"Çiğdem, 1071 Malazgirt Bulvarı, 06530Ankara, Ankara,
Ankara Türkiye",description_2,40.15,9,5/10/2024 4:59,39.888736,32.799528
"1,866",7/3/2024 6:10:00,Ankara DMA 1-3,"Çiğdem, 1591. Sokak 11, 06530Ankara, Ankara,
Ankara Türkiye",description_3,47.47,14,5/10/2024 4:59,39.88429001,32.79584398
"1,867",7/3/2024 6:10:00,Ankara DMA 1-4,"Çiğdem, 1550/1. Cadde 2C, 06530Ankara, Ankara,
Ankara Türkiye",description_4,36.82,14,5/10/2024 4:59,39.88905796,32.79525397
"1,868",7/3/2024 6:10:00,Ankara DMA 1-5,"Çiğdem, 1589. Sokak 16, 06530Ankara, Ankara,
Ankara Türkiye",description_5,30.52,9,5/10/2024 4:59,39.88536496,32.79749503
"1,864",7/3/2024 6:20:00,Ankara DMA 1-1,"Çiğdem, 1575. Cadde 43A, 06530Ankara, Ankara,
Ankara Türkiye",description_1,32.09,20,5/10/2024 4:59,39.88765702,32.79979395
"1,865",7/3/2024 6:20:00,Ankara DMA 1-2,"Çiğdem, 1071 Malazgirt Bulvarı, 06530Ankara, Ankara,
Ankara Türkiye",description_2,39.8,9,5/10/2024 4:59,39.888736,32.799528
"1,866",7/3/2024 6:20:00,Ankara DMA 1-3,"Çiğdem, 1591. Sokak 11, 06530Ankara, Ankara,
Ankara Türkiye",description_3,40.31,14,5/10/2024 4:59,39.88429001,32.79584398
"1,867",7/3/2024 6:20:00,Ankara DMA 1-4,"Çiğdem, 1550/1. Cadde 2C, 06530Ankara, Ankara,
Ankara Türkiye",description_4,33.69,14,5/10/2024 4:59,39.88905796,32.79525397
"1,868",7/3/2024 6:20:00,Ankara DMA 1-5,"Çiğdem, 1589. Sokak 16, 06530Ankara, Ankara,
Ankara Türkiye",description_5,36.37,9,5/10/2024 4:59,39.88536496,32.79749503
"1,864",7/3/2024 6:30:00,Ankara DMA 1-1,"Çiğdem, 1575. Cadde 43A, 06530Ankara, Ankara,
Ankara Türkiye",description_1,48.66,20,5/10/2024 4:59,39.88765702,32.79979395
"1,865",7/3/2024 6:30:00,Ankara DMA 1-2,"Çiğdem, 1071 Malazgirt Bulvarı, 06530Ankara, Ankara,
Ankara Türkiye",description_2,38.67,9,5/10/2024 4:59,39.888736,32.799528
"1,866",7/3/2024 6:30:00,Ankara DMA 1-3,"Çiğdem, 1591. Sokak 11, 06530Ankara, Ankara,
Ankara Türkiye",description_3,34.96,14,5/10/2024 4:59,39.88429001,32.79584398
"1,867",7/3/2024 6:30:00,Ankara DMA 1-4,"Çiğdem, 1550/1. Cadde 2C, 06530Ankara, Ankara,
Ankara Türkiye",description_4,39.03,14,5/10/2024 4:59,39.88905796,32.79525397
"1,868",7/3/2024 6:30:00,Ankara DMA 1-5,"Çiğdem, 1589. Sokak 16, 06530Ankara, Ankara,
Ankara Türkiye",description_5,41.46,9,5/10/2024 4:59,39.88536496,32.79749503
"1,864",7/3/2024 6:40:00,Ankara DMA 1-1,"Çiğdem, 1575. Cadde 43A, 06530Ankara, Ankara,
Ankara Türkiye",description_1,45.75,20,5/10/2024 4:59,39.88765702,32.79979395
"1,865",7/3/2024 6:40:00,Ankara DMA 1-2,"Çiğdem, 1071 Malazgirt Bulvarı, 06530Ankara, Ankara,
Ankara Türkiye",description_2,43.88,9,5/10/2024 4:59,39.888736,32.799528
"1,866",7/3/2024 6:40:00,Ankara DMA 1-3,"Çiğdem, 1591. Sokak 11, 06530Ankara, Ankara,
Ankara Türkiye",description_3,32.78,14,5/10/2024 4:59,39.88429001,32.79584398
"1,867",7/3/2024 6:40:00,Ankara DMA 1-4,"Çiğdem, 1550/1. Cadde 2C, 06530Ankara, Ankara,
Ankara Türkiye",description_4,45.32,14,5/10/2024 4:59,39.88905796,32.79525397
"1,868",7/3/2024 6:40:00,Ankara DMA 1-5,"Çiğdem, 1589. Sokak 16, 06530Ankara, Ankara,
Ankara Türkiye",description_5,38.93,9,5/10/2024 4:59,39.88536496,32.79749503
"1,864",7/3/2024 6:50:00,Ankara DMA 1-1,"Çiğdem, 1575. Cadde 43A, 06530Ankara, Ankara,
Ankara Türkiye",description_1,36.3,20,5/10/2024 4:59,39.88765702,32.79979395
"1,865",7/3/2024 6:50:00,Ankara DMA 1-2,"Çiğdem, 1071 Malazgirt Bulvarı, 06530Ankara, Ankara,
Ankara Türkiye",description_2,49.24,9,5/10/2024 4:59,39.888736,32.799528
"1,866",7/3/2024 6:50:00,Ankara DMA 1-3,"Çiğdem, 1591. Sokak 11, 06530Ankara, Ankara,
Ankara Türkiye",description_3,46.36,14,5/10/2024 4:59,39.88429001,32.79584398
"1,867",7/3/2024 6:50:00,Ankara DMA 1-4,"Çiğdem, 1550/1. Cadde 2C, 06530Ankara, Ankara,
Ankara Türkiye",description_4,49.4,14,5/10/2024 4:59,39.88905796,32.79525397
"1,868",7/3/2024 6:50:00,Ankara DMA 1-5,"Çiğdem, 1589. Sokak 16, 06530Ankara, Ankara,
Ankara Türkiye",description_5,33.65,9,5/10/2024 4:59,39.88536496,32.79749503
"1,864",7/3/2024 7:00:00,Ankara DMA 1-1,"Çiğdem, 1575. Cadde 43A, 06530Ankara, Ankara,
Ankara Türkiye",description_1,35.22,20,5/10/2024 4:59,39.88765702,32.79979395
"1,865",7/3/2024 7:00:00,Ankara DMA 1-2,"Çiğdem, 1071 Malazgirt Bulvarı, 06530Ankara, Ankara,
Ankara Türkiye",description_2,32.53,9,5/10/2024 4:59,39.888736,32.799528
"1,866",7/3/2024 7:00:00,Ankara DMA 1-3,"Çiğdem, 1591. Sokak 11, 06530Ankara, Ankara,
Ankara Türkiye",description_3,34.61,14,5/10/2024 4:59,39.88429001,32.79584398
"1,867",7/3/2024 7:00:00,Ankara DMA 1-4,"Çiğdem, 1550/1. Cadde 2C, 06530Ankara, Ankara,
Ankara Türkiye",description_4,34.7,14,5/10/2024 4:59,39.88905796,32.79525397
"1,868",7/3/2024 7:00:00,Ankara DMA 1-5,"Çiğdem, 1589. Sokak 16, 06530Ankara, Ankara,
Ankara Türkiye",description_5,31.99,9,5/10/2024 4:59,39.88536496,32.79749503
"1,864",7/3/2024 7:10:00,Ankara DMA 1-1,"Çiğdem, 1575. Cadde 43A, 06530Ankara, Ankara,
Ankara Türkiye",description_1,32.7,20,5/10/2024 4:59,39.88765702,32.79979395
"1,865",7/3/2024 7:10:00,Ankara DMA 1-2,"Çiğdem, 1071 Malazgirt Bulvarı, 06530Ankara, Ankara,
Ankara Türkiye",description_2,33.06,9,5/10/2024 4:59,39.888736,32.799528
"1,866",7/3/2024 7:10:00,Ankara DMA 1-3,"Çiğdem, 1591. Sokak 11, 06530Ankara, Ankara,
Ankara Türkiye",description_3,35.5,14,5/10/2024 4:59,39.88429001,32.79584398
"1,867",7/3/2024 7:10:00,Ankara DMA 1-4,"Çiğdem, 1550/1. Cadde 2C, 06530Ankara, Ankara,
Ankara Türkiye",description_4,48.44,14,5/10/2024 4:59,39.88905796,32.79525397
"1,868",7/3/2024 7:10:00,Ankara DMA 1-5,"Çiğdem, 1589. Sokak 16, 06530Ankara, Ankara,
Ankara Türkiye",description_5,35.41,9,5/10/2024 4:59,39.88536496,32.79749503
"1,864",7/3/2024 7:20:00,Ankara DMA 1-1,"Çiğdem, 1575. Cadde 43A, 06530Ankara, Ankara,
Ankara Türkiye",description_1,38.58,20,5/10/2024 4:59,39.88765702,32.79979395
"1,865",7/3/2024 7:20:00,Ankara DMA 1-2,"Çiğdem, 1071 Malazgirt Bulvarı, 06530Ankara, Ankara,
Ankara Türkiye",description_2,32.03,9,5/10/2024 4:59,39.888736,32.799528
"1,866",7/3/2024 7:20:00,Ankara DMA 1-3,"Çiğdem, 1591. Sokak 11, 06530Ankara, Ankara,
Ankara Türkiye",description_3,33.93,14,5/10/2024 4:59,39.88429001,32.79584398
"1,867",7/3/2024 7:20:00,Ankara DMA 1-4,"Çiğdem, 1550/1. Cadde 2C, 06530Ankara, Ankara,
Ankara Türkiye",description_4,41.9,14,5/10/2024 4:59,39.88905796,32.79525397
"1,868",7/3/2024 7:20:00,Ankara DMA 1-5,"Çiğdem, 1589. Sokak 16, 06530Ankara, Ankara,
Ankara Türkiye",description_5,49.85,9,5/10/2024 4:59,39.88536496,32.79749503
"1,864",7/3/2024 7:30:00,Ankara DMA 1-1,"Çiğdem, 1575. Cadde 43A, 06530Ankara, Ankara,
Ankara Türkiye",description_1,44.62,20,5/10/2024 4:59,39.88765702,32.79979395
"1,865",7/3/2024 7:30:00,Ankara DMA 1-2,"Çiğdem, 1071 Malazgirt Bulvarı, 06530Ankara, Ankara,
Ankara Türkiye",description_2,43.09,9,5/10/2024 4:59,39.888736,32.799528
"1,866",7/3/2024 7:30:00,Ankara DMA 1-3,"Çiğdem, 1591. Sokak 11, 06530Ankara, Ankara,
Ankara Türkiye",description_3,45.4,14,5/10/2024 4:59,39.88429001,32.79584398
"1,867",7/3/2024 7:30:00,Ankara DMA 1-4,"Çiğdem, 1550/1. Cadde 2C, 06530Ankara, Ankara,
Ankara Türkiye",description_4,43.24,14,5/10/2024 4:59,39.88905796,32.79525397
"1,868",7/3/2024 7:30:00,Ankara DMA 1-5,"Çiğdem, 1589. Sokak 16, 06530Ankara, Ankara,
Ankara Türkiye",description_5,41.79,9,5/10/2024 4:59,39.88536496,32.79749503
"1,864",7/3/2024 7:40:00,Ankara DMA 1-1,"Çiğdem, 1575. Cadde 43A, 06530Ankara, Ankara,
Ankara Türkiye",description_1,38.19,20,5/10/2024 4:59,39.88765702,32.79979395
"1,865",7/3/2024 7:40:00,Ankara DMA 1-2,"Çiğdem, 1071 Malazgirt Bulvarı, 06530Ankara, Ankara,
Ankara Türkiye",description_2,30.27,9,5/10/2024 4:59,39.888736,32.799528
"1,866",7/3/2024 7:40:00,Ankara DMA 1-3,"Çiğdem, 1591. Sokak 11, 06530Ankara, Ankara,
Ankara Türkiye",description_3,34.39,14,5/10/2024 4:59,39.88429001,32.79584398
"1,867",7/3/2024 7:40:00,Ankara DMA 1-4,"Çiğdem, 1550/1. Cadde 2C, 06530Ankara, Ankara,
Ankara Türkiye",description_4,37.3,14,5/10/2024 4:59,39.88905796,32.79525397
"1,868",7/3/2024 7:40:00,Ankara DMA 1-5,"Çiğdem, 1589. Sokak 16, 06530Ankara, Ankara,
Ankara Türkiye",description_5,46.03,9,5/10/2024 4:59,39.88536496,32.79749503
"1,864",7/3/2024 7:50:00,Ankara DMA 1-1,"Çiğdem, 1575. Cadde 43A, 06530Ankara, Ankara,
Ankara Türkiye",description_1,32.35,20,5/10/2024 4:59,39.88765702,32.79979395
"1,865",7/3/2024 7:50:00,Ankara DMA 1-2,"Çiğdem, 1071 Malazgirt Bulvarı, 06530Ankara, Ankara,
Ankara Türkiye",description_2,37.54,9,5/10/2024 4:59,39.888736,32.799528
"1,866",7/3/2024 7:50:00,Ankara DMA 1-3,"Çiğdem, 1591. Sokak 11, 06530Ankara, Ankara,
Ankara Türkiye",description_3,41.89,14,5/10/2024 4:59,39.88429001,32.79584398
"1,867",7/3/2024 7:50:00,Ankara DMA 1-4,"Çiğdem, 1550/1. Cadde 2C, 06530Ankara, Ankara,
Ankara Türkiye",description_4,34.7,14,5/10/2024 4:59,39.88905796,32.79525397
"1,868",7/3/2024 7:50:00,Ankara DMA 1-5,"Çiğdem, 1589. Sokak 16, 06530Ankara, Ankara,
Ankara Türkiye",description_5,44.15,9,5/10/2024 4:59,39.88536496,32.79749503
"1,864",7/3/2024 8:00:00,Ankara DMA 1-1,"Çiğdem, 1575. Cadde 43A, 06530Ankara, Ankara,
Ankara Türkiye",description_1,41.85,20,5/10/2024 4:59,39.88765702,32.79979395
"1,865",7/3/2024 8:00:00,Ankara DMA 1-2,"Çiğdem, 1071 Malazgirt Bulvarı, 06530Ankara, Ankara,
Ankara Türkiye",description_2,40.37,9,5/10/2024 4:59,39.888736,32.799528
"1,866",7/3/2024 8:00:00,Ankara DMA 1-3,"Çiğdem, 1591. Sokak 11, 06530Ankara, Ankara,
Ankara Türkiye",description_3,41.43,14,5/10/2024 4:59,39.88429001,32.79584398
"1,867",7/3/2024 8:00:00,Ankara DMA 1-4,"Çiğdem, 1550/1. Cadde 2C, 06530Ankara, Ankara,
Ankara Türkiye",description_4,45.08,14,5/10/2024 4:59,39.88905796,32.79525397
"1,868",7/3/2024 8:00:00,Ankara DMA 1-5,"Çiğdem, 1589. Sokak 16, 06530Ankara, Ankara,
Ankara Türkiye",description_5,42.35,9,5/10/2024 4:59,39.88536496,32.79749503
"1,864",7/3/2024 8:10:00,Ankara DMA 1-1,"Çiğdem, 1575. Cadde 43A, 06530Ankara, Ankara,
Ankara Türkiye",description_1,43.49,20,5/10/2024 4:59,39.88765702,32.79979395
"1,865",7/3/2024 8:10:00,Ankara DMA 1-2,"Çiğdem, 1071 Malazgirt Bulvarı, 06530Ankara, Ankara,
Ankara Türkiye",description_2,38.03,9,5/10/2024 4:59,39.888736,32.799528
"1,866",7/3/2024 8:10:00,Ankara DMA 1-3,"Çiğdem, 1591. Sokak 11, 06530Ankara, Ankara,
Ankara Türkiye",description_3,34.08,14,5/10/2024 4:59,39.88429001,32.79584398
"1,867",7/3/2024 8:10:00,Ankara DMA 1-4,"Çiğdem, 1550/1. Cadde 2C, 06530Ankara, Ankara,
Ankara Türkiye",description_4,46.99,14,5/10/2024 4:59,39.88905796,32.79525397
"1,868",7/3/2024 8:10:00,Ankara DMA 1-5,"Çiğdem, 1589. Sokak 16, 06530Ankara, Ankara,
Ankara Türkiye",description_5,44.54,9,5/10/2024 4:59,39.88536496,32.79749503
"1,864",7/3/2024 8:20:00,Ankara DMA 1-1,"Çiğdem, 1575. Cadde 43A, 06530Ankara, Ankara,
Ankara Türkiye",description_1,46.47,20,5/10/2024 4:59,39.88765702,32.79979395
"1,865",7/3/2024 8:20:00,Ankara DMA 1-2,"Çiğdem, 1071 Malazgirt Bulvarı, 06530Ankara, Ankara,
Ankara Türkiye",description_2,31.3,9,5/10/2024 4:59,39.888736,32.799528
"1,866",7/3/2024 8:20:00,Ankara DMA 1-3,"Çiğdem, 1591. Sokak 11, 06530Ankara, Ankara,
Ankara Türkiye",description_3,36.39,14,5/10/2024 4:59,39.88429001,32.79584398
"1,867",7/3/2024 8:20:00,Ankara DMA 1-4,"Çiğdem, 1550/1. Cadde 2C, 06530Ankara, Ankara,
Ankara Türkiye",description_4,30.77,14,5/10/2024 4:59,39.88905796,32.79525397
"1,868",7/3/2024 8:20:00,Ankara DMA 1-5,"Çiğdem, 1589. Sokak 16, 06530Ankara, Ankara,
Ankara Türkiye",description_5,37.5,9,5/10/2024 4:59,39.88536496,32.79749503
"1,864",7/3/2024 8:30:00,Ankara DMA 1-1,"Çiğdem, 1575. Cadde 43A, 06530Ankara, Ankara,
Ankara Türkiye",description_1,44.14,20,5/10/2024 4:59,39.88765702,32.79979395
"1,865",7/3/2024 8:30:00,Ankara DMA 1-2,"Çiğdem, 1071 Malazgirt Bulvarı, 06530Ankara, Ankara,
Ankara Türkiye",description_2,35.42,9,5/10/2024 4:59,39.888736,32.799528
"1,866",7/3/2024 8:30:00,Ankara DMA 1-3,"Çiğdem, 1591. Sokak 11, 06530Ankara, Ankara,
Ankara Türkiye",description_3,32.28,14,5/10/2024 4:59,39.88429001,32.79584398
"1,867",7/3/2024 8:30:00,Ankara DMA 1-4,"Çiğdem, 1550/1. Cadde 2C, 06530Ankara, Ankara,
Ankara Türkiye",description_4,30.1,14,5/10/2024 4:59,39.88905796,32.79525397
"1,868",7/3/2024 8:30:00,Ankara DMA 1-5,"Çiğdem, 1589. Sokak 16, 06530Ankara, Ankara,
Ankara Türkiye",description_5,40.27,9,5/10/2024 4:59,39.88536496,32.79749503
"1,864",7/3/2024 8:40:00,Ankara DMA 1-1,"Çiğdem, 1575. Cadde 43A, 06530Ankara, Ankara,
Ankara Türkiye",description_1,49.51,20,5/10/2024 4:59,39.88765702,32.79979395
"1,865",7/3/2024 8:40:00,Ankara DMA 1-2,"Çiğdem, 1071 Malazgirt Bulvarı, 06530Ankara, Ankara,
Ankara Türkiye",description_2,39.03,9,5/10/2024 4:59,39.888736,32.799528
"1,866",7/3/2024 8:40:00,Ankara DMA 1-3,"Çiğdem, 1591. Sokak 11, 06530Ankara, Ankara,
Ankara Türkiye",description_3,35.71,14,5/10/2024 4:59,39.88429001,32.79584398
"1,867",7/3/2024 8:40:00,Ankara DMA 1-4,"Çiğdem, 1550/1. Cadde 2C, 06530Ankara, Ankara,
Ankara Türkiye",description_4,30.51,14,5/10/2024 4:59,39.88905796,32.79525397
"1,868",7/3/2024 8:40:00,Ankara DMA 1-5,"Çiğdem, 1589. Sokak 16, 06530Ankara, Ankara,
Ankara Türkiye",description_5,46.23,9,5/10/2024 4:59,39.88536496,32.79749503
"1,864",7/3/2024 8:50:00,Ankara DMA 1-1,"Çiğdem, 1575. Cadde 43A, 06530Ankara, Ankara,
Ankara Türkiye",description_1,48.29,20,5/10/2024 4:59,39.88765702,32.79979395
"1,865",7/3/2024 8:50:00,Ankara DMA 1-2,"Çiğdem, 1071 Malazgirt Bulvarı, 06530Ankara, Ankara,
Ankara Türkiye",description_2,43.4,9,5/10/2024 4:59,39.888736,32.799528
"1,866",7/3/2024 8:50:00,Ankara DMA 1-3,"Çiğdem, 1591. Sokak 11, 06530Ankara, Ankara,
Ankara Türkiye",description_3,46.3,14,5/10/2024 4:59,39.88429001,32.79584398
"1,867",7/3/2024 8:50:00,Ankara DMA 1-4,"Çiğdem, 1550/1. Cadde 2C, 06530Ankara, Ankara,
Ankara Türkiye",description_4,48.5,14,5/10/2024 4:59,39.88905796,32.79525397
"1,868",7/3/2024 8:50:00,Ankara DMA 1-5,"Çiğdem, 1589. Sokak 16, 06530Ankara, Ankara,
Ankara Türkiye",description_5,47.18,9,5/10/2024 4:59,39.88536496,32.79749503
"1,864",7/3/2024 9:00:00,Ankara DMA 1-1,"Çiğdem, 1575. Cadde 43A, 06530Ankara, Ankara,
Ankara Türkiye",description_1,40.2,20,5/10/2024 4:59,39.88765702,32.79979395
"1,865",7/3/2024 9:00:00,Ankara DMA 1-2,"Çiğdem, 1071 Malazgirt Bulvarı, 06530Ankara, Ankara,
Ankara Türkiye",description_2,38.28,9,5/10/2024 4:59,39.888736,32.799528
"1,866",7/3/2024 9:00:00,Ankara DMA 1-3,"Çiğdem, 1591. Sokak 11, 06530Ankara, Ankara,
Ankara Türkiye",description_3,33.91,14,5/10/2024 4:59,39.88429001,32.79584398
"1,867",7/3/2024 9:00:00,Ankara DMA 1-4,"Çiğdem, 1550/1. Cadde 2C, 06530Ankara, Ankara,
Ankara Türkiye",description_4,37.02,14,5/10/2024 4:59,39.88905796,32.79525397
"1,868",7/3/2024 9:00:00,Ankara DMA 1-5,"Çiğdem, 1589. Sokak 16, 06530Ankara, Ankara,
Ankara Türkiye",description_5,39.83,9,5/10/2024 4:59,39.88536496,32.79749503
"1,864",7/3/2024 9:10:00,Ankara DMA 1-1,"Çiğdem, 1575. Cadde 43A, 06530Ankara, Ankara,
Ankara Türkiye",description_1,48.82,20,5/10/2024 4:59,39.88765702,32.79979395
"1,865",7/3/2024 9:10:00,Ankara DMA 1-2,"Çiğdem, 1071 Malazgirt Bulvarı, 06530Ankara, Ankara,
Ankara Türkiye",description_2,37.98,9,5/10/2024 4:59,39.888736,32.799528
"1,866",7/3/2024 9:10:00,Ankara DMA 1-3,"Çiğdem, 1591. Sokak 11, 06530Ankara, Ankara,
Ankara Türkiye",description_3,31.98,14,5/10/2024 4:59,39.88429001,32.79584398
"1,867",7/3/2024 9:10:00,Ankara DMA 1-4,"Çiğdem, 1550/1. Cadde 2C, 06530Ankara, Ankara,
Ankara Türkiye",description_4,33.42,14,5/10/2024 4:59,39.88905796,32.79525397
"1,868",7/3/2024 9:10:00,Ankara DMA 1-5,"Çiğdem, 1589. Sokak 16, 06530Ankara, Ankara,
Ankara Türkiye",description_5,30.32,9,5/10/2024 4:59,39.88536496,32.79749503
"1,864",7/3/2024 9:20:00,Ankara DMA 1-1,"Çiğdem, 1575. Cadde 43A, 06530Ankara, Ankara,
Ankara Türkiye",description_1,33.84,20,5/10/2024 4:59,39.88765702,32.79979395
"1,865",7/3/2024 9:20:00,Ankara DMA 1-2,"Çiğdem, 1071 Malazgirt Bulvarı, 06530Ankara, Ankara,
Ankara Türkiye",description_2,44.1,9,5/10/2024 4:59,39.888736,32.799528
"1,866",7/3/2024 9:20:00,Ankara DMA 1-3,"Çiğdem, 1591. Sokak 11, 06530Ankara, Ankara,
Ankara Türkiye",description_3,47.85,14,5/10/2024 4:59,39.88429001,32.79584398
"1,867",7/3/2024 9:20:00,Ankara DMA 1-4,"Çiğdem, 1550/1. Cadde 2C, 06530Ankara, Ankara,
Ankara Türkiye",description_4,42.77,14,5/10/2024 4:59,39.88905796,32.79525397
"1,868",7/3/2024 9:20:00,Ankara DMA 1-5,"Çiğdem, 1589. Sokak 16, 06530Ankara, Ankara,
Ankara Türkiye",description_5,33.79,9,5/10/2024 4:59,39.88536496,32.79749503
"1,864",7/3/2024 9:30:00,Ankara DMA 1-1,"Çiğdem, 1575. Cadde 43A, 06530Ankara, Ankara,
Ankara Türkiye",description_1,44.76,20,5/10/2024 4:59,39.88765702,32.79979395
"1,865",7/3/2024 9:30:00,Ankara DMA 1-2,"Çiğdem, 1071 Malazgirt Bulvarı, 06530Ankara, Ankara,
Ankara Türkiye",description_2,30.99,9,5/10/2024 4:59,39.888736,32.799528
"1,866",7/3/2024 9:30:00,Ankara DMA 1-3,"Çiğdem, 1591. Sokak 11, 06530Ankara, Ankara,
Ankara Türkiye",description_3,34.29,14,5/10/2024 4:59,39.88429001,32.79584398
"1,867",7/3/2024 9:30:00,Ankara DMA 1-4,"Çiğdem, 1550/1. Cadde 2C, 06530Ankara, Ankara,
Ankara Türkiye",description_4,31.46,14,5/10/2024 4:59,39.88905796,32.79525397
"1,868",7/3/2024 9:30:00,Ankara DMA 1-5,"Çiğdem, 1589. Sokak 16, 06530Ankara, Ankara,
Ankara Türkiye",description_5,37.34,9,5/10/2024 4:59,39.88536496,32.79749503
"1,864",7/3/2024 9:40:00,Ankara DMA 1-1,"Çiğdem, 1575. Cadde 43A, 06530Ankara, Ankara,
Ankara Türkiye",description_1,47.08,20,5/10/2024 4:59,39.88765702,32.79979395
"1,865",7/3/2024 9:40:00,Ankara DMA 1-2,"Çiğdem, 1071 Malazgirt Bulvarı, 06530Ankara, Ankara,
Ankara Türkiye",description_2,34.52,9,5/10/2024 4:59,39.888736,32.799528
"1,866",7/3/2024 9:40:00,Ankara DMA 1-3,"Çiğdem, 1591. Sokak 11, 06530Ankara, Ankara,
Ankara Türkiye",description_3,47.43,14,5/10/2024 4:59,39.88429001,32.79584398
"1,867",7/3/2024 9:40:00,Ankara DMA 1-4,"Çiğdem, 1550/1. Cadde 2C, 06530Ankara, Ankara,
Ankara Türkiye",description_4,45.1,14,5/10/2024 4:59,39.88905796,32.79525397
"1,868",7/3/2024 9:40:00,Ankara DMA 1-5,"Çiğdem, 1589. Sokak 16, 06530Ankara, Ankara,
Ankara Türkiye",description_5,35.53,9,5/10/2024 4:59,39.88536496,32.79749503
"1,864",7/3/2024 9:50:00,Ankara DMA 1-1,"Çiğdem, 1575. Cadde 43A, 06530Ankara, Ankara,
Ankara Türkiye",description_1,35.9,20,5/10/2024 4:59,39.88765702,32.79979395
"1,865",7/3/2024 9:50:00,Ankara DMA 1-2,"Çiğdem, 1071 Malazgirt Bulvarı, 06530Ankara, Ankara,
Ankara Türkiye",description_2,34.3,9,5/10/2024 4:59,39.888736,32.799528
"1,866",7/3/2024 9:50:00,Ankara DMA 1-3,"Çiğdem, 1591. Sokak 11, 06530Ankara, Ankara,
Ankara Türkiye",description_3,48.86,14,5/10/2024 4:59,39.88429001,32.79584398
"1,867",7/3/2024 9:50:00,Ankara DMA 1-4,"Çiğdem, 1550/1. Cadde 2C, 06530Ankara, Ankara,
Ankara Türkiye",description_4,42.26,14,5/10/2024 4:59,39.88905796,32.79525397
"1,868",7/3/2024 9:50:00,Ankara DMA 1-5,"Çiğdem, 1589. Sokak 16, 06530Ankara, Ankara,
Ankara Türkiye",description_5,49.76,9,5/10/2024 4:59,39.88536496,32.79749503
"1,864",7/3/2024 10:00:00,Ankara DMA 1-1,"Çiğdem, 1575. Cadde 43A, 06530Ankara, Ankara,
Ankara Türkiye",description_1,44.25,20,5/10/2024 4:59,39.88765702,32.79979395
"1,865",7/3/2024 10:00:00,Ankara DMA 1-2,"Çiğdem, 1071 Malazgirt Bulvarı, 06530Ankara, Ankara,
Ankara Türkiye",description_2,47.62,9,5/10/2024 4:59,39.888736,32.799528
"1,866",7/3/2024 10:00:00,Ankara DMA 1-3,"Çiğdem, 1591. Sokak 11, 06530Ankara, Ankara,
Ankara Türkiye",description_3,44.66,14,5/10/2024 4:59,39.88429001,32.79584398
"1,867",7/3/2024 10:00:00,Ankara DMA 1-4,"Çiğdem, 1550/1. Cadde 2C, 06530Ankara, Ankara,
Ankara Türkiye",description_4,47.88,14,5/10/2024 4:59,39.88905796,32.79525397
"1,868",7/3/2024 10:00:00,Ankara DMA 1-5,"Çiğdem, 1589. Sokak 16, 06530Ankara, Ankara,
Ankara Türkiye",description_5,40.35,9,5/10/2024 4:59,39.88536496,32.79749503
"1,864",7/3/2024 10:10:00,Ankara DMA 1-1,"Çiğdem, 1575. Cadde 43A, 06530Ankara, Ankara,
Ankara Türkiye",description_1,38.46,20,5/10/2024 4:59,39.88765702,32.79979395
"1,865",7/3/2024 10:10:00,Ankara DMA 1-2,"Çiğdem, 1071 Malazgirt Bulvarı, 06530Ankara, Ankara,
Ankara Türkiye",description_2,40.35,9,5/10/2024 4:59,39.888736,32.799528
"1,866",7/3/2024 10:10:00,Ankara DMA 1-3,"Çiğdem, 1591. Sokak 11, 06530Ankara, Ankara,
Ankara Türkiye",description_3,38.27,14,5/10/2024 4:59,39.88429001,32.79584398
"1,867",7/3/2024 10:10:00,Ankara DMA 1-4,"Çiğdem, 1550/1. Cadde 2C, 06530Ankara, Ankara,
Ankara Türkiye",description_4,42.47,14,5/10/2024 4:59,39.88905796,32.79525397
"1,868",7/3/2024 10:10:00,Ankara DMA 1-5,"Çiğdem, 1589. Sokak 16, 06530Ankara, Ankara,
Ankara Türkiye",description_5,45.35,9,5/10/2024 4:59,39.88536496,32.79749503
"1,864",7/3/2024 10:20:00,Ankara DMA 1-1,"Çiğdem, 1575. Cadde 43A, 06530Ankara, Ankara,
Ankara Türkiye",description_1,37.78,20,5/10/2024 4:59,39.88765702,32.79979395
"1,865",7/3/2024 10:20:00,Ankara DMA 1-2,"Çiğdem, 1071 Malazgirt Bulvarı, 06530Ankara, Ankara,
Ankara Türkiye",description_2,34.1,9,5/10/2024 4:59,39.888736,32.799528
"1,866",7/3/2024 10:20:00,Ankara DMA 1-3,"Çiğdem, 1591. Sokak 11, 06530Ankara, Ankara,
Ankara Türkiye",description_3,39.65,14,5/10/2024 4:59,39.88429001,32.79584398
"1,867",7/3/2024 10:20:00,Ankara DMA 1-4,"Çiğdem, 1550/1. Cadde 2C, 06530Ankara, Ankara,
Ankara Türkiye",description_4,49.52,14,5/10/2024 4:59,39.88905796,32.79525397
"1,868",7/3/2024 10:20:00,Ankara DMA 1-5,"Çiğdem, 1589. Sokak 16, 06530Ankara, Ankara,
Ankara Türkiye",description_5,34.52,9,5/10/2024 4:59,39.88536496,32.79749503
"1,864",7/3/2024 10:30:00,Ankara DMA 1-1,"Çiğdem, 1575. Cadde 43A, 06530Ankara, Ankara,
Ankara Türkiye",description_1,32.61,20,5/10/2024 4:59,39.88765702,32.79979395
"1,865",7/3/2024 10:30:00,Ankara DMA 1-2,"Çiğdem, 1071 Malazgirt Bulvarı, 06530Ankara, Ankara,
Ankara Türkiye",description_2,49.76,9,5/10/2024 4:59,39.888736,32.799528
"1,866",7/3/2024 10:30:00,Ankara DMA 1-3,"Çiğdem, 1591. Sokak 11, 06530Ankara, Ankara,
Ankara Türkiye",description_3,33.01,14,5/10/2024 4:59,39.88429001,32.79584398
"1,867",7/3/2024 10:30:00,Ankara DMA 1-4,"Çiğdem, 1550/1. Cadde 2C, 06530Ankara, Ankara,
Ankara Türkiye",description_4,49.16,14,5/10/2024 4:59,39.88905796,32.79525397
"1,868",7/3/2024 10:30:00,Ankara DMA 1-5,"Çiğdem, 1589. Sokak 16, 06530Ankara, Ankara,
Ankara Türkiye",description_5,41.37,9,5/10/2024 4:59,39.88536496,32.79749503
"1,864",7/3/2024 10:40:00,Ankara DMA 1-1,"Çiğdem, 1575. Cadde 43A, 06530Ankara, Ankara,
Ankara Türkiye",description_1,49.33,20,5/10/2024 4:59,39.88765702,32.79979395
"1,865",7/3/2024 10:40:00,Ankara DMA 1-2,"Çiğdem, 1071 Malazgirt Bulvarı, 06530Ankara, Ankara,
Ankara Türkiye",description_2,34.93,9,5/10/2024 4:59,39.888736,32.799528
"1,866",7/3/2024 10:40:00,Ankara DMA 1-3,"Çiğdem, 1591. Sokak 11, 06530Ankara, Ankara,
Ankara Türkiye",description_3,48.52,14,5/10/2024 4:59,39.88429001,32.79584398
"1,867",7/3/2024 10:40:00,Ankara DMA 1-4,"Çiğdem, 1550/1. Cadde 2C, 06530Ankara, Ankara,
Ankara Türkiye",description_4,36.87,14,5/10/2024 4:59,39.88905796,32.79525397
"1,868",7/3/2024 10:40:00,Ankara DMA 1-5,"Çiğdem, 1589. Sokak 16, 06530Ankara, Ankara,
Ankara Türkiye",description_5,35.77,9,5/10/2024 4:59,39.88536496,32.79749503
"1,864",7/3/2024 10:50:00,Ankara DMA 1-1,"Çiğdem, 1575. Cadde 43A, 06530Ankara, Ankara,
Ankara Türkiye",description_1,31.61,20,5/10/2024 4:59,39.88765702,32.79979395
"1,865",7/3/2024 10:50:00,Ankara DMA 1-2,"Çiğdem, 1071 Malazgirt Bulvarı, 06530Ankara, Ankara,
Ankara Türkiye",description_2,40.5,9,5/10/2024 4:59,39.888736,32.799528
"1,866",7/3/2024 10:50:00,Ankara DMA 1-3,"Çiğdem, 1591. Sokak 11, 06530Ankara, Ankara,
Ankara Türkiye",description_3,30.68,14,5/10/2024 4:59,39.88429001,32.79584398
"1,867",7/3/2024 10:50:00,Ankara DMA 1-4,"Çiğdem, 1550/1. Cadde 2C, 06530Ankara, Ankara,
Ankara Türkiye",description_4,46.21,14,5/10/2024 4:59,39.88905796,32.79525397
"1,868",7/3/2024 10:50:00,Ankara DMA 1-5,"Çiğdem, 1589. Sokak 16, 06530Ankara, Ankara,
Ankara Türkiye",description_5,43.8,9,5/10/2024 4:59,39.88536496,32.79749503
"1,864",7/3/2024 11:00:00,Ankara DMA 1-1,"Çiğdem, 1575. Cadde 43A, 06530Ankara, Ankara,
Ankara Türkiye",description_1,45.07,20,5/10/2024 4:59,39.88765702,32.79979395
"1,865",7/3/2024 11:00:00,Ankara DMA 1-2,"Çiğdem, 1071 Malazgirt Bulvarı, 06530Ankara, Ankara,
Ankara Türkiye",description_2,37.78,9,5/10/2024 4:59,39.888736,32.799528
"1,866",7/3/2024 11:00:00,Ankara DMA 1-3,"Çiğdem, 1591. Sokak 11, 06530Ankara, Ankara,
Ankara Türkiye",description_3,43.13,14,5/10/2024 4:59,39.88429001,32.79584398
"1,867",7/3/2024 11:00:00,Ankara DMA 1-4,"Çiğdem, 1550/1. Cadde 2C, 06530Ankara, Ankara,
Ankara Türkiye",description_4,34.33,14,5/10/2024 4:59,39.88905796,32.79525397
"1,868",7/3/2024 11:00:00,Ankara DMA 1-5,"Çiğdem, 1589. Sokak 16, 06530Ankara, Ankara,
Ankara Türkiye",description_5,44.14,9,5/10/2024 4:59,39.88536496,32.79749503
"1,864",7/3/2024 11:10:00,Ankara DMA 1-1,"Çiğdem, 1575. Cadde 43A, 06530Ankara, Ankara,
Ankara Türkiye",description_1,32.64,20,5/10/2024 4:59,39.88765702,32.79979395
"1,865",7/3/2024 11:10:00,Ankara DMA 1-2,"Çiğdem, 1071 Malazgirt Bulvarı, 06530Ankara, Ankara,
Ankara Türkiye",description_2,42.82,9,5/10/2024 4:59,39.888736,32.799528
"1,866",7/3/2024 11:10:00,Ankara DMA 1-3,"Çiğdem, 1591. Sokak 11, 06530Ankara, Ankara,
Ankara Türkiye",description_3,37.91,14,5/10/2024 4:59,39.88429001,32.79584398
"1,867",7/3/2024 11:10:00,Ankara DMA 1-4,"Çiğdem, 1550/1. Cadde 2C, 06530Ankara, Ankara,
Ankara Türkiye",description_4,40.96,14,5/10/2024 4:59,39.88905796,32.79525397
"1,868",7/3/2024 11:10:00,Ankara DMA 1-5,"Çiğdem, 1589. Sokak 16, 06530Ankara, Ankara,
Ankara Türkiye",description_5,34.98,9,5/10/2024 4:59,39.88536496,32.79749503
"1,864",7/3/2024 11:20:00,Ankara DMA 1-1,"Çiğdem, 1575. Cadde 43A, 06530Ankara, Ankara,
Ankara Türkiye",description_1,43.01,20,5/10/2024 4:59,39.88765702,32.79979395
"1,865",7/3/2024 11:20:00,Ankara DMA 1-2,"Çiğdem, 1071 Malazgirt Bulvarı, 06530Ankara, Ankara,
Ankara Türkiye",description_2,47.2,9,5/10/2024 4:59,39.888736,32.799528
"1,866",7/3/2024 11:20:00,Ankara DMA 1-3,"Çiğdem, 1591. Sokak 11, 06530Ankara, Ankara,
Ankara Türkiye",description_3,31.07,14,5/10/2024 4:59,39.88429001,32.79584398
"1,867",7/3/2024 11:20:00,Ankara DMA 1-4,"Çiğdem, 1550/1. Cadde 2C, 06530Ankara, Ankara,
Ankara Türkiye",description_4,48.47,14,5/10/2024 4:59,39.88905796,32.79525397
"1,868",7/3/2024 11:20:00,Ankara DMA 1-5,"Çiğdem, 1589. Sokak 16, 06530Ankara, Ankara,
Ankara Türkiye",description_5,35.35,9,5/10/2024 4:59,39.88536496,32.79749503
"1,864",7/3/2024 11:30:00,Ankara DMA 1-1,"Çiğdem, 1575. Cadde 43A, 06530Ankara, Ankara,
Ankara Türkiye",description_1,30.68,20,5/10/2024 4:59,39.88765702,32.79979395
"1,865",7/3/2024 11:30:00,Ankara DMA 1-2,"Çiğdem, 1071 Malazgirt Bulvarı, 06530Ankara, Ankara,
Ankara Türkiye",description_2,44.95,9,5/10/2024 4:59,39.888736,32.799528
"1,866",7/3/2024 11:30:00,Ankara DMA 1-3,"Çiğdem, 1591. Sokak 11, 06530Ankara, Ankara,
Ankara Türkiye",description_3,31.94,14,5/10/2024 4:59,39.88429001,32.79584398
"1,867",7/3/2024 11:30:00,Ankara DMA 1-4,"Çiğdem, 1550/1. Cadde 2C, 06530Ankara, Ankara,
Ankara Türkiye",description_4,49.25,14,5/10/2024 4:59,39.88905796,32.79525397
"1,868",7/3/2024 11:30:00,Ankara DMA 1-5,"Çiğdem, 1589. Sokak 16, 06530Ankara, Ankara,
Ankara Türkiye",description_5,41.49,9,5/10/2024 4:59,39.88536496,32.79749503
"1,864",7/3/2024 11:40:00,Ankara DMA 1-1,"Çiğdem, 1575. Cadde 43A, 06530Ankara, Ankara,
Ankara Türkiye",description_1,43.92,20,5/10/2024 4:59,39.88765702,32.79979395
"1,865",7/3/2024 11:40:00,Ankara DMA 1-2,"Çiğdem, 1071 Malazgirt Bulvarı, 06530Ankara, Ankara,
Ankara Türkiye",description_2,49.65,9,5/10/2024 4:59,39.888736,32.799528
"1,866",7/3/2024 11:40:00,Ankara DMA 1-3,"Çiğdem, 1591. Sokak 11, 06530Ankara, Ankara,
Ankara Türkiye",description_3,44.47,14,5/10/2024 4:59,39.88429001,32.79584398
"1,867",7/3/2024 11:40:00,Ankara DMA 1-4,"Çiğdem, 1550/1. Cadde 2C, 06530Ankara, Ankara,
Ankara Türkiye",description_4,42.63,14,5/10/2024 4:59,39.88905796,32.79525397
"1,868",7/3/2024 11:40:00,Ankara DMA 1-5,"Çiğdem, 1589. Sokak 16, 06530Ankara, Ankara,
Ankara Türkiye",description_5,30.57,9,5/10/2024 4:59,39.88536496,32.79749503
"1,864",7/3/2024 11:50:00,Ankara DMA 1-1,"Çiğdem, 1575. Cadde 43A, 06530Ankara, Ankara,
Ankara Türkiye",description_1,45.96,20,5/10/2024 4:59,39.88765702,32.79979395
"1,865",7/3/2024 11:50:00,Ankara DMA 1-2,"Çiğdem, 1071 Malazgirt Bulvarı, 06530Ankara, Ankara,
Ankara Türkiye",description_2,36,9,5/10/2024 4:59,39.888736,32.799528
"1,866",7/3/2024 11:50:00,Ankara DMA 1-3,"Çiğdem, 1591. Sokak 11, 06530Ankara, Ankara,
Ankara Türkiye",description_3,44.55,14,5/10/2024 4:59,39.88429001,32.79584398
"1,867",7/3/2024 11:50:00,Ankara DMA 1-4,"Çiğdem, 1550/1. Cadde 2C, 06530Ankara, Ankara,
Ankara Türkiye",description_4,40.67,14,5/10/2024 4:59,39.88905796,32.79525397
"1,868",7/3/2024 11:50:00,Ankara DMA 1-5,"Çiğdem, 1589. Sokak 16, 06530Ankara, Ankara,
Ankara Türkiye",description_5,48.67,9,5/10/2024 4:59,39.88536496,32.79749503
"1,864",7/3/2024 12:00:00,Ankara DMA 1-1,"Çiğdem, 1575. Cadde 43A, 06530Ankara, Ankara,
Ankara Türkiye",description_1,44.8,20,5/10/2024 4:59,39.88765702,32.79979395
"1,865",7/3/2024 12:00:00,Ankara DMA 1-2,"Çiğdem, 1071 Malazgirt Bulvarı, 06530Ankara, Ankara,
Ankara Türkiye",description_2,34.26,9,5/10/2024 4:59,39.888736,32.799528
"1,866",7/3/2024 12:00:00,Ankara DMA 1-3,"Çiğdem, 1591. Sokak 11, 06530Ankara, Ankara,
Ankara Türkiye",description_3,49.87,14,5/10/2024 4:59,39.88429001,32.79584398
"1,867",7/3/2024 12:00:00,Ankara DMA 1-4,"Çiğdem, 1550/1. Cadde 2C, 06530Ankara, Ankara,
Ankara Türkiye",description_4,45.76,14,5/10/2024 4:59,39.88905796,32.79525397
"1,868",7/3/2024 12:00:00,Ankara DMA 1-5,"Çiğdem, 1589. Sokak 16, 06530Ankara, Ankara,
Ankara Türkiye",description_5,35.66,9,5/10/2024 4:59,39.88536496,32.79749503
"1,864",7/3/2024 12:10:00,Ankara DMA 1-1,"Çiğdem, 1575. Cadde 43A, 06530Ankara, Ankara,
Ankara Türkiye",description_1,39.86,20,5/10/2024 4:59,39.88765702,32.79979395
"1,865",7/3/2024 12:10:00,Ankara DMA 1-2,"Çiğdem, 1071 Malazgirt Bulvarı, 06530Ankara, Ankara,
Ankara Türkiye",description_2,39.53,9,5/10/2024 4:59,39.888736,32.799528
"1,866",7/3/2024 12:10:00,Ankara DMA 1-3,"Çiğdem, 1591. Sokak 11, 06530Ankara, Ankara,
Ankara Türkiye",description_3,42.75,14,5/10/2024 4:59,39.88429001,32.79584398
"1,867",7/3/2024 12:10:00,Ankara DMA 1-4,"Çiğdem, 1550/1. Cadde 2C, 06530Ankara, Ankara,
Ankara Türkiye",description_4,41.59,14,5/10/2024 4:59,39.88905796,32.79525397
"1,868",7/3/2024 12:10:00,Ankara DMA 1-5,"Çiğdem, 1589. Sokak 16, 06530Ankara, Ankara,
Ankara Türkiye",description_5,31.28,9,5/10/2024 4:59,39.88536496,32.79749503
"1,864",7/3/2024 12:20:00,Ankara DMA 1-1,"Çiğdem, 1575. Cadde 43A, 06530Ankara, Ankara,
Ankara Türkiye",description_1,33.71,20,5/10/2024 4:59,39.88765702,32.79979395
"1,865",7/3/2024 12:20:00,Ankara DMA 1-2,"Çiğdem, 1071 Malazgirt Bulvarı, 06530Ankara, Ankara,
Ankara Türkiye",description_2,44.09,9,5/10/2024 4:59,39.888736,32.799528
"1,866",7/3/2024 12:20:00,Ankara DMA 1-3,"Çiğdem, 1591. Sokak 11, 06530Ankara, Ankara,
Ankara Türkiye",description_3,32.58,14,5/10/2024 4:59,39.88429001,32.79584398
"1,867",7/3/2024 12:20:00,Ankara DMA 1-4,"Çiğdem, 1550/1. Cadde 2C, 06530Ankara, Ankara,
Ankara Türkiye",description_4,47.14,14,5/10/2024 4:59,39.88905796,32.79525397
"1,868",7/3/2024 12:20:00,Ankara DMA 1-5,"Çiğdem, 1589. Sokak 16, 06530Ankara, Ankara,
Ankara Türkiye",description_5,46.14,9,5/10/2024 4:59,39.88536496,32.79749503
"1,864",7/3/2024 12:30:00,Ankara DMA 1-1,"Çiğdem, 1575. Cadde 43A, 06530Ankara, Ankara,
Ankara Türkiye",description_1,36.63,20,5/10/2024 4:59,39.88765702,32.79979395
"1,865",7/3/2024 12:30:00,Ankara DMA 1-2,"Çiğdem, 1071 Malazgirt Bulvarı, 06530Ankara, Ankara,
Ankara Türkiye",description_2,35.45,9,5/10/2024 4:59,39.888736,32.799528
"1,866",7/3/2024 12:30:00,Ankara DMA 1-3,"Çiğdem, 1591. Sokak 11, 06530Ankara, Ankara,
Ankara Türkiye",description_3,35.63,14,5/10/2024 4:59,39.88429001,32.79584398
"1,867",7/3/2024 12:30:00,Ankara DMA 1-4,"Çiğdem, 1550/1. Cadde 2C, 06530Ankara, Ankara,
Ankara Türkiye",description_4,49.9,14,5/10/2024 4:59,39.88905796,32.79525397
"1,868",7/3/2024 12:30:00,Ankara DMA 1-5,"Çiğdem, 1589. Sokak 16, 06530Ankara, Ankara,
Ankara Türkiye",description_5,37.65,9,5/10/2024 4:59,39.88536496,32.79749503
"1,864",7/3/2024 12:40:00,Ankara DMA 1-1,"Çiğdem, 1575. Cadde 43A, 06530Ankara, Ankara,
Ankara Türkiye",description_1,46.83,20,5/10/2024 4:59,39.88765702,32.79979395
"1,865",7/3/2024 12:40:00,Ankara DMA 1-2,"Çiğdem, 1071 Malazgirt Bulvarı, 06530Ankara, Ankara,
Ankara Türkiye",description_2,42.87,9,5/10/2024 4:59,39.888736,32.799528
"1,866",7/3/2024 12:40:00,Ankara DMA 1-3,"Çiğdem, 1591. Sokak 11, 06530Ankara, Ankara,
Ankara Türkiye",description_3,33.71,14,5/10/2024 4:59,39.88429001,32.79584398
"1,867",7/3/2024 12:40:00,Ankara DMA 1-4,"Çiğdem, 1550/1. Cadde 2C, 06530Ankara, Ankara,
Ankara Türkiye",description_4,36.75,14,5/10/2024 4:59,39.88905796,32.79525397
"1,868",7/3/2024 12:40:00,Ankara DMA 1-5,"Çiğdem, 1589. Sokak 16, 06530Ankara, Ankara,
Ankara Türkiye",description_5,44.83,9,5/10/2024 4:59,39.88536496,32.79749503
"1,864",7/3/2024 12:50:00,Ankara DMA 1-1,"Çiğdem, 1575. Cadde 43A, 06530Ankara, Ankara,
Ankara Türkiye",description_1,40.33,20,5/10/2024 4:59,39.88765702,32.79979395
"1,865",7/3/2024 12:50:00,Ankara DMA 1-2,"Çiğdem, 1071 Malazgirt Bulvarı, 06530Ankara, Ankara,
Ankara Türkiye",description_2,41.21,9,5/10/2024 4:59,39.888736,32.799528
"1,866",7/3/2024 12:50:00,Ankara DMA 1-3,"Çiğdem, 1591. Sokak 11, 06530Ankara, Ankara,
Ankara Türkiye",description_3,45.95,14,5/10/2024 4:59,39.88429001,32.79584398
"1,867",7/3/2024 12:50:00,Ankara DMA 1-4,"Çiğdem, 1550/1. Cadde 2C, 06530Ankara, Ankara,
Ankara Türkiye",description_4,37.95,14,5/10/2024 4:59,39.88905796,32.79525397
"1,868",7/3/2024 12:50:00,Ankara DMA 1-5,"Çiğdem, 1589. Sokak 16, 06530Ankara, Ankara,
Ankara Türkiye",description_5,43.74,9,5/10/2024 4:59,39.88536496,32.79749503
"1,864",7/3/2024 13:00:00,Ankara DMA 1-1,"Çiğdem, 1575. Cadde 43A, 06530Ankara, Ankara,
Ankara Türkiye",description_1,45.49,20,5/10/2024 4:59,39.88765702,32.79979395
"1,865",7/3/2024 13:00:00,Ankara DMA 1-2,"Çiğdem, 1071 Malazgirt Bulvarı, 06530Ankara, Ankara,
Ankara Türkiye",description_2,48.83,9,5/10/2024 4:59,39.888736,32.799528
"1,866",7/3/2024 13:00:00,Ankara DMA 1-3,"Çiğdem, 1591. Sokak 11, 06530Ankara, Ankara,
Ankara Türkiye",description_3,33.58,14,5/10/2024 4:59,39.88429001,32.79584398
"1,867",7/3/2024 13:00:00,Ankara DMA 1-4,"Çiğdem, 1550/1. Cadde 2C, 06530Ankara, Ankara,
Ankara Türkiye",description_4,45.48,14,5/10/2024 4:59,39.88905796,32.79525397
"1,868",7/3/2024 13:00:00,Ankara DMA 1-5,"Çiğdem, 1589. Sokak 16, 06530Ankara, Ankara,
Ankara Türkiye",description_5,34.29,9,5/10/2024 4:59,39.88536496,32.79749503
"1,864",7/3/2024 13:10:00,Ankara DMA 1-1,"Çiğdem, 1575. Cadde 43A, 06530Ankara, Ankara,
Ankara Türkiye",description_1,37.2,20,5/10/2024 4:59,39.88765702,32.79979395
"1,865",7/3/2024 13:10:00,Ankara DMA 1-2,"Çiğdem, 1071 Malazgirt Bulvarı, 06530Ankara, Ankara,
Ankara Türkiye",description_2,40.9,9,5/10/2024 4:59,39.888736,32.799528
"1,866",7/3/2024 13:10:00,Ankara DMA 1-3,"Çiğdem, 1591. Sokak 11, 06530Ankara, Ankara,
Ankara Türkiye",description_3,49.52,14,5/10/2024 4:59,39.88429001,32.79584398
"1,867",7/3/2024 13:10:00,Ankara DMA 1-4,"Çiğdem, 1550/1. Cadde 2C, 06530Ankara, Ankara,
Ankara Türkiye",description_4,32.83,14,5/10/2024 4:59,39.88905796,32.79525397
"1,868",7/3/2024 13:10:00,Ankara DMA 1-5,"Çiğdem, 1589. Sokak 16, 06530Ankara, Ankara,
Ankara Türkiye",description_5,48.03,9,5/10/2024 4:59,39.88536496,32.79749503
"1,864",7/3/2024 13:20:00,Ankara DMA 1-1,"Çiğdem, 1575. Cadde 43A, 06530Ankara, Ankara,
Ankara Türkiye",description_1,37.38,20,5/10/2024 4:59,39.88765702,32.79979395
"1,865",7/3/2024 13:20:00,Ankara DMA 1-2,"Çiğdem, 1071 Malazgirt Bulvarı, 06530Ankara, Ankara,
Ankara Türkiye",description_2,39.86,9,5/10/2024 4:59,39.888736,32.799528
"1,866",7/3/2024 13:20:00,Ankara DMA 1-3,"Çiğdem, 1591. Sokak 11, 06530Ankara, Ankara,
Ankara Türkiye",description_3,46.33,14,5/10/2024 4:59,39.88429001,32.79584398
"1,867",7/3/2024 13:20:00,Ankara DMA 1-4,"Çiğdem, 1550/1. Cadde 2C, 06530Ankara, Ankara,
Ankara Türkiye",description_4,33.03,14,5/10/2024 4:59,39.88905796,32.79525397
"1,868",7/3/2024 13:20:00,Ankara DMA 1-5,"Çiğdem, 1589. Sokak 16, 06530Ankara, Ankara,
Ankara Türkiye",description_5,35.65,9,5/10/2024 4:59,39.88536496,32.79749503
"1,864",7/3/2024 13:30:00,Ankara DMA 1-1,"Çiğdem, 1575. Cadde 43A, 06530Ankara, Ankara,
Ankara Türkiye",description_1,39.48,20,5/10/2024 4:59,39.88765702,32.79979395
"1,865",7/3/2024 13:30:00,Ankara DMA 1-2,"Çiğdem, 1071 Malazgirt Bulvarı, 06530Ankara, Ankara,
Ankara Türkiye",description_2,36.75,9,5/10/2024 4:59,39.888736,32.799528
"1,866",7/3/2024 13:30:00,Ankara DMA 1-3,"Çiğdem, 1591. Sokak 11, 06530Ankara, Ankara,
Ankara Türkiye",description_3,46.84,14,5/10/2024 4:59,39.88429001,32.79584398
"1,867",7/3/2024 13:30:00,Ankara DMA 1-4,"Çiğdem, 1550/1. Cadde 2C, 06530Ankara, Ankara,
Ankara Türkiye",description_4,48.26,14,5/10/2024 4:59,39.88905796,32.79525397
"1,868",7/3/2024 13:30:00,Ankara DMA 1-5,"Çiğdem, 1589. Sokak 16, 06530Ankara, Ankara,
Ankara Türkiye",description_5,35.82,9,5/10/2024 4:59,39.88536496,32.79749503
"1,864",7/3/2024 13:40:00,Ankara DMA 1-1,"Çiğdem, 1575. Cadde 43A, 06530Ankara, Ankara,
Ankara Türkiye",description_1,45.1,20,5/10/2024 4:59,39.88765702,32.79979395
"1,865",7/3/2024 13:40:00,Ankara DMA 1-2,"Çiğdem, 1071 Malazgirt Bulvarı, 06530Ankara, Ankara,
Ankara Türkiye",description_2,49.65,9,5/10/2024 4:59,39.888736,32.799528
"1,866",7/3/2024 13:40:00,Ankara DMA 1-3,"Çiğdem, 1591. Sokak 11, 06530Ankara, Ankara,
Ankara Türkiye",description_3,30.71,14,5/10/2024 4:59,39.88429001,32.79584398
"1,867",7/3/2024 13:40:00,Ankara DMA 1-4,"Çiğdem, 1550/1. Cadde 2C, 06530Ankara, Ankara,
Ankara Türkiye",description_4,30.19,14,5/10/2024 4:59,39.88905796,32.79525397
"1,868",7/3/2024 13:40:00,Ankara DMA 1-5,"Çiğdem, 1589. Sokak 16, 06530Ankara, Ankara,
Ankara Türkiye",description_5,48.22,9,5/10/2024 4:59,39.88536496,32.79749503
"1,864",7/3/2024 13:50:00,Ankara DMA 1-1,"Çiğdem, 1575. Cadde 43A, 06530Ankara, Ankara,
Ankara Türkiye",description_1,33.73,20,5/10/2024 4:59,39.88765702,32.79979395
"1,865",7/3/2024 13:50:00,Ankara DMA 1-2,"Çiğdem, 1071 Malazgirt Bulvarı, 06530Ankara, Ankara,
Ankara Türkiye",description_2,31,9,5/10/2024 4:59,39.888736,32.799528
"1,866",7/3/2024 13:50:00,Ankara DMA 1-3,"Çiğdem, 1591. Sokak 11, 06530Ankara, Ankara,
Ankara Türkiye",description_3,40.25,14,5/10/2024 4:59,39.88429001,32.79584398
"1,867",7/3/2024 13:50:00,Ankara DMA 1-4,"Çiğdem, 1550/1. Cadde 2C, 06530Ankara, Ankara,
Ankara Türkiye",description_4,45.96,14,5/10/2024 4:59,39.88905796,32.79525397
"1,868",7/3/2024 13:50:00,Ankara DMA 1-5,"Çiğdem, 1589. Sokak 16, 06530Ankara, Ankara,
Ankara Türkiye",description_5,35.69,9,5/10/2024 4:59,39.88536496,32.79749503
"1,864",7/3/2024 14:00:00,Ankara DMA 1-1,"Çiğdem, 1575. Cadde 43A, 06530Ankara, Ankara,
Ankara Türkiye",description_1,34.21,20,5/10/2024 4:59,39.88765702,32.79979395
"1,865",7/3/2024 14:00:00,Ankara DMA 1-2,"Çiğdem, 1071 Malazgirt Bulvarı, 06530Ankara, Ankara,
Ankara Türkiye",description_2,47.67,9,5/10/2024 4:59,39.888736,32.799528
"1,866",7/3/2024 14:00:00,Ankara DMA 1-3,"Çiğdem, 1591. Sokak 11, 06530Ankara, Ankara,
Ankara Türkiye",description_3,35.53,14,5/10/2024 4:59,39.88429001,32.79584398
"1,867",7/3/2024 14:00:00,Ankara DMA 1-4,"Çiğdem, 1550/1. Cadde 2C, 06530Ankara, Ankara,
Ankara Türkiye",description_4,33.3,14,5/10/2024 4:59,39.88905796,32.79525397
"1,868",7/3/2024 14:00:00,Ankara DMA 1-5,"Çiğdem, 1589. Sokak 16, 06530Ankara, Ankara,
Ankara Türkiye",description_5,44.72,9,5/10/2024 4:59,39.88536496,32.79749503
"1,864",7/3/2024 14:10:00,Ankara DMA 1-1,"Çiğdem, 1575. Cadde 43A, 06530Ankara, Ankara,
Ankara Türkiye",description_1,30.32,20,5/10/2024 4:59,39.88765702,32.79979395
"1,865",7/3/2024 14:10:00,Ankara DMA 1-2,"Çiğdem, 1071 Malazgirt Bulvarı, 06530Ankara, Ankara,
Ankara Türkiye",description_2,35.28,9,5/10/2024 4:59,39.888736,32.799528
"1,866",7/3/2024 14:10:00,Ankara DMA 1-3,"Çiğdem, 1591. Sokak 11, 06530Ankara, Ankara,
Ankara Türkiye",description_3,31.35,14,5/10/2024 4:59,39.88429001,32.79584398
"1,867",7/3/2024 14:10:00,Ankara DMA 1-4,"Çiğdem, 1550/1. Cadde 2C, 06530Ankara, Ankara,
Ankara Türkiye",description_4,34.38,14,5/10/2024 4:59,39.88905796,32.79525397
"1,868",7/3/2024 14:10:00,Ankara DMA 1-5,"Çiğdem, 1589. Sokak 16, 06530Ankara, Ankara,
Ankara Türkiye",description_5,36.72,9,5/10/2024 4:59,39.88536496,32.79749503
"1,864",7/3/2024 14:20:00,Ankara DMA 1-1,"Çiğdem, 1575. Cadde 43A, 06530Ankara, Ankara,
Ankara Türkiye",description_1,45.77,20,5/10/2024 4:59,39.88765702,32.79979395
"1,865",7/3/2024 14:20:00,Ankara DMA 1-2,"Çiğdem, 1071 Malazgirt Bulvarı, 06530Ankara, Ankara,
Ankara Türkiye",description_2,38.33,9,5/10/2024 4:59,39.888736,32.799528
"1,866",7/3/2024 14:20:00,Ankara DMA 1-3,"Çiğdem, 1591. Sokak 11, 06530Ankara, Ankara,
Ankara Türkiye",description_3,44.07,14,5/10/2024 4:59,39.88429001,32.79584398
"1,867",7/3/2024 14:20:00,Ankara DMA 1-4,"Çiğdem, 1550/1. Cadde 2C, 06530Ankara, Ankara,
Ankara Türkiye",description_4,32.57,14,5/10/2024 4:59,39.88905796,32.79525397
"1,868",7/3/2024 14:20:00,Ankara DMA 1-5,"Çiğdem, 1589. Sokak 16, 06530Ankara, Ankara,
Ankara Türkiye",description_5,45.51,9,5/10/2024 4:59,39.88536496,32.79749503
"1,864",7/3/2024 14:30:00,Ankara DMA 1-1,"Çiğdem, 1575. Cadde 43A, 06530Ankara, Ankara,
Ankara Türkiye",description_1,33.3,20,5/10/2024 4:59,39.88765702,32.79979395
"1,865",7/3/2024 14:30:00,Ankara DMA 1-2,"Çiğdem, 1071 Malazgirt Bulvarı, 06530Ankara, Ankara,
Ankara Türkiye",description_2,37.41,9,5/10/2024 4:59,39.888736,32.799528
"1,866",7/3/2024 14:30:00,Ankara DMA 1-3,"Çiğdem, 1591. Sokak 11, 06530Ankara, Ankara,
Ankara Türkiye",description_3,34.02,14,5/10/2024 4:59,39.88429001,32.79584398
"1,867",7/3/2024 14:30:00,Ankara DMA 1-4,"Çiğdem, 1550/1. Cadde 2C, 06530Ankara, Ankara,
Ankara Türkiye",description_4,31.84,14,5/10/2024 4:59,39.88905796,32.79525397
"1,868",7/3/2024 14:30:00,Ankara DMA 1-5,"Çiğdem, 1589. Sokak 16, 06530Ankara, Ankara,
Ankara Türkiye",description_5,33.83,9,5/10/2024 4:59,39.88536496,32.79749503
"1,864",7/3/2024 14:40:00,Ankara DMA 1-1,"Çiğdem, 1575. Cadde 43A, 06530Ankara, Ankara,
Ankara Türkiye",description_1,36.64,20,5/10/2024 4:59,39.88765702,32.79979395
"1,865",7/3/2024 14:40:00,Ankara DMA 1-2,"Çiğdem, 1071 Malazgirt Bulvarı, 06530Ankara, Ankara,
Ankara Türkiye",description_2,40.9,9,5/10/2024 4:59,39.888736,32.799528
"1,866",7/3/2024 14:40:00,Ankara DMA 1-3,"Çiğdem, 1591. Sokak 11, 06530Ankara, Ankara,
Ankara Türkiye",description_3,31.39,14,5/10/2024 4:59,39.88429001,32.79584398
"1,867",7/3/2024 14:40:00,Ankara DMA 1-4,"Çiğdem, 1550/1. Cadde 2C, 06530Ankara, Ankara,
Ankara Türkiye",description_4,30.14,14,5/10/2024 4:59,39.88905796,32.79525397
"1,868",7/3/2024 14:40:00,Ankara DMA 1-5,"Çiğdem, 1589. Sokak 16, 06530Ankara, Ankara,
Ankara Türkiye",description_5,43.03,9,5/10/2024 4:59,39.88536496,32.79749503
"1,864",7/3/2024 14:50:00,Ankara DMA 1-1,"Çiğdem, 1575. Cadde 43A, 06530Ankara, Ankara,
Ankara Türkiye",description_1,48.49,20,5/10/2024 4:59,39.88765702,32.79979395
"1,865",7/3/2024 14:50:00,Ankara DMA 1-2,"Çiğdem, 1071 Malazgirt Bulvarı, 06530Ankara, Ankara,
Ankara Türkiye",description_2,44.04,9,5/10/2024 4:59,39.888736,32.799528
"1,866",7/3/2024 14:50:00,Ankara DMA 1-3,"Çiğdem, 1591. Sokak 11, 06530Ankara, Ankara,
Ankara Türkiye",description_3,44.83,14,5/10/2024 4:59,39.88429001,32.79584398
"1,867",7/3/2024 14:50:00,Ankara DMA 1-4,"Çiğdem, 1550/1. Cadde 2C, 06530Ankara, Ankara,
Ankara Türkiye",description_4,40.33,14,5/10/2024 4:59,39.88905796,32.79525397
"1,868",7/3/2024 14:50:00,Ankara DMA 1-5,"Çiğdem, 1589. Sokak 16, 06530Ankara, Ankara,
Ankara Türkiye",description_5,30.03,9,5/10/2024 4:59,39.88536496,32.79749503
"1,864",7/3/2024 15:00:00,Ankara DMA 1-1,"Çiğdem, 1575. Cadde 43A, 06530Ankara, Ankara,
Ankara Türkiye",description_1,37.2,20,5/10/2024 4:59,39.88765702,32.79979395
"1,865",7/3/2024 15:00:00,Ankara DMA 1-2,"Çiğdem, 1071 Malazgirt Bulvarı, 06530Ankara, Ankara,
Ankara Türkiye",description_2,40.21,9,5/10/2024 4:59,39.888736,32.799528
"1,866",7/3/2024 15:00:00,Ankara DMA 1-3,"Çiğdem, 1591. Sokak 11, 06530Ankara, Ankara,
Ankara Türkiye",description_3,48.11,14,5/10/2024 4:59,39.88429001,32.79584398
"1,867",7/3/2024 15:00:00,Ankara DMA 1-4,"Çiğdem, 1550/1. Cadde 2C, 06530Ankara, Ankara,
Ankara Türkiye",description_4,33.58,14,5/10/2024 4:59,39.88905796,32.79525397
"1,868",7/3/2024 15:00:00,Ankara DMA 1-5,"Çiğdem, 1589. Sokak 16, 06530Ankara, Ankara,
Ankara Türkiye",description_5,49.87,9,5/10/2024 4:59,39.88536496,32.79749503
"1,864",7/3/2024 15:10:00,Ankara DMA 1-1,"Çiğdem, 1575. Cadde 43A, 06530Ankara, Ankara,
Ankara Türkiye",description_1,35.19,20,5/10/2024 4:59,39.88765702,32.79979395
"1,865",7/3/2024 15:10:00,Ankara DMA 1-2,"Çiğdem, 1071 Malazgirt Bulvarı, 06530Ankara, Ankara,
Ankara Türkiye",description_2,33.21,9,5/10/2024 4:59,39.888736,32.799528
"1,866",7/3/2024 15:10:00,Ankara DMA 1-3,"Çiğdem, 1591. Sokak 11, 06530Ankara, Ankara,
Ankara Türkiye",description_3,34.36,14,5/10/2024 4:59,39.88429001,32.79584398
"1,867",7/3/2024 15:10:00,Ankara DMA 1-4,"Çiğdem, 1550/1. Cadde 2C, 06530Ankara, Ankara,
Ankara Türkiye",description_4,31.62,14,5/10/2024 4:59,39.88905796,32.79525397
"1,868",7/3/2024 15:10:00,Ankara DMA 1-5,"Çiğdem, 1589. Sokak 16, 06530Ankara, Ankara,
Ankara Türkiye",description_5,45.51,9,5/10/2024 4:59,39.88536496,32.79749503
"1,864",7/3/2024 15:20:00,Ankara DMA 1-1,"Çiğdem, 1575. Cadde 43A, 06530Ankara, Ankara,
Ankara Türkiye",description_1,43.37,20,5/10/2024 4:59,39.88765702,32.79979395
"1,865",7/3/2024 15:20:00,Ankara DMA 1-2,"Çiğdem, 1071 Malazgirt Bulvarı, 06530Ankara, Ankara,
Ankara Türkiye",description_2,31.14,9,5/10/2024 4:59,39.888736,32.799528
"1,866",7/3/2024 15:20:00,Ankara DMA 1-3,"Çiğdem, 1591. Sokak 11, 06530Ankara, Ankara,
Ankara Türkiye",description_3,41.59,14,5/10/2024 4:59,39.88429001,32.79584398
"1,867",7/3/2024 15:20:00,Ankara DMA 1-4,"Çiğdem, 1550/1. Cadde 2C, 06530Ankara, Ankara,
Ankara Türkiye",description_4,48.39,14,5/10/2024 4:59,39.88905796,32.79525397
"1,868",7/3/2024 15:20:00,Ankara DMA 1-5,"Çiğdem, 1589. Sokak 16, 06530Ankara, Ankara,
Ankara Türkiye",description_5,45.06,9,5/10/2024 4:59,39.88536496,32.79749503
"1,864",7/3/2024 15:30:00,Ankara DMA 1-1,"Çiğdem, 1575. Cadde 43A, 06530Ankara, Ankara,
Ankara Türkiye",description_1,46.79,20,5/10/2024 4:59,39.88765702,32.79979395
"1,865",7/3/2024 15:30:00,Ankara DMA 1-2,"Çiğdem, 1071 Malazgirt Bulvarı, 06530Ankara, Ankara,
Ankara Türkiye",description_2,49.66,9,5/10/2024 4:59,39.888736,32.799528
"1,866",7/3/2024 15:30:00,Ankara DMA 1-3,"Çiğdem, 1591. Sokak 11, 06530Ankara, Ankara,
Ankara Türkiye",description_3,36.66,14,5/10/2024 4:59,39.88429001,32.79584398
"1,867",7/3/2024 15:30:00,Ankara DMA 1-4,"Çiğdem, 1550/1. Cadde 2C, 06530Ankara, Ankara,
Ankara Türkiye",description_4,49.58,14,5/10/2024 4:59,39.88905796,32.79525397
"1,868",7/3/2024 15:30:00,Ankara DMA 1-5,"Çiğdem, 1589. Sokak 16, 06530Ankara, Ankara,
Ankara Türkiye",description_5,45.49,9,5/10/2024 4:59,39.88536496,32.79749503
"1,864",7/3/2024 15:40:00,Ankara DMA 1-1,"Çiğdem, 1575. Cadde 43A, 06530Ankara, Ankara,
Ankara Türkiye",description_1,35.92,20,5/10/2024 4:59,39.88765702,32.79979395
"1,865",7/3/2024 15:40:00,Ankara DMA 1-2,"Çiğdem, 1071 Malazgirt Bulvarı, 06530Ankara, Ankara,
Ankara Türkiye",description_2,30.05,9,5/10/2024 4:59,39.888736,32.799528
"1,866",7/3/2024 15:40:00,Ankara DMA 1-3,"Çiğdem, 1591. Sokak 11, 06530Ankara, Ankara,
Ankara Türkiye",description_3,43.54,14,5/10/2024 4:59,39.88429001,32.79584398
"1,867",7/3/2024 15:40:00,Ankara DMA 1-4,"Çiğdem, 1550/1. Cadde 2C, 06530Ankara, Ankara,
Ankara Türkiye",description_4,37.44,14,5/10/2024 4:59,39.88905796,32.79525397
"1,868",7/3/2024 15:40:00,Ankara DMA 1-5,"Çiğdem, 1589. Sokak 16, 06530Ankara, Ankara,
Ankara Türkiye",description_5,35.65,9,5/10/2024 4:59,39.88536496,32.79749503
"1,864",7/3/2024 15:50:00,Ankara DMA 1-1,"Çiğdem, 1575. Cadde 43A, 06530Ankara, Ankara,
Ankara Türkiye",description_1,39.77,20,5/10/2024 4:59,39.88765702,32.79979395
"1,865",7/3/2024 15:50:00,Ankara DMA 1-2,"Çiğdem, 1071 Malazgirt Bulvarı, 06530Ankara, Ankara,
Ankara Türkiye",description_2,30.13,9,5/10/2024 4:59,39.888736,32.799528
"1,866",7/3/2024 15:50:00,Ankara DMA 1-3,"Çiğdem, 1591. Sokak 11, 06530Ankara, Ankara,
Ankara Türkiye",description_3,49.43,14,5/10/2024 4:59,39.88429001,32.79584398
"1,867",7/3/2024 15:50:00,Ankara DMA 1-4,"Çiğdem, 1550/1. Cadde 2C, 06530Ankara, Ankara,
Ankara Türkiye",description_4,31.1,14,5/10/2024 4:59,39.88905796,32.79525397
"1,868",7/3/2024 15:50:00,Ankara DMA 1-5,"Çiğdem, 1589. Sokak 16, 06530Ankara, Ankara,
Ankara Türkiye",description_5,41.93,9,5/10/2024 4:59,39.88536496,32.79749503
"1,864",7/3/2024 16:00:00,Ankara DMA 1-1,"Çiğdem, 1575. Cadde 43A, 06530Ankara, Ankara,
Ankara Türkiye",description_1,34.45,20,5/10/2024 4:59,39.88765702,32.79979395
"1,865",7/3/2024 16:00:00,Ankara DMA 1-2,"Çiğdem, 1071 Malazgirt Bulvarı, 06530Ankara, Ankara,
Ankara Türkiye",description_2,39.41,9,5/10/2024 4:59,39.888736,32.799528
"1,866",7/3/2024 16:00:00,Ankara DMA 1-3,"Çiğdem, 1591. Sokak 11, 06530Ankara, Ankara,
Ankara Türkiye",description_3,32.11,14,5/10/2024 4:59,39.88429001,32.79584398
"1,867",7/3/2024 16:00:00,Ankara DMA 1-4,"Çiğdem, 1550/1. Cadde 2C, 06530Ankara, Ankara,
Ankara Türkiye",description_4,38.44,14,5/10/2024 4:59,39.88905796,32.79525397
"1,868",7/3/2024 16:00:00,Ankara DMA 1-5,"Çiğdem, 1589. Sokak 16, 06530Ankara, Ankara,
Ankara Türkiye",description_5,35.07,9,5/10/2024 4:59,39.88536496,32.79749503
"1,864",7/3/2024 16:10:00,Ankara DMA 1-1,"Çiğdem, 1575. Cadde 43A, 06530Ankara, Ankara,
Ankara Türkiye",description_1,40.14,20,5/10/2024 4:59,39.88765702,32.79979395
"1,865",7/3/2024 16:10:00,Ankara DMA 1-2,"Çiğdem, 1071 Malazgirt Bulvarı, 06530Ankara, Ankara,
Ankara Türkiye",description_2,43.5,9,5/10/2024 4:59,39.888736,32.799528
"1,866",7/3/2024 16:10:00,Ankara DMA 1-3,"Çiğdem, 1591. Sokak 11, 06530Ankara, Ankara,
Ankara Türkiye",description_3,30.47,14,5/10/2024 4:59,39.88429001,32.79584398
"1,867",7/3/2024 16:10:00,Ankara DMA 1-4,"Çiğdem, 1550/1. Cadde 2C, 06530Ankara, Ankara,
Ankara Türkiye",description_4,38.09,14,5/10/2024 4:59,39.88905796,32.79525397
"1,868",7/3/2024 16:10:00,Ankara DMA 1-5,"Çiğdem, 1589. Sokak 16, 06530Ankara, Ankara,
Ankara Türkiye",description_5,43.11,9,5/10/2024 4:59,39.88536496,32.79749503
"1,864",7/3/2024 16:20:00,Ankara DMA 1-1,"Çiğdem, 1575. Cadde 43A, 06530Ankara, Ankara,
Ankara Türkiye",description_1,36.62,20,5/10/2024 4:59,39.88765702,32.79979395
"1,865",7/3/2024 16:20:00,Ankara DMA 1-2,"Çiğdem, 1071 Malazgirt Bulvarı, 06530Ankara, Ankara,
Ankara Türkiye",description_2,48.51,9,5/10/2024 4:59,39.888736,32.799528
"1,866",7/3/2024 16:20:00,Ankara DMA 1-3,"Çiğdem, 1591. Sokak 11, 06530Ankara, Ankara,
Ankara Türkiye",description_3,30.75,14,5/10/2024 4:59,39.88429001,32.79584398
"1,867",7/3/2024 16:20:00,Ankara DMA 1-4,"Çiğdem, 1550/1. Cadde 2C, 06530Ankara, Ankara,
Ankara Türkiye",description_4,41.11,14,5/10/2024 4:59,39.88905796,32.79525397
"1,868",7/3/2024 16:20:00,Ankara DMA 1-5,"Çiğdem, 1589. Sokak 16, 06530Ankara, Ankara,
Ankara Türkiye",description_5,31.5,9,5/10/2024 4:59,39.88536496,32.79749503
"1,864",7/3/2024 16:30:00,Ankara DMA 1-1,"Çiğdem, 1575. Cadde 43A, 06530Ankara, Ankara,
Ankara Türkiye",description_1,48.93,20,5/10/2024 4:59,39.88765702,32.79979395
"1,865",7/3/2024 16:30:00,Ankara DMA 1-2,"Çiğdem, 1071 Malazgirt Bulvarı, 06530Ankara, Ankara,
Ankara Türkiye",description_2,45.3,9,5/10/2024 4:59,39.888736,32.799528
"1,866",7/3/2024 16:30:00,Ankara DMA 1-3,"Çiğdem, 1591. Sokak 11, 06530Ankara, Ankara,
Ankara Türkiye",description_3,40.34,14,5/10/2024 4:59,39.88429001,32.79584398
"1,867",7/3/2024 16:30:00,Ankara DMA 1-4,"Çiğdem, 1550/1. Cadde 2C, 06530Ankara, Ankara,
Ankara Türkiye",description_4,49.76,14,5/10/2024 4:59,39.88905796,32.79525397
"1,868",7/3/2024 16:30:00,Ankara DMA 1-5,"Çiğdem, 1589. Sokak 16, 06530Ankara, Ankara,
Ankara Türkiye",description_5,43.7,9,5/10/2024 4:59,39.88536496,32.79749503
"1,864",7/3/2024 16:40:00,Ankara DMA 1-1,"Çiğdem, 1575. Cadde 43A, 06530Ankara, Ankara,
Ankara Türkiye",description_1,48.36,20,5/10/2024 4:59,39.88765702,32.79979395
"1,865",7/3/2024 16:40:00,Ankara DMA 1-2,"Çiğdem, 1071 Malazgirt Bulvarı, 06530Ankara, Ankara,
Ankara Türkiye",description_2,32.72,9,5/10/2024 4:59,39.888736,32.799528
"1,866",7/3/2024 16:40:00,Ankara DMA 1-3,"Çiğdem, 1591. Sokak 11, 06530Ankara, Ankara,
Ankara Türkiye",description_3,35.25,14,5/10/2024 4:59,39.88429001,32.79584398
"1,867",7/3/2024 16:40:00,Ankara DMA 1-4,"Çiğdem, 1550/1. Cadde 2C, 06530Ankara, Ankara,
Ankara Türkiye",description_4,47.64,14,5/10/2024 4:59,39.88905796,32.79525397
"1,868",7/3/2024 16:40:00,Ankara DMA 1-5,"Çiğdem, 1589. Sokak 16, 06530Ankara, Ankara,
Ankara Türkiye",description_5,47.26,9,5/10/2024 4:59,39.88536496,32.79749503
"1,864",7/3/2024 16:50:00,Ankara DMA 1-1,"Çiğdem, 1575. Cadde 43A, 06530Ankara, Ankara,
Ankara Türkiye",description_1,40.92,20,5/10/2024 4:59,39.88765702,32.79979395
"1,865",7/3/2024 16:50:00,Ankara DMA 1-2,"Çiğdem, 1071 Malazgirt Bulvarı, 06530Ankara, Ankara,
Ankara Türkiye",description_2,30.13,9,5/10/2024 4:59,39.888736,32.799528
"1,866",7/3/2024 16:50:00,Ankara DMA 1-3,"Çiğdem, 1591. Sokak 11, 06530Ankara, Ankara,
Ankara Türkiye",description_3,35.94,14,5/10/2024 4:59,39.88429001,32.79584398
"1,867",7/3/2024 16:50:00,Ankara DMA 1-4,"Çiğdem, 1550/1. Cadde 2C, 06530Ankara, Ankara,
Ankara Türkiye",description_4,35.96,14,5/10/2024 4:59,39.88905796,32.79525397
"1,868",7/3/2024 16:50:00,Ankara DMA 1-5,"Çiğdem, 1589. Sokak 16, 06530Ankara, Ankara,
Ankara Türkiye",description_5,37.7,9,5/10/2024 4:59,39.88536496,32.79749503
"1,864",7/3/2024 17:00:00,Ankara DMA 1-1,"Çiğdem, 1575. Cadde 43A, 06530Ankara, Ankara,
Ankara Türkiye",description_1,37.96,20,5/10/2024 4:59,39.88765702,32.79979395
"1,865",7/3/2024 17:00:00,Ankara DMA 1-2,"Çiğdem, 1071 Malazgirt Bulvarı, 06530Ankara, Ankara,
Ankara Türkiye",description_2,38.69,9,5/10/2024 4:59,39.888736,32.799528
"1,866",7/3/2024 17:00:00,Ankara DMA 1-3,"Çiğdem, 1591. Sokak 11, 06530Ankara, Ankara,
Ankara Türkiye",description_3,35.27,14,5/10/2024 4:59,39.88429001,32.79584398
"1,867",7/3/2024 17:00:00,Ankara DMA 1-4,"Çiğdem, 1550/1. Cadde 2C, 06530Ankara, Ankara,
Ankara Türkiye",description_4,35.56,14,5/10/2024 4:59,39.88905796,32.79525397
"1,868",7/3/2024 17:00:00,Ankara DMA 1-5,"Çiğdem, 1589. Sokak 16, 06530Ankara, Ankara,
Ankara Türkiye",description_5,34.47,9,5/10/2024 4:59,39.88536496,32.79749503
"1,864",7/3/2024 17:10:00,Ankara DMA 1-1,"Çiğdem, 1575. Cadde 43A, 06530Ankara, Ankara,
Ankara Türkiye",description_1,37.08,20,5/10/2024 4:59,39.88765702,32.79979395
"1,865",7/3/2024 17:10:00,Ankara DMA 1-2,"Çiğdem, 1071 Malazgirt Bulvarı, 06530Ankara, Ankara,
Ankara Türkiye",description_2,43.72,9,5/10/2024 4:59,39.888736,32.799528
"1,866",7/3/2024 17:10:00,Ankara DMA 1-3,"Çiğdem, 1591. Sokak 11, 06530Ankara, Ankara,
Ankara Türkiye",description_3,48.92,14,5/10/2024 4:59,39.88429001,32.79584398
"1,867",7/3/2024 17:10:00,Ankara DMA 1-4,"Çiğdem, 1550/1. Cadde 2C, 06530Ankara, Ankara,
Ankara Türkiye",description_4,39.63,14,5/10/2024 4:59,39.88905796,32.79525397
"1,868",7/3/2024 17:10:00,Ankara DMA 1-5,"Çiğdem, 1589. Sokak 16, 06530Ankara, Ankara,
Ankara Türkiye",description_5,49.26,9,5/10/2024 4:59,39.88536496,32.79749503
"1,864",7/3/2024 17:20:00,Ankara DMA 1-1,"Çiğdem, 1575. Cadde 43A, 06530Ankara, Ankara,
Ankara Türkiye",description_1,42.71,20,5/10/2024 4:59,39.88765702,32.79979395
"1,865",7/3/2024 17:20:00,Ankara DMA 1-2,"Çiğdem, 1071 Malazgirt Bulvarı, 06530Ankara, Ankara,
Ankara Türkiye",description_2,30.36,9,5/10/2024 4:59,39.888736,32.799528
"1,866",7/3/2024 17:20:00,Ankara DMA 1-3,"Çiğdem, 1591. Sokak 11, 06530Ankara, Ankara,
Ankara Türkiye",description_3,43.29,14,5/10/2024 4:59,39.88429001,32.79584398
"1,867",7/3/2024 17:20:00,Ankara DMA 1-4,"Çiğdem, 1550/1. Cadde 2C, 06530Ankara, Ankara,
Ankara Türkiye",description_4,44.77,14,5/10/2024 4:59,39.88905796,32.79525397
"1,868",7/3/2024 17:20:00,Ankara DMA 1-5,"Çiğdem, 1589. Sokak 16, 06530Ankara, Ankara,
Ankara Türkiye",description_5,42.12,9,5/10/2024 4:59,39.88536496,32.79749503
"1,864",7/3/2024 17:30:00,Ankara DMA 1-1,"Çiğdem, 1575. Cadde 43A, 06530Ankara, Ankara,
Ankara Türkiye",description_1,33.07,20,5/10/2024 4:59,39.88765702,32.79979395
"1,865",7/3/2024 17:30:00,Ankara DMA 1-2,"Çiğdem, 1071 Malazgirt Bulvarı, 06530Ankara, Ankara,
Ankara Türkiye",description_2,35.14,9,5/10/2024 4:59,39.888736,32.799528
"1,866",7/3/2024 17:30:00,Ankara DMA 1-3,"Çiğdem, 1591. Sokak 11, 06530Ankara, Ankara,
Ankara Türkiye",description_3,46.02,14,5/10/2024 4:59,39.88429001,32.79584398
"1,867",7/3/2024 17:30:00,Ankara DMA 1-4,"Çiğdem, 1550/1. Cadde 2C, 06530Ankara, Ankara,
Ankara Türkiye",description_4,32.6,14,5/10/2024 4:59,39.88905796,32.79525397
"1,868",7/3/2024 17:30:00,Ankara DMA 1-5,"Çiğdem, 1589. Sokak 16, 06530Ankara, Ankara,
Ankara Türkiye",description_5,33.71,9,5/10/2024 4:59,39.88536496,32.79749503
"1,864",7/3/2024 17:40:00,Ankara DMA 1-1,"Çiğdem, 1575. Cadde 43A, 06530Ankara, Ankara,
Ankara Türkiye",description_1,44.15,20,5/10/2024 4:59,39.88765702,32.79979395
"1,865",7/3/2024 17:40:00,Ankara DMA 1-2,"Çiğdem, 1071 Malazgirt Bulvarı, 06530Ankara, Ankara,
Ankara Türkiye",description_2,47.51,9,5/10/2024 4:59,39.888736,32.799528
"1,866",7/3/2024 17:40:00,Ankara DMA 1-3,"Çiğdem, 1591. Sokak 11, 06530Ankara, Ankara,
Ankara Türkiye",description_3,36.64,14,5/10/2024 4:59,39.88429001,32.79584398
"1,867",7/3/2024 17:40:00,Ankara DMA 1-4,"Çiğdem, 1550/1. Cadde 2C, 06530Ankara, Ankara,
Ankara Türkiye",description_4,32.22,14,5/10/2024 4:59,39.88905796,32.79525397
"1,868",7/3/2024 17:40:00,Ankara DMA 1-5,"Çiğdem, 1589. Sokak 16, 06530Ankara, Ankara,
Ankara Türkiye",description_5,36.96,9,5/10/2024 4:59,39.88536496,32.79749503
"1,864",7/3/2024 17:50:00,Ankara DMA 1-1,"Çiğdem, 1575. Cadde 43A, 06530Ankara, Ankara,
Ankara Türkiye",description_1,45.17,20,5/10/2024 4:59,39.88765702,32.79979395
"1,865",7/3/2024 17:50:00,Ankara DMA 1-2,"Çiğdem, 1071 Malazgirt Bulvarı, 06530Ankara, Ankara,
Ankara Türkiye",description_2,49.31,9,5/10/2024 4:59,39.888736,32.799528
"1,866",7/3/2024 17:50:00,Ankara DMA 1-3,"Çiğdem, 1591. Sokak 11, 06530Ankara, Ankara,
Ankara Türkiye",description_3,37.3,14,5/10/2024 4:59,39.88429001,32.79584398
"1,867",7/3/2024 17:50:00,Ankara DMA 1-4,"Çiğdem, 1550/1. Cadde 2C, 06530Ankara, Ankara,
Ankara Türkiye",description_4,32.09,14,5/10/2024 4:59,39.88905796,32.79525397
"1,868",7/3/2024 17:50:00,Ankara DMA 1-5,"Çiğdem, 1589. Sokak 16, 06530Ankara, Ankara,
Ankara Türkiye",description_5,39.22,9,5/10/2024 4:59,39.88536496,32.79749503
"1,864",7/3/2024 18:00:00,Ankara DMA 1-1,"Çiğdem, 1575. Cadde 43A, 06530Ankara, Ankara,
Ankara Türkiye",description_1,45.93,20,5/10/2024 4:59,39.88765702,32.79979395
"1,865",7/3/2024 18:00:00,Ankara DMA 1-2,"Çiğdem, 1071 Malazgirt Bulvarı, 06530Ankara, Ankara,
Ankara Türkiye",description_2,33.96,9,5/10/2024 4:59,39.888736,32.799528
"1,866",7/3/2024 18:00:00,Ankara DMA 1-3,"Çiğdem, 1591. Sokak 11, 06530Ankara, Ankara,
Ankara Türkiye",description_3,38.61,14,5/10/2024 4:59,39.88429001,32.79584398
"1,867",7/3/2024 18:00:00,Ankara DMA 1-4,"Çiğdem, 1550/1. Cadde 2C, 06530Ankara, Ankara,
Ankara Türkiye",description_4,48.54,14,5/10/2024 4:59,39.88905796,32.79525397
"1,868",7/3/2024 18:00:00,Ankara DMA 1-5,"Çiğdem, 1589. Sokak 16, 06530Ankara, Ankara,
Ankara Türkiye",description_5,44.79,9,5/10/2024 4:59,39.88536496,32.79749503
"1,864",7/3/2024 18:10:00,Ankara DMA 1-1,"Çiğdem, 1575. Cadde 43A, 06530Ankara, Ankara,
Ankara Türkiye",description_1,48.89,20,5/10/2024 4:59,39.88765702,32.79979395
"1,865",7/3/2024 18:10:00,Ankara DMA 1-2,"Çiğdem, 1071 Malazgirt Bulvarı, 06530Ankara, Ankara,
Ankara Türkiye",description_2,44.31,9,5/10/2024 4:59,39.888736,32.799528
"1,866",7/3/2024 18:10:00,Ankara DMA 1-3,"Çiğdem, 1591. Sokak 11, 06530Ankara, Ankara,
Ankara Türkiye",description_3,40.94,14,5/10/2024 4:59,39.88429001,32.79584398
"1,867",7/3/2024 18:10:00,Ankara DMA 1-4,"Çiğdem, 1550/1. Cadde 2C, 06530Ankara, Ankara,
Ankara Türkiye",description_4,40.96,14,5/10/2024 4:59,39.88905796,32.79525397
"1,868",7/3/2024 18:10:00,Ankara DMA 1-5,"Çiğdem, 1589. Sokak 16, 06530Ankara, Ankara,
Ankara Türkiye",description_5,34.44,9,5/10/2024 4:59,39.88536496,32.79749503
"1,864",7/3/2024 18:20:00,Ankara DMA 1-1,"Çiğdem, 1575. Cadde 43A, 06530Ankara, Ankara,
Ankara Türkiye",description_1,38.47,20,5/10/2024 4:59,39.88765702,32.79979395
"1,865",7/3/2024 18:20:00,Ankara DMA 1-2,"Çiğdem, 1071 Malazgirt Bulvarı, 06530Ankara, Ankara,
Ankara Türkiye",description_2,46.06,9,5/10/2024 4:59,39.888736,32.799528
"1,866",7/3/2024 18:20:00,Ankara DMA 1-3,"Çiğdem, 1591. Sokak 11, 06530Ankara, Ankara,
Ankara Türkiye",description_3,47.65,14,5/10/2024 4:59,39.88429001,32.79584398
"1,867",7/3/2024 18:20:00,Ankara DMA 1-4,"Çiğdem, 1550/1. Cadde 2C, 06530Ankara, Ankara,
Ankara Türkiye",description_4,40.11,14,5/10/2024 4:59,39.88905796,32.79525397
"1,868",7/3/2024 18:20:00,Ankara DMA 1-5,"Çiğdem, 1589. Sokak 16, 06530Ankara, Ankara,
Ankara Türkiye",description_5,40.06,9,5/10/2024 4:59,39.88536496,32.79749503
"1,864",7/3/2024 18:30:00,Ankara DMA 1-1,"Çiğdem, 1575. Cadde 43A, 06530Ankara, Ankara,
Ankara Türkiye",description_1,43.01,20,5/10/2024 4:59,39.88765702,32.79979395
"1,865",7/3/2024 18:30:00,Ankara DMA 1-2,"Çiğdem, 1071 Malazgirt Bulvarı, 06530Ankara, Ankara,
Ankara Türkiye",description_2,39.18,9,5/10/2024 4:59,39.888736,32.799528
"1,866",7/3/2024 18:30:00,Ankara DMA 1-3,"Çiğdem, 1591. Sokak 11, 06530Ankara, Ankara,
Ankara Türkiye",description_3,38.82,14,5/10/2024 4:59,39.88429001,32.79584398
"1,867",7/3/2024 18:30:00,Ankara DMA 1-4,"Çiğdem, 1550/1. Cadde 2C, 06530Ankara, Ankara,
Ankara Türkiye",description_4,32.23,14,5/10/2024 4:59,39.88905796,32.79525397
"1,868",7/3/2024 18:30:00,Ankara DMA 1-5,"Çiğdem, 1589. Sokak 16, 06530Ankara, Ankara,
Ankara Türkiye",description_5,49,9,5/10/2024 4:59,39.88536496,32.79749503
"1,864",7/3/2024 18:40:00,Ankara DMA 1-1,"Çiğdem, 1575. Cadde 43A, 06530Ankara, Ankara,
Ankara Türkiye",description_1,49.13,20,5/10/2024 4:59,39.88765702,32.79979395
"1,865",7/3/2024 18:40:00,Ankara DMA 1-2,"Çiğdem, 1071 Malazgirt Bulvarı, 06530Ankara, Ankara,
Ankara Türkiye",description_2,31.93,9,5/10/2024 4:59,39.888736,32.799528
"1,866",7/3/2024 18:40:00,Ankara DMA 1-3,"Çiğdem, 1591. Sokak 11, 06530Ankara, Ankara,
Ankara Türkiye",description_3,32.11,14,5/10/2024 4:59,39.88429001,32.79584398
"1,867",7/3/2024 18:40:00,Ankara DMA 1-4,"Çiğdem, 1550/1. Cadde 2C, 06530Ankara, Ankara,
Ankara Türkiye",description_4,42.23,14,5/10/2024 4:59,39.88905796,32.79525397
"1,868",7/3/2024 18:40:00,Ankara DMA 1-5,"Çiğdem, 1589. Sokak 16, 06530Ankara, Ankara,
Ankara Türkiye",description_5,45.64,9,5/10/2024 4:59,39.88536496,32.79749503
"1,864",7/3/2024 18:50:00,Ankara DMA 1-1,"Çiğdem, 1575. Cadde 43A, 06530Ankara, Ankara,
Ankara Türkiye",description_1,43.65,20,5/10/2024 4:59,39.88765702,32.79979395
"1,865",7/3/2024 18:50:00,Ankara DMA 1-2,"Çiğdem, 1071 Malazgirt Bulvarı, 06530Ankara, Ankara,
Ankara Türkiye",description_2,36.48,9,5/10/2024 4:59,39.888736,32.799528
"1,866",7/3/2024 18:50:00,Ankara DMA 1-3,"Çiğdem, 1591. Sokak 11, 06530Ankara, Ankara,
Ankara Türkiye",description_3,35.71,14,5/10/2024 4:59,39.88429001,32.79584398
"1,867",7/3/2024 18:50:00,Ankara DMA 1-4,"Çiğdem, 1550/1. Cadde 2C, 06530Ankara, Ankara,
Ankara Türkiye",description_4,33.67,14,5/10/2024 4:59,39.88905796,32.79525397
"1,868",7/3/2024 18:50:00,Ankara DMA 1-5,"Çiğdem, 1589. Sokak 16, 06530Ankara, Ankara,
Ankara Türkiye",description_5,36.88,9,5/10/2024 4:59,39.88536496,32.79749503
"1,864",7/3/2024 19:00:00,Ankara DMA 1-1,"Çiğdem, 1575. Cadde 43A, 06530Ankara, Ankara,
Ankara Türkiye",description_1,32.3,20,5/10/2024 4:59,39.88765702,32.79979395
"1,865",7/3/2024 19:00:00,Ankara DMA 1-2,"Çiğdem, 1071 Malazgirt Bulvarı, 06530Ankara, Ankara,
Ankara Türkiye",description_2,39.02,9,5/10/2024 4:59,39.888736,32.799528
"1,866",7/3/2024 19:00:00,Ankara DMA 1-3,"Çiğdem, 1591. Sokak 11, 06530Ankara, Ankara,
Ankara Türkiye",description_3,40.78,14,5/10/2024 4:59,39.88429001,32.79584398
"1,867",7/3/2024 19:00:00,Ankara DMA 1-4,"Çiğdem, 1550/1. Cadde 2C, 06530Ankara, Ankara,
Ankara Türkiye",description_4,47.7,14,5/10/2024 4:59,39.88905796,32.79525397
"1,868",7/3/2024 19:00:00,Ankara DMA 1-5,"Çiğdem, 1589. Sokak 16, 06530Ankara, Ankara,
Ankara Türkiye",description_5,31.82,9,5/10/2024 4:59,39.88536496,32.79749503
"1,864",7/3/2024 19:10:00,Ankara DMA 1-1,"Çiğdem, 1575. Cadde 43A, 06530Ankara, Ankara,
Ankara Türkiye",description_1,42.1,20,5/10/2024 4:59,39.88765702,32.79979395
"1,865",7/3/2024 19:10:00,Ankara DMA 1-2,"Çiğdem, 1071 Malazgirt Bulvarı, 06530Ankara, Ankara,
Ankara Türkiye",description_2,31.99,9,5/10/2024 4:59,39.888736,32.799528
"1,866",7/3/2024 19:10:00,Ankara DMA 1-3,"Çiğdem, 1591. Sokak 11, 06530Ankara, Ankara,
Ankara Türkiye",description_3,45.01,14,5/10/2024 4:59,39.88429001,32.79584398
"1,867",7/3/2024 19:10:00,Ankara DMA 1-4,"Çiğdem, 1550/1. Cadde 2C, 06530Ankara, Ankara,
Ankara Türkiye",description_4,36.03,14,5/10/2024 4:59,39.88905796,32.79525397
"1,868",7/3/2024 19:10:00,Ankara DMA 1-5,"Çiğdem, 1589. Sokak 16, 06530Ankara, Ankara,
Ankara Türkiye",description_5,48.26,9,5/10/2024 4:59,39.88536496,32.79749503
"1,864",7/3/2024 19:20:00,Ankara DMA 1-1,"Çiğdem, 1575. Cadde 43A, 06530Ankara, Ankara,
Ankara Türkiye",description_1,31.36,20,5/10/2024 4:59,39.88765702,32.79979395
"1,865",7/3/2024 19:20:00,Ankara DMA 1-2,"Çiğdem, 1071 Malazgirt Bulvarı, 06530Ankara, Ankara,
Ankara Türkiye",description_2,44.7,9,5/10/2024 4:59,39.888736,32.799528
"1,866",7/3/2024 19:20:00,Ankara DMA 1-3,"Çiğdem, 1591. Sokak 11, 06530Ankara, Ankara,
Ankara Türkiye",description_3,32,14,5/10/2024 4:59,39.88429001,32.79584398
"1,867",7/3/2024 19:20:00,Ankara DMA 1-4,"Çiğdem, 1550/1. Cadde 2C, 06530Ankara, Ankara,
Ankara Türkiye",description_4,37.86,14,5/10/2024 4:59,39.88905796,32.79525397
"1,868",7/3/2024 19:20:00,Ankara DMA 1-5,"Çiğdem, 1589. Sokak 16, 06530Ankara, Ankara,
Ankara Türkiye",description_5,42.26,9,5/10/2024 4:59,39.88536496,32.79749503
"1,864",7/3/2024 19:30:00,Ankara DMA 1-1,"Çiğdem, 1575. Cadde 43A, 06530Ankara, Ankara,
Ankara Türkiye",description_1,35.03,20,5/10/2024 4:59,39.88765702,32.79979395
"1,865",7/3/2024 19:30:00,Ankara DMA 1-2,"Çiğdem, 1071 Malazgirt Bulvarı, 06530Ankara, Ankara,
Ankara Türkiye",description_2,46.91,9,5/10/2024 4:59,39.888736,32.799528
"1,866",7/3/2024 19:30:00,Ankara DMA 1-3,"Çiğdem, 1591. Sokak 11, 06530Ankara, Ankara,
Ankara Türkiye",description_3,48.42,14,5/10/2024 4:59,39.88429001,32.79584398
"1,867",7/3/2024 19:30:00,Ankara DMA 1-4,"Çiğdem, 1550/1. Cadde 2C, 06530Ankara, Ankara,
Ankara Türkiye",description_4,45.04,14,5/10/2024 4:59,39.88905796,32.79525397
"1,868",7/3/2024 19:30:00,Ankara DMA 1-5,"Çiğdem, 1589. Sokak 16, 06530Ankara, Ankara,
Ankara Türkiye",description_5,49.44,9,5/10/2024 4:59,39.88536496,32.79749503
"1,864",7/3/2024 19:40:00,Ankara DMA 1-1,"Çiğdem, 1575. Cadde 43A, 06530Ankara, Ankara,
Ankara Türkiye",description_1,42.65,20,5/10/2024 4:59,39.88765702,32.79979395
"1,865",7/3/2024 19:40:00,Ankara DMA 1-2,"Çiğdem, 1071 Malazgirt Bulvarı, 06530Ankara, Ankara,
Ankara Türkiye",description_2,43.64,9,5/10/2024 4:59,39.888736,32.799528
"1,866",7/3/2024 19:40:00,Ankara DMA 1-3,"Çiğdem, 1591. Sokak 11, 06530Ankara, Ankara,
Ankara Türkiye",description_3,34.43,14,5/10/2024 4:59,39.88429001,32.79584398
"1,867",7/3/2024 19:40:00,Ankara DMA 1-4,"Çiğdem, 1550/1. Cadde 2C, 06530Ankara, Ankara,
Ankara Türkiye",description_4,31.97,14,5/10/2024 4:59,39.88905796,32.79525397
"1,868",7/3/2024 19:40:00,Ankara DMA 1-5,"Çiğdem, 1589. Sokak 16, 06530Ankara, Ankara,
Ankara Türkiye",description_5,35.81,9,5/10/2024 4:59,39.88536496,32.79749503
"1,864",7/3/2024 19:50:00,Ankara DMA 1-1,"Çiğdem, 1575. Cadde 43A, 06530Ankara, Ankara,
Ankara Türkiye",description_1,39.36,20,5/10/2024 4:59,39.88765702,32.79979395
"1,865",7/3/2024 19:50:00,Ankara DMA 1-2,"Çiğdem, 1071 Malazgirt Bulvarı, 06530Ankara, Ankara,
Ankara Türkiye",description_2,38.19,9,5/10/2024 4:59,39.888736,32.799528
"1,866",7/3/2024 19:50:00,Ankara DMA 1-3,"Çiğdem, 1591. Sokak 11, 06530Ankara, Ankara,
Ankara Türkiye",description_3,39.87,14,5/10/2024 4:59,39.88429001,32.79584398
"1,867",7/3/2024 19:50:00,Ankara DMA 1-4,"Çiğdem, 1550/1. Cadde 2C, 06530Ankara, Ankara,
Ankara Türkiye",description_4,34.74,14,5/10/2024 4:59,39.88905796,32.79525397
"1,868",7/3/2024 19:50:00,Ankara DMA 1-5,"Çiğdem, 1589. Sokak 16, 06530Ankara, Ankara,
Ankara Türkiye",description_5,35.15,9,5/10/2024 4:59,39.88536496,32.79749503
"1,864",7/3/2024 20:00:00,Ankara DMA 1-1,"Çiğdem, 1575. Cadde 43A, 06530Ankara, Ankara,
Ankara Türkiye",description_1,40.79,20,5/10/2024 4:59,39.88765702,32.79979395
"1,865",7/3/2024 20:00:00,Ankara DMA 1-2,"Çiğdem, 1071 Malazgirt Bulvarı, 06530Ankara, Ankara,
Ankara Türkiye",description_2,43.55,9,5/10/2024 4:59,39.888736,32.799528
"1,866",7/3/2024 20:00:00,Ankara DMA 1-3,"Çiğdem, 1591. Sokak 11, 06530Ankara, Ankara,
Ankara Türkiye",description_3,34.05,14,5/10/2024 4:59,39.88429001,32.79584398
"1,867",7/3/2024 20:00:00,Ankara DMA 1-4,"Çiğdem, 1550/1. Cadde 2C, 06530Ankara, Ankara,
Ankara Türkiye",description_4,42.85,14,5/10/2024 4:59,39.88905796,32.79525397
"1,868",7/3/2024 20:00:00,Ankara DMA 1-5,"Çiğdem, 1589. Sokak 16, 06530Ankara, Ankara,
Ankara Türkiye",description_5,30.08,9,5/10/2024 4:59,39.88536496,32.79749503
"1,864",7/3/2024 20:10:00,Ankara DMA 1-1,"Çiğdem, 1575. Cadde 43A, 06530Ankara, Ankara,
Ankara Türkiye",description_1,40.55,20,5/10/2024 4:59,39.88765702,32.79979395
"1,865",7/3/2024 20:10:00,Ankara DMA 1-2,"Çiğdem, 1071 Malazgirt Bulvarı, 06530Ankara, Ankara,
Ankara Türkiye",description_2,33.47,9,5/10/2024 4:59,39.888736,32.799528
"1,866",7/3/2024 20:10:00,Ankara DMA 1-3,"Çiğdem, 1591. Sokak 11, 06530Ankara, Ankara,
Ankara Türkiye",description_3,46.61,14,5/10/2024 4:59,39.88429001,32.79584398
"1,867",7/3/2024 20:10:00,Ankara DMA 1-4,"Çiğdem, 1550/1. Cadde 2C, 06530Ankara, Ankara,
Ankara Türkiye",description_4,41.35,14,5/10/2024 4:59,39.88905796,32.79525397
"1,868",7/3/2024 20:10:00,Ankara DMA 1-5,"Çiğdem, 1589. Sokak 16, 06530Ankara, Ankara,
Ankara Türkiye",description_5,45.18,9,5/10/2024 4:59,39.88536496,32.79749503
"1,864",7/3/2024 20:20:00,Ankara DMA 1-1,"Çiğdem, 1575. Cadde 43A, 06530Ankara, Ankara,
Ankara Türkiye",description_1,33.55,20,5/10/2024 4:59,39.88765702,32.79979395
"1,865",7/3/2024 20:20:00,Ankara DMA 1-2,"Çiğdem, 1071 Malazgirt Bulvarı, 06530Ankara, Ankara,
Ankara Türkiye",description_2,42.4,9,5/10/2024 4:59,39.888736,32.799528
"1,866",7/3/2024 20:20:00,Ankara DMA 1-3,"Çiğdem, 1591. Sokak 11, 06530Ankara, Ankara,
Ankara Türkiye",description_3,35.82,14,5/10/2024 4:59,39.88429001,32.79584398
"1,867",7/3/2024 20:20:00,Ankara DMA 1-4,"Çiğdem, 1550/1. Cadde 2C, 06530Ankara, Ankara,
Ankara Türkiye",description_4,44.15,14,5/10/2024 4:59,39.88905796,32.79525397
"1,868",7/3/2024 20:20:00,Ankara DMA 1-5,"Çiğdem, 1589. Sokak 16, 06530Ankara, Ankara,
Ankara Türkiye",description_5,39.02,9,5/10/2024 4:59,39.88536496,32.79749503
"1,864",7/3/2024 20:30:00,Ankara DMA 1-1,"Çiğdem, 1575. Cadde 43A, 06530Ankara, Ankara,
Ankara Türkiye",description_1,37.53,20,5/10/2024 4:59,39.88765702,32.79979395
"1,865",7/3/2024 20:30:00,Ankara DMA 1-2,"Çiğdem, 1071 Malazgirt Bulvarı, 06530Ankara, Ankara,
Ankara Türkiye",description_2,46.83,9,5/10/2024 4:59,39.888736,32.799528
"1,866",7/3/2024 20:30:00,Ankara DMA 1-3,"Çiğdem, 1591. Sokak 11, 06530Ankara, Ankara,
Ankara Türkiye",description_3,30.22,14,5/10/2024 4:59,39.88429001,32.79584398
"1,867",7/3/2024 20:30:00,Ankara DMA 1-4,"Çiğdem, 1550/1. Cadde 2C, 06530Ankara, Ankara,
Ankara Türkiye",description_4,47.97,14,5/10/2024 4:59,39.88905796,32.79525397
"1,868",7/3/2024 20:30:00,Ankara DMA 1-5,"Çiğdem, 1589. Sokak 16, 06530Ankara, Ankara,
Ankara Türkiye",description_5,48.03,9,5/10/2024 4:59,39.88536496,32.79749503
"1,864",7/3/2024 20:40:00,Ankara DMA 1-1,"Çiğdem, 1575. Cadde 43A, 06530Ankara, Ankara,
Ankara Türkiye",description_1,33.89,20,5/10/2024 4:59,39.88765702,32.79979395
"1,865",7/3/2024 20:40:00,Ankara DMA 1-2,"Çiğdem, 1071 Malazgirt Bulvarı, 06530Ankara, Ankara,
Ankara Türkiye",description_2,45.02,9,5/10/2024 4:59,39.888736,32.799528
"1,866",7/3/2024 20:40:00,Ankara DMA 1-3,"Çiğdem, 1591. Sokak 11, 06530Ankara, Ankara,
Ankara Türkiye",description_3,44.24,14,5/10/2024 4:59,39.88429001,32.79584398
"1,867",7/3/2024 20:40:00,Ankara DMA 1-4,"Çiğdem, 1550/1. Cadde 2C, 06530Ankara, Ankara,
Ankara Türkiye",description_4,39.91,14,5/10/2024 4:59,39.88905796,32.79525397
"1,868",7/3/2024 20:40:00,Ankara DMA 1-5,"Çiğdem, 1589. Sokak 16, 06530Ankara, Ankara,
Ankara Türkiye",description_5,36.98,9,5/10/2024 4:59,39.88536496,32.79749503
"1,864",7/3/2024 20:50:00,Ankara DMA 1-1,"Çiğdem, 1575. Cadde 43A, 06530Ankara, Ankara,
Ankara Türkiye",description_1,30.38,20,5/10/2024 4:59,39.88765702,32.79979395
"1,865",7/3/2024 20:50:00,Ankara DMA 1-2,"Çiğdem, 1071 Malazgirt Bulvarı, 06530Ankara, Ankara,
Ankara Türkiye",description_2,39.58,9,5/10/2024 4:59,39.888736,32.799528
"1,866",7/3/2024 20:50:00,Ankara DMA 1-3,"Çiğdem, 1591. Sokak 11, 06530Ankara, Ankara,
Ankara Türkiye",description_3,35.69,14,5/10/2024 4:59,39.88429001,32.79584398
"1,867",7/3/2024 20:50:00,Ankara DMA 1-4,"Çiğdem, 1550/1. Cadde 2C, 06530Ankara, Ankara,
Ankara Türkiye",description_4,45.26,14,5/10/2024 4:59,39.88905796,32.79525397
"1,868",7/3/2024 20:50:00,Ankara DMA 1-5,"Çiğdem, 1589. Sokak 16, 06530Ankara, Ankara,
Ankara Türkiye",description_5,42.6,9,5/10/2024 4:59,39.88536496,32.79749503
"1,864",7/3/2024 21:00:00,Ankara DMA 1-1,"Çiğdem, 1575. Cadde 43A, 06530Ankara, Ankara,
Ankara Türkiye",description_1,45.7,20,5/10/2024 4:59,39.88765702,32.79979395
"1,865",7/3/2024 21:00:00,Ankara DMA 1-2,"Çiğdem, 1071 Malazgirt Bulvarı, 06530Ankara, Ankara,
Ankara Türkiye",description_2,39.04,9,5/10/2024 4:59,39.888736,32.799528
"1,866",7/3/2024 21:00:00,Ankara DMA 1-3,"Çiğdem, 1591. Sokak 11, 06530Ankara, Ankara,
Ankara Türkiye",description_3,31.36,14,5/10/2024 4:59,39.88429001,32.79584398
"1,867",7/3/2024 21:00:00,Ankara DMA 1-4,"Çiğdem, 1550/1. Cadde 2C, 06530Ankara, Ankara,
Ankara Türkiye",description_4,34.43,14,5/10/2024 4:59,39.88905796,32.79525397
"1,868",7/3/2024 21:00:00,Ankara DMA 1-5,"Çiğdem, 1589. Sokak 16, 06530Ankara, Ankara,
Ankara Türkiye",description_5,49.65,9,5/10/2024 4:59,39.88536496,32.79749503
"1,864",7/3/2024 21:10:00,Ankara DMA 1-1,"Çiğdem, 1575. Cadde 43A, 06530Ankara, Ankara,
Ankara Türkiye",description_1,45.93,20,5/10/2024 4:59,39.88765702,32.79979395
"1,865",7/3/2024 21:10:00,Ankara DMA 1-2,"Çiğdem, 1071 Malazgirt Bulvarı, 06530Ankara, Ankara,
Ankara Türkiye",description_2,32.95,9,5/10/2024 4:59,39.888736,32.799528
"1,866",7/3/2024 21:10:00,Ankara DMA 1-3,"Çiğdem, 1591. Sokak 11, 06530Ankara, Ankara,
Ankara Türkiye",description_3,36.76,14,5/10/2024 4:59,39.88429001,32.79584398
"1,867",7/3/2024 21:10:00,Ankara DMA 1-4,"Çiğdem, 1550/1. Cadde 2C, 06530Ankara, Ankara,
Ankara Türkiye",description_4,38.01,14,5/10/2024 4:59,39.88905796,32.79525397
"1,868",7/3/2024 21:10:00,Ankara DMA 1-5,"Çiğdem, 1589. Sokak 16, 06530Ankara, Ankara,
Ankara Türkiye",description_5,45.29,9,5/10/2024 4:59,39.88536496,32.79749503
"1,864",7/3/2024 21:20:00,Ankara DMA 1-1,"Çiğdem, 1575. Cadde 43A, 06530Ankara, Ankara,
Ankara Türkiye",description_1,37.98,20,5/10/2024 4:59,39.88765702,32.79979395
"1,865",7/3/2024 21:20:00,Ankara DMA 1-2,"Çiğdem, 1071 Malazgirt Bulvarı, 06530Ankara, Ankara,
Ankara Türkiye",description_2,38.23,9,5/10/2024 4:59,39.888736,32.799528
"1,866",7/3/2024 21:20:00,Ankara DMA 1-3,"Çiğdem, 1591. Sokak 11, 06530Ankara, Ankara,
Ankara Türkiye",description_3,48.3,14,5/10/2024 4:59,39.88429001,32.79584398
"1,867",7/3/2024 21:20:00,Ankara DMA 1-4,"Çiğdem, 1550/1. Cadde 2C, 06530Ankara, Ankara,
Ankara Türkiye",description_4,49.43,14,5/10/2024 4:59,39.88905796,32.79525397
"1,868",7/3/2024 21:20:00,Ankara DMA 1-5,"Çiğdem, 1589. Sokak 16, 06530Ankara, Ankara,
Ankara Türkiye",description_5,42.89,9,5/10/2024 4:59,39.88536496,32.79749503
"1,864",7/3/2024 21:30:00,Ankara DMA 1-1,"Çiğdem, 1575. Cadde 43A, 06530Ankara, Ankara,
Ankara Türkiye",description_1,43.81,20,5/10/2024 4:59,39.88765702,32.79979395
"1,865",7/3/2024 21:30:00,Ankara DMA 1-2,"Çiğdem, 1071 Malazgirt Bulvarı, 06530Ankara, Ankara,
Ankara Türkiye",description_2,38.79,9,5/10/2024 4:59,39.888736,32.799528
"1,866",7/3/2024 21:30:00,Ankara DMA 1-3,"Çiğdem, 1591. Sokak 11, 06530Ankara, Ankara,
Ankara Türkiye",description_3,44.05,14,5/10/2024 4:59,39.88429001,32.79584398
"1,867",7/3/2024 21:30:00,Ankara DMA 1-4,"Çiğdem, 1550/1. Cadde 2C, 06530Ankara, Ankara,
Ankara Türkiye",description_4,40.22,14,5/10/2024 4:59,39.88905796,32.79525397
"1,868",7/3/2024 21:30:00,Ankara DMA 1-5,"Çiğdem, 1589. Sokak 16, 06530Ankara, Ankara,
Ankara Türkiye",description_5,34.04,9,5/10/2024 4:59,39.88536496,32.79749503
"1,864",7/3/2024 21:40:00,Ankara DMA 1-1,"Çiğdem, 1575. Cadde 43A, 06530Ankara, Ankara,
Ankara Türkiye",description_1,31.72,20,5/10/2024 4:59,39.88765702,32.79979395
"1,865",7/3/2024 21:40:00,Ankara DMA 1-2,"Çiğdem, 1071 Malazgirt Bulvarı, 06530Ankara, Ankara,
Ankara Türkiye",description_2,37.64,9,5/10/2024 4:59,39.888736,32.799528
"1,866",7/3/2024 21:40:00,Ankara DMA 1-3,"Çiğdem, 1591. Sokak 11, 06530Ankara, Ankara,
Ankara Türkiye",description_3,33.87,14,5/10/2024 4:59,39.88429001,32.79584398
"1,867",7/3/2024 21:40:00,Ankara DMA 1-4,"Çiğdem, 1550/1. Cadde 2C, 06530Ankara, Ankara,
Ankara Türkiye",description_4,35.52,14,5/10/2024 4:59,39.88905796,32.79525397
"1,868",7/3/2024 21:40:00,Ankara DMA 1-5,"Çiğdem, 1589. Sokak 16, 06530Ankara, Ankara,
Ankara Türkiye",description_5,42.36,9,5/10/2024 4:59,39.88536496,32.79749503
"1,864",7/3/2024 21:50:00,Ankara DMA 1-1,"Çiğdem, 1575. Cadde 43A, 06530Ankara, Ankara,
Ankara Türkiye",description_1,39.75,20,5/10/2024 4:59,39.88765702,32.79979395
"1,865",7/3/2024 21:50:00,Ankara DMA 1-2,"Çiğdem, 1071 Malazgirt Bulvarı, 06530Ankara, Ankara,
Ankara Türkiye",description_2,36.95,9,5/10/2024 4:59,39.888736,32.799528
"1,866",7/3/2024 21:50:00,Ankara DMA 1-3,"Çiğdem, 1591. Sokak 11, 06530Ankara, Ankara,
Ankara Türkiye",description_3,32.77,14,5/10/2024 4:59,39.88429001,32.79584398
"1,867",7/3/2024 21:50:00,Ankara DMA 1-4,"Çiğdem, 1550/1. Cadde 2C, 06530Ankara, Ankara,
Ankara Türkiye",description_4,43.34,14,5/10/2024 4:59,39.88905796,32.79525397
"1,868",7/3/2024 21:50:00,Ankara DMA 1-5,"Çiğdem, 1589. Sokak 16, 06530Ankara, Ankara,
Ankara Türkiye",description_5,45.16,9,5/10/2024 4:59,39.88536496,32.79749503
"1,864",7/3/2024 22:00:00,Ankara DMA 1-1,"Çiğdem, 1575. Cadde 43A, 06530Ankara, Ankara,
Ankara Türkiye",description_1,41.3,20,5/10/2024 4:59,39.88765702,32.79979395
"1,865",7/3/2024 22:00:00,Ankara DMA 1-2,"Çiğdem, 1071 Malazgirt Bulvarı, 06530Ankara, Ankara,
Ankara Türkiye",description_2,42.99,9,5/10/2024 4:59,39.888736,32.799528
"1,866",7/3/2024 22:00:00,Ankara DMA 1-3,"Çiğdem, 1591. Sokak 11, 06530Ankara, Ankara,
Ankara Türkiye",description_3,38.96,14,5/10/2024 4:59,39.88429001,32.79584398
"1,867",7/3/2024 22:00:00,Ankara DMA 1-4,"Çiğdem, 1550/1. Cadde 2C, 06530Ankara, Ankara,
Ankara Türkiye",description_4,48.25,14,5/10/2024 4:59,39.88905796,32.79525397
"1,868",7/3/2024 22:00:00,Ankara DMA 1-5,"Çiğdem, 1589. Sokak 16, 06530Ankara, Ankara,
Ankara Türkiye",description_5,40.77,9,5/10/2024 4:59,39.88536496,32.79749503
"1,864",7/3/2024 22:10:00,Ankara DMA 1-1,"Çiğdem, 1575. Cadde 43A, 06530Ankara, Ankara,
Ankara Türkiye",description_1,46.98,20,5/10/2024 4:59,39.88765702,32.79979395
"1,865",7/3/2024 22:10:00,Ankara DMA 1-2,"Çiğdem, 1071 Malazgirt Bulvarı, 06530Ankara, Ankara,
Ankara Türkiye",description_2,49.33,9,5/10/2024 4:59,39.888736,32.799528
"1,866",7/3/2024 22:10:00,Ankara DMA 1-3,"Çiğdem, 1591. Sokak 11, 06530Ankara, Ankara,
Ankara Türkiye",description_3,31.14,14,5/10/2024 4:59,39.88429001,32.79584398
"1,867",7/3/2024 22:10:00,Ankara DMA 1-4,"Çiğdem, 1550/1. Cadde 2C, 06530Ankara, Ankara,
Ankara Türkiye",description_4,36.68,14,5/10/2024 4:59,39.88905796,32.79525397
"1,868",7/3/2024 22:10:00,Ankara DMA 1-5,"Çiğdem, 1589. Sokak 16, 06530Ankara, Ankara,
Ankara Türkiye",description_5,39.58,9,5/10/2024 4:59,39.88536496,32.79749503
"1,864",7/3/2024 22:20:00,Ankara DMA 1-1,"Çiğdem, 1575. Cadde 43A, 06530Ankara, Ankara,
Ankara Türkiye",description_1,33.17,20,5/10/2024 4:59,39.88765702,32.79979395
"1,865",7/3/2024 22:20:00,Ankara DMA 1-2,"Çiğdem, 1071 Malazgirt Bulvarı, 06530Ankara, Ankara,
Ankara Türkiye",description_2,43.68,9,5/10/2024 4:59,39.888736,32.799528
"1,866",7/3/2024 22:20:00,Ankara DMA 1-3,"Çiğdem, 1591. Sokak 11, 06530Ankara, Ankara,
Ankara Türkiye",description_3,33.3,14,5/10/2024 4:59,39.88429001,32.79584398
"1,867",7/3/2024 22:20:00,Ankara DMA 1-4,"Çiğdem, 1550/1. Cadde 2C, 06530Ankara, Ankara,
Ankara Türkiye",description_4,37.78,14,5/10/2024 4:59,39.88905796,32.79525397
"1,868",7/3/2024 22:20:00,Ankara DMA 1-5,"Çiğdem, 1589. Sokak 16, 06530Ankara, Ankara,
Ankara Türkiye",description_5,46.17,9,5/10/2024 4:59,39.88536496,32.79749503
"1,864",7/3/2024 22:30:00,Ankara DMA 1-1,"Çiğdem, 1575. Cadde 43A, 06530Ankara, Ankara,
Ankara Türkiye",description_1,46.02,20,5/10/2024 4:59,39.88765702,32.79979395
"1,865",7/3/2024 22:30:00,Ankara DMA 1-2,"Çiğdem, 1071 Malazgirt Bulvarı, 06530Ankara, Ankara,
Ankara Türkiye",description_2,30.76,9,5/10/2024 4:59,39.888736,32.799528
"1,866",7/3/2024 22:30:00,Ankara DMA 1-3,"Çiğdem, 1591. Sokak 11, 06530Ankara, Ankara,
Ankara Türkiye",description_3,40.46,14,5/10/2024 4:59,39.88429001,32.79584398
"1,867",7/3/2024 22:30:00,Ankara DMA 1-4,"Çiğdem, 1550/1. Cadde 2C, 06530Ankara, Ankara,
Ankara Türkiye",description_4,33.76,14,5/10/2024 4:59,39.88905796,32.79525397
"1,868",7/3/2024 22:30:00,Ankara DMA 1-5,"Çiğdem, 1589. Sokak 16, 06530Ankara, Ankara,
Ankara Türkiye",description_5,32.89,9,5/10/2024 4:59,39.88536496,32.79749503
"1,864",7/3/2024 22:40:00,Ankara DMA 1-1,"Çiğdem, 1575. Cadde 43A, 06530Ankara, Ankara,
Ankara Türkiye",description_1,46.25,20,5/10/2024 4:59,39.88765702,32.79979395
"1,865",7/3/2024 22:40:00,Ankara DMA 1-2,"Çiğdem, 1071 Malazgirt Bulvarı, 06530Ankara, Ankara,
Ankara Türkiye",description_2,33.28,9,5/10/2024 4:59,39.888736,32.799528
"1,866",7/3/2024 22:40:00,Ankara DMA 1-3,"Çiğdem, 1591. Sokak 11, 06530Ankara, Ankara,
Ankara Türkiye",description_3,33.49,14,5/10/2024 4:59,39.88429001,32.79584398
"1,867",7/3/2024 22:40:00,Ankara DMA 1-4,"Çiğdem, 1550/1. Cadde 2C, 06530Ankara, Ankara,
Ankara Türkiye",description_4,38.37,14,5/10/2024 4:59,39.88905796,32.79525397
"1,868",7/3/2024 22:40:00,Ankara DMA 1-5,"Çiğdem, 1589. Sokak 16, 06530Ankara, Ankara,
Ankara Türkiye",description_5,31.9,9,5/10/2024 4:59,39.88536496,32.79749503
"1,864",7/3/2024 22:50:00,Ankara DMA 1-1,"Çiğdem, 1575. Cadde 43A, 06530Ankara, Ankara,
Ankara Türkiye",description_1,41.53,20,5/10/2024 4:59,39.88765702,32.79979395
"1,865",7/3/2024 22:50:00,Ankara DMA 1-2,"Çiğdem, 1071 Malazgirt Bulvarı, 06530Ankara, Ankara,
Ankara Türkiye",description_2,41.67,9,5/10/2024 4:59,39.888736,32.799528
"1,866",7/3/2024 22:50:00,Ankara DMA 1-3,"Çiğdem, 1591. Sokak 11, 06530Ankara, Ankara,
Ankara Türkiye",description_3,40.89,14,5/10/2024 4:59,39.88429001,32.79584398
"1,867",7/3/2024 22:50:00,Ankara DMA 1-4,"Çiğdem, 1550/1. Cadde 2C, 06530Ankara, Ankara,
Ankara Türkiye",description_4,47.14,14,5/10/2024 4:59,39.88905796,32.79525397
"1,868",7/3/2024 22:50:00,Ankara DMA 1-5,"Çiğdem, 1589. Sokak 16, 06530Ankara, Ankara,
Ankara Türkiye",description_5,46.48,9,5/10/2024 4:59,39.88536496,32.79749503
"1,864",7/3/2024 23:00:00,Ankara DMA 1-1,"Çiğdem, 1575. Cadde 43A, 06530Ankara, Ankara,
Ankara Türkiye",description_1,46.33,20,5/10/2024 4:59,39.88765702,32.79979395
"1,865",7/3/2024 23:00:00,Ankara DMA 1-2,"Çiğdem, 1071 Malazgirt Bulvarı, 06530Ankara, Ankara,
Ankara Türkiye",description_2,33.78,9,5/10/2024 4:59,39.888736,32.799528
"1,866",7/3/2024 23:00:00,Ankara DMA 1-3,"Çiğdem, 1591. Sokak 11, 06530Ankara, Ankara,
Ankara Türkiye",description_3,30.12,14,5/10/2024 4:59,39.88429001,32.79584398
"1,867",7/3/2024 23:00:00,Ankara DMA 1-4,"Çiğdem, 1550/1. Cadde 2C, 06530Ankara, Ankara,
Ankara Türkiye",description_4,39.06,14,5/10/2024 4:59,39.88905796,32.79525397
"1,868",7/3/2024 23:00:00,Ankara DMA 1-5,"Çiğdem, 1589. Sokak 16, 06530Ankara, Ankara,
Ankara Türkiye",description_5,38.3,9,5/10/2024 4:59,39.88536496,32.79749503
"1,864",7/3/2024 23:10:00,Ankara DMA 1-1,"Çiğdem, 1575. Cadde 43A, 06530Ankara, Ankara,
Ankara Türkiye",description_1,34.34,20,5/10/2024 4:59,39.88765702,32.79979395
"1,865",7/3/2024 23:10:00,Ankara DMA 1-2,"Çiğdem, 1071 Malazgirt Bulvarı, 06530Ankara, Ankara,
Ankara Türkiye",description_2,48.62,9,5/10/2024 4:59,39.888736,32.799528
"1,866",7/3/2024 23:10:00,Ankara DMA 1-3,"Çiğdem, 1591. Sokak 11, 06530Ankara, Ankara,
Ankara Türkiye",description_3,36.21,14,5/10/2024 4:59,39.88429001,32.79584398
"1,867",7/3/2024 23:10:00,Ankara DMA 1-4,"Çiğdem, 1550/1. Cadde 2C, 06530Ankara, Ankara,
Ankara Türkiye",description_4,43.93,14,5/10/2024 4:59,39.88905796,32.79525397
"1,868",7/3/2024 23:10:00,Ankara DMA 1-5,"Çiğdem, 1589. Sokak 16, 06530Ankara, Ankara,
Ankara Türkiye",description_5,37.65,9,5/10/2024 4:59,39.88536496,32.79749503
"1,864",7/3/2024 23:20:00,Ankara DMA 1-1,"Çiğdem, 1575. Cadde 43A, 06530Ankara, Ankara,
Ankara Türkiye",description_1,46.31,20,5/10/2024 4:59,39.88765702,32.79979395
"1,865",7/3/2024 23:20:00,Ankara DMA 1-2,"Çiğdem, 1071 Malazgirt Bulvarı, 06530Ankara, Ankara,
Ankara Türkiye",description_2,41.34,9,5/10/2024 4:59,39.888736,32.799528
"1,866",7/3/2024 23:20:00,Ankara DMA 1-3,"Çiğdem, 1591. Sokak 11, 06530Ankara, Ankara,
Ankara Türkiye",description_3,40.66,14,5/10/2024 4:59,39.88429001,32.79584398
"1,867",7/3/2024 23:20:00,Ankara DMA 1-4,"Çiğdem, 1550/1. Cadde 2C, 06530Ankara, Ankara,
Ankara Türkiye",description_4,38.86,14,5/10/2024 4:59,39.88905796,32.79525397
"1,868",7/3/2024 23:20:00,Ankara DMA 1-5,"Çiğdem, 1589. Sokak 16, 06530Ankara, Ankara,
Ankara Türkiye",description_5,49.28,9,5/10/2024 4:59,39.88536496,32.79749503
"1,864",7/3/2024 23:30:00,Ankara DMA 1-1,"Çiğdem, 1575. Cadde 43A, 06530Ankara, Ankara,
Ankara Türkiye",description_1,41.05,20,5/10/2024 4:59,39.88765702,32.79979395
"1,865",7/3/2024 23:30:00,Ankara DMA 1-2,"Çiğdem, 1071 Malazgirt Bulvarı, 06530Ankara, Ankara,
Ankara Türkiye",description_2,32.73,9,5/10/2024 4:59,39.888736,32.799528
"1,866",7/3/2024 23:30:00,Ankara DMA 1-3,"Çiğdem, 1591. Sokak 11, 06530Ankara, Ankara,
Ankara Türkiye",description_3,35.63,14,5/10/2024 4:59,39.88429001,32.79584398
"1,867",7/3/2024 23:30:00,Ankara DMA 1-4,"Çiğdem, 1550/1. Cadde 2C, 06530Ankara, Ankara,
Ankara Türkiye",description_4,41.9,14,5/10/2024 4:59,39.88905796,32.79525397
"1,868",7/3/2024 23:30:00,Ankara DMA 1-5,"Çiğdem, 1589. Sokak 16, 06530Ankara, Ankara,
Ankara Türkiye",description_5,46.02,9,5/10/2024 4:59,39.88536496,32.79749503
"1,864",7/3/2024 23:40:00,Ankara DMA 1-1,"Çiğdem, 1575. Cadde 43A, 06530Ankara, Ankara,
Ankara Türkiye",description_1,49.31,20,5/10/2024 4:59,39.88765702,32.79979395
"1,865",7/3/2024 23:40:00,Ankara DMA 1-2,"Çiğdem, 1071 Malazgirt Bulvarı, 06530Ankara, Ankara,
Ankara Türkiye",description_2,30.89,9,5/10/2024 4:59,39.888736,32.799528
"1,866",7/3/2024 23:40:00,Ankara DMA 1-3,"Çiğdem, 1591. Sokak 11, 06530Ankara, Ankara,
Ankara Türkiye",description_3,45.83,14,5/10/2024 4:59,39.88429001,32.79584398
"1,867",7/3/2024 23:40:00,Ankara DMA 1-4,"Çiğdem, 1550/1. Cadde 2C, 06530Ankara, Ankara,
Ankara Türkiye",description_4,42.52,14,5/10/2024 4:59,39.88905796,32.79525397
"1,868",7/3/2024 23:40:00,Ankara DMA 1-5,"Çiğdem, 1589. Sokak 16, 06530Ankara, Ankara,
Ankara Türkiye",description_5,33.42,9,5/10/2024 4:59,39.88536496,32.79749503
"1,864",7/3/2024 23:50:00,Ankara DMA 1-1,"Çiğdem, 1575. Cadde 43A, 06530Ankara, Ankara,
Ankara Türkiye",description_1,39.54,20,5/10/2024 4:59,39.88765702,32.79979395
"1,865",7/3/2024 23:50:00,Ankara DMA 1-2,"Çiğdem, 1071 Malazgirt Bulvarı, 06530Ankara, Ankara,
Ankara Türkiye",description_2,45.64,9,5/10/2024 4:59,39.888736,32.799528
"1,866",7/3/2024 23:50:00,Ankara DMA 1-3,"Çiğdem, 1591. Sokak 11, 06530Ankara, Ankara,
Ankara Türkiye",description_3,36.82,14,5/10/2024 4:59,39.88429001,32.79584398
"1,867",7/3/2024 23:50:00,Ankara DMA 1-4,"Çiğdem, 1550/1. Cadde 2C, 06530Ankara, Ankara,
Ankara Türkiye",description_4,31.2,14,5/10/2024 4:59,39.88905796,32.79525397
"1,868",7/3/2024 23:50:00,Ankara DMA 1-5,"Çiğdem, 1589. Sokak 16, 06530Ankara, Ankara,
Ankara Türkiye",description_5,38.03,9,5/10/2024 4:59,39.88536496,32.79749503
